pub,year,volume,issue_date,basis,parser,parser_method,ocr300,image,first_eli,n_acts,n_brak,quote
DU,1919,1,1919-01-03,parser+ocr300,1919-01-03,text50:dp_warszawa,1919-01-03,,DU/1919/77,5,5,LSKIEGO. WARSZAWA Treść: 3 stycznia 1919
DU,1919,2,1919-01-07,parser+ocr300,1919-01-07,ocr50:warszawa_nr,1919-01-07,numer/przedruk inny,DU/1919/82,1,1,LSKIEGO. WARSZAWA. No 2. 7 stycznia 1919
DU,1919,3,1919-01-08,obraz+parser,1919-01-08,text50:dp_warszawa,1919-01-08,1919-01-08,DU/1919/83,6,5,PAŃSTW A WARSZAWA. Treść : POLSKIEGO. ~ 3. 8 stycznia 1919
DU,1919,4,1919-01-10,parser+ocr300,1919-01-10,text50:dp_warszawa,1919-01-10,,DU/1919/89,1,1,LSKIEGO. WARSZAWA. Treść. li! 4. 10 stycznia 1919
DU,1919,5,1919-01-13,parser+ocr300,1919-01-13,text50:dp_warszawa,1919-01-13,,DU/1919/90,11,10,LSKIEGO. WARSZAWA. Treść. 13 stycznia 1919
DU,1919,6,1919-01-15,parser+ocr300,1919-01-15,text50:dp_warszawa,1919-01-15,,DU/1919/101,3,3,LSKIEGO. WARSZAWA. Treść: 15 stycznia 1919
DU,1919,7,1919-01-18,parser+ocr300,1919-01-18,ocr50:warszawa_nr,1919-01-18,numer/przedruk inny,DU/1919/104,10,10,"SKIEGO. ""WARSZAWA. No 7 18 stycznia 1919"
DU,1919,8,1919-01-25,parser+ocr300,1919-01-25,text50:dp_warszawa,1919-01-25,,DU/1919/114,7,6,LSKIEGO. WAR S ZAWA. ~ 8. 25 stycznia 1919
DU,1919,9,1919-01-29,parser+ocr300,1919-01-29,ocr50:warszawa_nr,1919-01-29,numer/przedruk inny,DU/1919/121,3,3,OLSKIEGO. WARSZAWA No 9. 29 stycznia 1919
DU,1919,10,1919-01-13,parser+ocr300,1919-01-13,ocr50:warszawa_nr,1919-01-13,numer/przedruk inny,DU/1919/124,3,3,OLSKIEGO. WARSZAWA. Je 10. 13 stycznia 1919
DU,1919,11,1919-02-04,parser+ocr300,1919-02-04,ocr50:warszawa_nr,1919-02-04,,DU/1919/127,4,4,LSKIEGO. WARSZAWA No 11. 4 lutego 1919
DU,1919,12,,jeden odczyt (do obrazu),1919-02-06,text50:dp_warszawa,,numer/przedruk inny,DU/1919/131,6,6,OLSKIEGO. WARSZAWA. Treść : NQ 12. 6 lutego 1919
DU,1919,13,1919-02-07,parser+ocr300,1919-02-07,text50:dp_warszawa,1919-02-07,,DU/1919/137,8,7,PA ~STWA WARSZAWA. Treśc . POLSKIEGO . J'e 13. 7 lutego 1919
DU,1919,14,,bez odczytu (do obrazu),,none,,brak winiety na s. 1,DU/1919/145,54,54,
DU,1919,15,,bez odczytu (do obrazu),,none,,brak winiety na s. 1,DU/1919/199,18,18,
DU,1919,16,1919-02-08,parser+ocr300,1919-02-08,text50:dp_warszawa,1919-02-08,,DU/1919/217,3,3,SKIEGO . W ARSZ AWA. Treść . . ]f 16. 8 lutego 1919
DU,1919,17,1919-02-08,parser+ocr300,1919-02-08,text50:dp_warszawa,1919-02-08,,DU/1919/220,5,5,LSKIEGO. WARSZAWA. Treść . NQ 17. 8 lutego 1919
DU,1919,18,1919-02-08,parser+ocr300,1919-02-08,ocr50:dp_warszawa,1919-02-08,,DU/1919/225,1,1,OLSKIEGO. WARSZAWA. M 15. 8 lutego 1919
DU,1919,19,1919-02-27,parser+ocr300,1919-02-27,ocr50:warszawa_nr,1919-02-27,,DU/1919/226,3,3,OLSKIEGO. WARSZAWA. No 19. 27 lutego 1919
DU,1919,20,,bez odczytu (do obrazu),,none,,,DU/1919/229,3,3,
DU,1919,21,1919-03-07,obraz+parser,1919-03-07,text50:dp_warszawa,,1919-03-07,DU/1919/232,2,2,LSKIEGO. WARSZAW A . Treść . 23 2. 233. M 21. 7 marca 1919
DU,1919,22,1919-03-08,obraz+parser,1919-03-08,ocr50:warszawa_nr,1919-03-08,1919-03-08,DU/1919/234,1,1,LSKIEGO. WARSZAWA No 99. 8 marca 1919
DU,1919,23,1919-03-11,parser+ocr300,1919-03-11,text50:dp_warszawa,1919-03-11,,DU/1919/235,2,2,GO. I ! WARSZAWA. Treść. ~ i' ~ 23. 11 marca 1919
DU,1919,24,1919-03-12,parser+ocr300,1919-03-12,text50:dp_warszawa,1919-03-12,,DU/1919/237,4,4,SKIEGO . WARSZAWA. Treśc . N! 24. 12 marca 1919
DU,1919,25,1919-03-20,parser+ocr300,1919-03-20,text50:dp_warszawa,1919-03-20,,DU/1919/241,2,2,LSKIEGO. WARSZAWA . .N~ 25. - - - - -- -----20 marca 1919
DU,1919,26,1919-03-22,obraz+parser,1919-03-22,ocr50:warszawa_nr,,1919-03-22,DU/1919/243,2,2,LSKIEGO. WARSZAWA. No 26. 22 marca 1919
DU,1919,27,1919-03-29,parser+ocr300,1919-03-29,text50:warszawa_nr,1919-03-29,,DU/1919/245,4,4,LSKIEGO. WARSZAWA. J~ 27. 29 marca 1919
DU,1919,28,1919-04-02,parser+ocr300,1919-04-02,ocr50:dp_warszawa,1919-04-02,,DU/1919/249,2,2,LSKIEGO. WARSZAWA J 28. 2 kwietnia 1919
DU,1919,29,1919-04-03,parser+ocr300,1919-04-03,ocr50:warszawa_nr,1919-04-03,,DU/1919/251,2,2,LSKIEGO. WARSZAWA. JW 20. 3 kwietnia 1919
DU,1919,30,,bez odczytu (do obrazu),,none,,,DU/1919/253,7,7,
DU,1919,31,1919-04-12,parser+ocr300,1919-04-12,text50:dp_warszawa,1919-04-12,,DU/1919/260,4,4,LSXIEGO. WARSZAWA. Treść. eJ ')1 • t! u 12 kwietnia 1919
DU,1919,32,1919-04-17,parser+ocr300,1919-04-17,text50:dp_warszawa,1919-04-17,,DU/1919/264,6,6,LSKIEGO. WARSZAWA. Treść. J~ 32. 17 kwietnia 1919
DU,1919,33,1919-04-24,parser+ocr300,1919-04-24,text50:dp_warszawa,1919-04-24,,DU/1919/270,1,1,LSKIEGO. WARSZAWA. Treść . ~ 33. 24 kwietnia 1919
DU,1919,34,1919-04-25,parser+ocr300,1919-04-25,text50:dp_warszawa,1919-04-25,,DU/1919/271,5,5,LSKIEGO. WARSZAWA. Treść. ~ 34. 25 kwietnia 1919
DU,1919,35,1919-04-25,parser+ocr300,1919-04-25,text50:dp_warszawa,1919-04-25,,DU/1919/276,1,1,LSKIEGO. WARSZAWA. ]f 35. 25 kwietnia 1919
DU,1919,37,1919-04-30,parser+ocr300,1919-04-30,text50:dp_warszawa,1919-04-30,,DU/1919/278,3,3,LSKIEGO. WAR SZAWA. J~ 37. 30 kwietnia 1919
DU,1919,38,1919-04-30,parser+ocr300,1919-04-30,ocr50:dp_warszawa,1919-04-30,,DU/1919/281,1,1,LSKIEGO. WARSZAWA LO Sh . 30 kwietnia 1919
DU,1919,39,,bez odczytu (do obrazu),,none,,brak winiety na s. 1,DU/1919/282,12,12,
DU,1919,40,1919-05-15,parser+ocr300,1919-05-15,text50:dp_warszawa,1919-05-15,,DU/1919/294,2,2, PAŃSTWA WARSZAWA. Treść . ~ POLSK IEGO . 40. 15 maja 1919
DU,1919,41,,bez odczytu (do obrazu),,none,,,DU/1919/296,6,6,
DU,1919,42,1919-05-23,parser+ocr300,1919-05-23,text50:warszawa_nr,1919-05-23,,DU/1919/302,4,4,LSKIEGO. WARSZAWA. ~N? 42. 23 maja 1919
DU,1919,43,1919-05-31,parser+ocr300,1919-05-31,text50:dp_warszawa,1919-05-31,,DU/1919/306,4,4,LSKIEGO. WARSZAWA. Treśt. ~ 43. 31 maja 1919
DU,1919,44,1919-06-06,parser+ocr300,1919-06-06,ocr50:warszawa_nr,1919-06-06,,DU/1919/310,7,7,LSKIEGO. WARSZAWA. Jo 44 6 czerwca 1919
DU,1919,45,1919-06-12,parser+ocr300,1919-06-12,ocr50:dp_warszawa,1919-06-12,,DU/1919/317,3,3,SKIEGO.. WARSZAWA. MN 45. 12 czerwca 1919
DU,1919,46,1919-06-14,parser+ocr300,1919-06-14,text50:dp_warszawa,1919-06-14,,DU/1919/320,2,2, PAŃSTWA WARSZAWA. T reś ć..320. 321. POLSKIEGO . ~ 46. 14 czerwca 1919
DU,1919,47,1919-06-16,parser+ocr300,1919-06-16,text50:dp_warszawa,1919-06-16,,DU/1919/322,1,1,LSKIEGO. WARSZAWA . Ji! 47. 16 czerwca 1919
DU,1919,48,1919-06-18,obraz+parser,1919-06-18,text50:dp_warszawa,,1919-06-18,DU/1919/323,1,1,LSKIEGO. WARSZAWA. Tre ść. Je 48. 18 czerwca 1919
DU,1919,49,1919-06-21,parser+ocr300,1919-06-21,text50:dp_warszawa,1919-06-21,,DU/1919/324,1,1,LSKIEGO. WARSZAWA. Treść. ~ 49. 21 czerwca 1919
DU,1919,50,1919-06-25,parser+ocr300,1919-06-25,text50:dp_warszawa,1919-06-25,,DU/1919/325,7,6,LSKIEGO. WARSZAWA. ~ 50. 25 czerwca 1919
DU,1919,51,1919-06-28,parser+ocr300,1919-06-28,text50:dp_warszawa,1919-06-28,,DU/1919/332,3,3,LSKIEGO. WAR SZAWA. ]f 51. 28 czerwca 1919
DU,1919,53,1919-07-01,parser+ocr300,1919-07-01,ocr50:warszawa_nr,1919-07-01,,DU/1919/336,3,3,LSKIEGG. WARSZAWA. No 53. 1 lipca 1919
DU,1919,54,1919-07-05,parser+ocr300,1919-07-05,ocr50:dp_warszawa,1919-07-05,,DU/1919/339,2,2,"LSKIEGO. WARSZAWA. | 54, 5 lipca 1919"
DU,1919,55,1919-07-08,parser+ocr300,1919-07-08,ocr50:warszawa_nr,1919-07-08,,DU/1919/341,1,1,OLSKIEGO WARSZAWA. JM 55. 8 lipca 1919
DU,1919,56,1919-07-14,parser+ocr300,1919-07-14,text50:dp_warszawa,1919-07-14,,DU/1919/342,3,3,LSKIEGO. WARSZAWA. Tre ść. 342. Rozporządzenie N256. 14 lipca 1919
DU,1919,57,1919-07-18,parser+ocr300,1919-07-18,ocr50:warszawa_nr,1919-07-18,,DU/1919/345,6,6,LSKIEGO. WARSZAWA. No 57. 18 lipca 1919
DU,1919,58,1919-07-22,parser+ocr300,1919-07-22,text50:dp_warszawa,1919-07-22,,DU/1919/351,4,4, PAŃSTWA WARSZAWA. POLSKIEGO. NQ 58. 22 lipca 1919
DU,1919,59,,bez odczytu (do obrazu),,none,,,DU/1919/355,7,7,
DU,1919,60,1919-07-28,parser+ocr300,1919-07-28,ocr50:warszawa_nr,1919-07-28,,DU/1919/362,1,1,LSKIEGO. WARSZAWA. No 60. 28 lipca 1919
DU,1919,61,1919-08-01,parser+ocr300,1919-08-01,text50:dp_warszawa,1919-08-01,,DU/1919/363,4,4,LSKIEGO. WARSZAWA. N261. Treść. 363. Ustawa o policji państwowej. 1 sierpnia 1919
DU,1919,62,1919-08-02,parser+ocr300,1919-08-02,text50:dp_warszawa,1919-08-02,,DU/1919/367,1,1,OLSKIEGO W AR SZA W A. Treść: NQ 62. 2 sierpnia 1919
DU,1919,63,,bez odczytu (do obrazu),,none,,brak winiety na s. 1,DU/1919/368,13,13,
DU,1919,64,1919-08-12,parser+ocr300,1919-08-12,ocr50:warszawa_nr,1919-08-12,,DU/1919/381,6,6,LSKIEGO. WARSZAWA. No 64. 12 sierpnia 1919
DU,1919,65,,bez odczytu (do obrazu),,none,,brak winiety na s. 1,DU/1919/387,13,13,
DU,1919,67,,bez odczytu (do obrazu),,none,,brak winiety na s. 1,DU/1919/401,13,12,
DU,1919,68,1919-08-25,parser+ocr300,1919-08-25,text50:dp_warszawa,1919-08-25,,DU/1919/414,2,2,POLSKIEJ. WARSZAWA. Treść : NQ 68. 25 sierpnia 1919
DU,1919,69,1919-08-28,parser+ocr300,1919-08-28,text50:dp_warszawa,1919-08-28,,DU/1919/416,1,1,OLSKIEJ. 'WARSZAWA. Treść: NQ 69. 28 sierpnia 1919
DU,1919,70,1919-08-30,parser+ocr300,1919-08-30,text50:warszawa_nr,1919-08-30,,DU/1919/417,3,3,OLSKIFJJ. WARSZAWA . N970. 30 sierpnia 1919
DU,1919,71,1919-09-01,parser+ocr300,1919-09-01,text50:dp_warszawa,1919-09-01,,DU/1919/420,3,3,POLSKIEJ. WARSZAWA. Tr8ŚĆ~ N271. 1 września 1919
DU,1919,72,1919-09-05,parser+ocr300,1919-09-05,ocr50:warszawa_nr,1919-09-05,,DU/1919/423,5,5,"POLSKIE. WARSZAWA. , No 72. 5 września 1919"
DU,1919,73,1919-09-05,parser+ocr300,1919-09-05,text50:dp_warszawa,1919-09-05,,DU/1919/428,1,1,POLSKIEJ. WARSZAWA. Tre ść: N273. . 5 września 1919
DU,1919,74,,bez odczytu (do obrazu),,none,,,DU/1919/429,4,4,
DU,1919,75,1919-09-12,parser+ocr300,1919-09-12,ocr50:dp_warszawa,1919-09-12,,DU/1919/433,3,3,POLSKIKe WARSZAWA. No 75. | | 12 września 1919
DU,1919,76,1919-09-13,obraz+parser (trzeci odczyt inny),1919-09-13,ocr50:dp_warszawa,1919-09-18,1919-09-13,DU/1919/436,3,3,POLSKIEJ WARSZAWA. - No 76. E 13 września 1919
DU,1919,77,1919-09-16,obraz+parser,1919-09-16,ocr50:warszawa_nr,1919-09-16,1919-09-16,DU/1919/439,2,2,OLSKIEJ. WARSZAWA. No 17. 16 września 1919
DU,1919,78,1919-09-25,parser+ocr300,1919-09-25,ocr50:warszawa_nr,1919-09-25,,DU/1919/441,2,2,"OLSKIEJ. WARSZAWA. , No 78. 25 września 1919"
DU,1919,79,1919-09-29,parser+ocr300,1919-09-29,text50:dp_warszawa,1919-09-29,,DU/1919/443,2,2,SKJF.~T 'WARS ZAWA. Treść: NQ 79. 29 września 1919
DU,1919,80,1919-10-02,obraz+parser,1919-10-02,ocr50:warszawa_nr,,1919-10-02,DU/1919/445,1,1,OLSKIEJ. WARSZAWA | No 80). 2 października 1919
DU,1919,81,1919-10-04,parser+ocr300,1919-10-04,text50:dp_warszawa,1919-10-04,,DU/1919/446,1,1,POLSKIEJ. WARSZAWA ;'rcś ć: 446 . N2 81. 4 października 1919
DU,1919,82,1919-10-15,parser+ocr300,1919-10-15,text50:dp_warszawa,1919-10-15,,DU/1919/447,5,5,OLlrr]D~J WARSZAWA M 82. POLSKIEJ. 15 października 1919
DU,1919,83,,bez odczytu (do obrazu),,none,,,DU/1919/453,10,10,
DU,1919,84,1919-11-10,parser+ocr300,1919-11-10,text50:dp_warszawa,1919-11-10,,DU/1919/463,1,1,POLSKIF~. WARSZAWA Treść: 463. NQ 84. 10 listopada 1919
DU,1919,85,1919-11-15,parser+ocr300,1919-11-15,ocr50:warszawa_nr,1919-11-15,,DU/1919/464,3,3,OLSKIEJ. WARSZAWA. No 85. 15 listopada 1919
DU,1919,86,1919-11-17,parser+ocr300,1919-11-17,text50:dp_warszawa,1919-11-17,,DU/1919/467,5,5, 1 91 9~ WARSZAWA Trdć; 467. NQ 86. 17 listopada 1919
DU,1919,87,1919-11-21,parser+ocr300,1919-11-21,text50:dp_warszawa,1919-11-21,,DU/1919/472,6,6,POLSKTF.7 W ARSZA W A T reść: 472. J\[Q 87. 21 listopada 1919
DU,1919,88,1919-11-28,parser+ocr300,1919-11-28,text50:dp_warszawa,1919-11-28,,DU/1919/478,5,5,OSPOLITEJ WARSZ AWA Treść: NQ 88. POLSKIEJ. 28 listopada 1919
DU,1919,89,1919-12-01,parser+ocr300,1919-12-01,text50:warszawa_nr,1919-12-01,,DU/1919/483,5,4,OLSKIEJ. WARSZAWA. NQ 89. 1 grudnia 1919
DU,1919,90,1919-12-01,parser+ocr300,1919-12-01,ocr50:warszawa_nr,1919-12-01,,DU/1919/488,4,4,POLSKIEJ WARSZAWA. No 90. 1 grudnia 1919
DU,1919,91,1919-12-09,parser+ocr300,1919-12-09,text50:dp_warszawa,1919-12-09,,DU/1919/492,6,6, POL8KI~J WARS ZAWA. .9 grudnia 1919
DU,1919,92,1919-12-11,obraz+parser,1919-12-11,text50:dp_warszawa,1919-12-11,1919-12-11,DU/1919/498,5,5,OLSKIEJ. WARSZAWA. Treść: N9 92. 11 grudnia 1919
DU,1919,93,1919-09-29,parser+ocr300,1919-09-29,ocr:warszawa,1919-09-29,brak winiety na s. 1,DU/1919/452,3,3,"919 r. - Warszawa, dnia 29 września 1919"
DU,1919,94,1919-12-19,parser+ocr300,1919-12-19,ocr50:warszawa_nr,1919-12-19,,DU/1919/505,5,5,OLSKIEJ. WARSZAWA. No 94. 19 grudnia 1919
DU,1919,95,1919-12-22,parser+ocr300,1919-12-22,ocr50:warszawa_nr,1919-12-22,,DU/1919/510,3,3,OLSKIEJ. WARSZAWA. No 95. 22 grudnia 1919
DU,1919,96,1919-12-24,parser+ocr300,1919-12-24,ocr50:warszawa_nr,1919-12-24,,DU/1919/513,1,1,OLSKIEJ. WARSZAWA. No 96. 24 grudnia 1919
DU,1919,97,1919-12-30,parser+ocr300,1919-12-30,text50:dp_warszawa,1919-12-30,,DU/1919/514,2,2,R. 1919. WARSZAWA. Treść. N297. 30 grudnia 1919
DU,1919,98,,bez odczytu (do obrazu),,none,,,DU/1919/516,8,8,
DU,1920,1,1920-01-03,parser+ocr300,1920-01-03,ocr50:warszawa_nr,1920-01-03,,DU/1920/1,1,1,POLSKIEJ WARSZAWA. No 1. 3 stycznia 1920
DU,1920,2,1920-01-09,parser+ocr300,1920-01-09,text50:dp_warszawa,1920-01-09,,DU/1920/2,11,11,POLITE~T WARSZAWA. Treść: POLSKIFJJ. 9 stycznia 1920
DU,1920,3,1920-01-17,parser+ocr300,1920-01-17,text50:dp_warszawa,1920-01-17,,DU/1920/13,5,5,"i' ""l{"" WARSZAWA. Treść: 17 stycznia 1920"
DU,1920,4,,bez odczytu (do obrazu),,none,,,DU/1920/18,5,5,
DU,1920,5,1920-01-24,parser+ocr300,1920-01-24,text50:dp_warszawa,1920-01-24,,DU/1920/23,16,16,POLSKIRJ. WARSZAWA. Treść: NQ 5. 24 stycznia 1920
DU,1920,6,1920-01-29,parser+ocr300,1920-01-29,ocr50:warszawa_nr,1920-01-29,,DU/1920/39,5,5,OLSKIEJ. WARSZAWA. No 6. 29 stycznia 1920
DU,1920,7,1920-01-31,parser+ocr300,1920-01-31,ocr50:warszawa_nr,1920-01-31,,DU/1920/44,9,9,POLSKIEJ WARSZAWA. No 7. 31 stycznia 1920
DU,1920,8,1920-01-31,parser+ocr300,1920-01-31,text50:dp_warszawa,1920-01-31,,DU/1920/53,1,1,OLSKIEJ. WARSZAWA. Treść: 31 stycznia 1920
DU,1920,9,1920-02-01,parser+ocr300,1920-02-01,ocr50:warszawa_nr,1920-02-01,,DU/1920/54,1,1,OLSKIEJ. WARSZAWA. * No 9. 1 lutego 1920
DU,1920,10,1920-02-06,obraz+parser,1920-02-06,ocr50:warszawa_nr,,1920-02-06,DU/1920/55,5,4,POLSKIEJ WARSZAWA. No 10. 6 lutego 1920
DU,1920,12,1920-02-13,parser+ocr300,1920-02-13,text50:dp_warszawa,1920-02-13,,DU/1920/67,1,1,OLSKTE:T. WARSZAWA. Treść: NQ 12. 13 lutego 1920
DU,1920,13,1920-02-14,obraz+ocr300 (trzeci odczyt inny),1920-02-04,text50:dp_warszawa,1920-02-14,1920-02-14,DU/1920/68,7,7, POLSKJEJ WARSZAWA. N2 13. 14 lntego 1920. Tre'ść: 68 . Ustawa z d nia 4 lutego 1920
DU,1920,14,1920-02-21,parser+ocr300,1920-02-21,text50:dp_warszawa,1920-02-21,,DU/1920/75,5,5,"R. 1920. WARSZAWA. Treść: 75. NQ 14. , 21 lutego 1920"
DU,1920,15,1920-02-23,obraz+ocr300 (trzeci odczyt inny),1920-02-28,ocr50:warszawa_nr,1920-02-23,1920-02-23,DU/1920/80,2,2,POLSKTEJ WARSZAWA. No 15. 28 lutego 1920
DU,1920,16,1920-02-23,parser+ocr300,1920-02-23,text50:warszawa_nr,1920-02-23,,DU/1920/82,2,2,POLSKIEJ. WARSZAWA. NQ 16. 23 lutego 1920
DU,1920,17,1920-02-25,parser+ocr300,1920-02-25,text50:warszawa_nr,1920-02-25,,DU/1920/84,4,4,. - 'II WARSZAWA. NQ 17. 25 lutego 1920
DU,1920,18,1920-02-29,parser+ocr300,1920-02-29,text50:dp_warszawa,1920-02-29,,DU/1920/88,2,2,"JPOLSKIEJ WARSZAWA. 'Treść: , NQ 18. 29 lutego 1920"
DU,1920,19,1920-03-01,parser+ocr300,1920-03-01,text50:dp_warszawa,1920-03-01,,DU/1920/90,14,14,R. 1920. WARSZAWA. Treść: NQ 19. 1 marca 1920
DU,1920,20,1920-03-04,parser+ocr300,1920-03-04,text50:dp_warszawa,1920-03-04,,DU/1920/104,10,10,"...l , ' WARSZAWA. Treść: N220. -4 marca 1920"
DU,1920,21,1920-03-11,parser+ocr300,1920-03-11,text50:dp_warszawa,1920-03-11,,DU/1920/114,8,8, POLSKIEJ WARSZAWA. Treść: II 11 marca 1920
DU,1920,22,1920-03-14,parser+ocr300,1920-03-14,text50:dp_warszawa,1920-03-14,,DU/1920/122,3,3,OLSKIEJ. WARSZAWA. Treść: NQ 22. 14 marca 1920
DU,1920,23,1920-03-17,parser+ocr300,1920-03-17,text50:dp_warszawa,1920-03-17,,DU/1920/125,18,18,"POLSKIEJ. WARSZAWA. , i~ Treść: N223. 17 marca 1920"
DU,1920,24,,bez odczytu (do obrazu),,none,,,DU/1920/143,9,9,
DU,1920,25,1920-03-22,parser+ocr300,1920-03-22,text50:dp_warszawa,1920-03-22,,DU/1920/152,5,5,POLSKIEJ. WARSZAWA. Treść: Ng 25. I 22 marca 1920
DU,1920,26,1920-03-27,parser+ocr300,1920-03-27,text50:dp_warszawa,1920-03-27,,DU/1920/157,3,3,1920. I WARSZAWA. Treść: NQ 26. 27 marca 1920
DU,1920,27,1920-03-27,parser+ocr300,1920-03-27,text50:warszawa_nr,1920-03-27,,DU/1920/160,5,5,POl~K1EJ WARSZAWA. NQ 27. 27 marca 1920
DU,1920,28,1920-04-01,parser+ocr300,1920-04-01,text50:warszawa_nr,1920-04-01,,DU/1920/165,7,7,POLSKIEJ. WARSZAWA. N228. 1 kwietnia 1920
DU,1920,29,1920-04-01,parser+ocr300,1920-04-01,ocr50:warszawa_nr,1920-04-01,,DU/1920/172,3,3,POLSKIEJ WARSZAWA. No 29. 1 kwietnia 1920
DU,1920,30,1920-04-09,parser+ocr300,1920-04-09,ocr50:warszawa_nr,1920-04-09,,DU/1920/175,3,3,OLSKIEJ. WARSZAWA. No 30. 9 kwietnia 1920
DU,1920,31,1920-04-12,parser+ocr300,1920-04-12,text50:dp_warszawa,1920-04-12,,DU/1920/178,9,9,POLSKIEJ WARSZAWA. 12 kwietnia 1920
DU,1920,32,1920-04-15,parser+ocr300,1920-04-15,text50:dp_warszawa,1920-04-15,,DU/1920/187,6,6, POLSRJr~ WARSZAWA. Treść: NQ 32. 15 kwietnia 1920
DU,1920,33,1920-04-20,parser+ocr300,1920-04-20,text50:warszawa_nr,1920-04-20,,DU/1920/193,4,4,POLSKIEJ. WARSZAWA. NQ 33. 20 kwietnia 1920
DU,1920,34,1920-04-23,parser+ocr300,1920-04-23,text50:warszawa_nr,1920-04-23,,DU/1920/197,2,2,POLSKIEJ. WARSZAWA. N234. 23 kwietnia 1920
DU,1920,35,1920-04-26,obraz+parser,1920-04-26,ocr50:warszawa_nr,,1920-04-26,DU/1920/199,2,1,"SKIEJ. "" WARSZAWA. No 35. 26 kwietnia 1920"
DU,1920,36,1920-04-30,parser+ocr300,1920-04-30,text50:dp_warszawa,1920-04-30,,DU/1920/201,9,9,"~ ,4 tp WARSZAWA. Treść: I N236. 30 kwietnia 1920"
DU,1920,37,1920-05-06,parser+ocr300,1920-05-06,text50:dp_warszawa,1920-05-06,,DU/1920/210,6,6,POLSKTł.J WARSZAWA. I NQ 37. 6 maja 1920
DU,1920,38,1920-05-13,parser+ocr300,1920-05-13,text50:dp_warszawa,1920-05-13,,DU/1920/216,14,14,.POLSKIEJ WARSZAWA. Treść: N238. 13 maja 1920
DU,1920,39,1920-05-19,parser+ocr300,1920-05-19,text50:dp_warszawa,1920-05-19,,DU/1920/230,12,12,POLSICw.J WARSZAWA. Treść: N239. 19 maja 1920
DU,1920,40,1920-05-27,parser+ocr300,1920-05-27,text50:dp_warszawa,1920-05-27,,DU/1920/242,4,4,R. 1920. WAR SZAWA. Tr eść: N240. 27 maja 1920
DU,1920,41,1920-05-28,parser+ocr300,1920-05-28,text50:dp_warszawa,1920-05-28,,DU/1920/246,3,3,POLSKIEJ. WARSZAWA. Treść: 28 maja 1920
DU,1920,42,1920-05-28,parser+ocr300,1920-05-28,ocr50:warszawa_nr,1920-05-28,,DU/1920/249,10,10,POLSKIEJ WARSZAWA. No 42. 28 maja 1920
DU,1920,43,1920-05-31,parser+ocr300,1920-05-31,text50:warszawa_nr,1920-05-31,,DU/1920/259,13,13, POTA<S~l WARSZAWA. NQ 43. 31 maja 1920
DU,1920,44,1920-06-09,parser+ocr300,1920-06-09,text50:dp_warszawa,1920-06-09,,DU/1920/272,1,1,NQ 44. - WARSZAWA. lO 9 czerwca 1920
DU,1920,45,1920-06-10,parser+ocr300,1920-06-10,text50:dp_warszawa,1920-06-10,,DU/1920/273,11,11,LYrTij~J WARSZAWA. Treść: NQ 45. POLSKIEJ. 10 czerwca 1920
DU,1920,46,1920-06-14,parser+ocr300,1920-06-14,text50:dp_warszawa,1920-06-14,,DU/1920/284,1,1, NQ 46. WARSZAWA. Treść: 14 czerwca 1920
DU,1920,47,1920-06-16,parser+ocr300,1920-06-16,text50:dp_warszawa,1920-06-16,,DU/1920/285,12,12,KIEJ. .. WARSZAWA. 'Treść: NQ 47. 16 czerwca 1920
DU,1920,48,1920-06-17,parser+ocr300,1920-06-17,text50:dp_warszawa,1920-06-17,,DU/1920/297,2,2,POLSKIEJ. WARSZAWA. Treść: N248. 17 czerwca 1920
DU,1920,49,1920-06-22,parser+ocr300,1920-06-22,text50:dp_warszawa,1920-06-22,,DU/1920/299,5,5,POLSKIEJ. WARSZAWA. Treść: 22 czerwca 1920
DU,1920,50,1920-06-23,parser+ocr300,1920-06-23,text50:dp_warszawa,1920-06-23,,DU/1920/304,9,9,POLSKIEJ. WARSZAWA. Treśł: NQ 50. 23 czerwca 1920
DU,1920,51,1920-06-26,parser+ocr300,1920-06-26,text50:dp_warszawa,1920-06-26,,DU/1920/313,5,5,lrr-pj.T WARSZAWA . Treść: 313. Rozporządzenie POLSKIEJ. 26 czerwca 1920
DU,1920,52,1920-07-01,parser+ocr300,1920-07-01,text50:dp_warszawa,1920-07-01,,DU/1920/318,9,8,)T JyrEJ WARSZAWA. Treść: N2 52. POLSKIEJ. 1 lipca 1920
DU,1920,53,1920-07-03,parser+ocr300,1920-07-03,ocr50:warszawa_nr,1920-07-03,,DU/1920/327,1,1,OLSKIEJ. WARSZAWA. No 53. 3 lipca 1920
DU,1920,54,1920-07-09,parser+ocr300,1920-07-09,text50:dp_warszawa,1920-07-09,,DU/1920/328,10,10,OLSKIR~T. WARSZAWA . Treść: N2 54. 9 lipca 1920
DU,1920,55,1920-07-15,parser+ocr300,1920-07-15,text50:dp_warszawa,1920-07-15,,DU/1920/338,8,8,POLSKIEJ. WA RSZAWA . Treść: NQ 55. • 15 lipca 1920
DU,1920,56,1920-07-15,obraz+ocr300,,none,1920-07-15,1920-07-15,DU/1920/346,6,6,
DU,1920,57,1920-07-19,parser+ocr300,1920-07-19,text50:dp_warszawa,1920-07-19,,DU/1920/352,10,10,POLSKIEJ. WARSZAWA. Treść: 19 lipca 1920
DU,1920,58,1920-07-20,parser+ocr300,1920-07-20,ocr50:warszawa_nr,1920-07-20,,DU/1920/362,6,6,OLSKIEJ. WARSZAWA. No 58. 20 lipca 1920
DU,1920,59,1920-07-22,parser+ocr300,1920-07-22,ocr50:dp_warszawa,1920-07-22,,DU/1920/368,2,2,OLSKIEJ. WARSZAWA. R 59. 22 lipca 1920
DU,1920,60,1920-07-22,parser+ocr300,1920-07-22,ocr50:warszawa_nr,1920-07-22,,DU/1920/370,13,13,OLSKIEJ. WARSZAWA. No 60. 22 lipca 1920
DU,1920,61,1920-07-24,parser+ocr300,1920-07-24,ocr50:warszawa_nr,1920-07-24,,DU/1920/383,15,15,OLSKIEJ. WARSZAWA. No 61. 24 lipca 1920
DU,1920,62,1920-07-27,obraz+ocr300 (trzeci odczyt inny),1920-07-09,text50:dp_warszawa,1920-07-27,1920-07-27,DU/1920/398,14,14,----------WARSZAWA. Treść: 398. Ustawa z dni a 9 lipca 1920
DU,1920,63,1920-07-28,obraz×2,,none,,1920-07-28 1920-07-28,DU/1920/412,13,13,
DU,1920,64,1920-07-29,parser+ocr300,1920-07-29,text50:dp_warszawa,1920-07-29,,DU/1920/425,4,4,POLSKIEJ. WARSZAWA. Treść: N2 64. 29 lipca 1920
DU,1920,65,1920-07-31,parser+ocr300,1920-07-31,text50:warszawa_nr,1920-07-31,,DU/1920/429,8,8,R. 1920. WARSZAWA. NQ 65. 31 lipca 1920
DU,1920,66,1920-08-02,parser+ocr300,1920-08-02,text50:dp_warszawa,1920-08-02,,DU/1920/437,12,12,POLSKIEJ. WARSZAWA . Treść: N266. 2 sierpnia 1920
DU,1920,67,1920-08-04,obraz+ocr300,,none,1920-08-04,1920-08-04,DU/1920/449,10,10,
DU,1920,68,1920-08-05,obraz+parser,1920-08-05,ocr50:warszawa_nr,,1920-08-05,DU/1920/459,1,1,OLSKIEJ. WARSZAWA. No 68. 5 sierpnia 1920
DU,1920,69,1920-08-07,obraz+ocr300,,none,1920-08-07,1920-08-07,DU/1920/460,1,1,
DU,1920,70,1920-08-09,parser+ocr300,1920-08-09,text50:dp_warszawa,1920-08-09,,DU/1920/461,16,15,POLSKIEJ. WARSZAWA. / Treść: NQ 70. 9 sierpnia 1920
DU,1920,71,1920-08-09,parser+ocr300,1920-08-09,text50:dp_warszawa,1920-08-09,,DU/1920/477,17,17,POLSKIEJ. WARSZAWA. T reść: 9 sierpnia 1920
DU,1920,72,1920-08-10,parser+ocr300,1920-08-10,text50:warszawa_nr,1920-08-10,,DU/1920/494,3,3,POLSKIEJ. WARSZAWA. NQ 72. 10 sierpnia 1920
DU,1920,73,1920-08-11,parser+ocr300,1920-08-11,ocr50:warszawa_nr,1920-08-11,,DU/1920/497,10,10,OLSKIEJ. WARSZAWA. No 73. 11 sierpnia 1920
DU,1920,74,1920-08-11,parser+ocr300,1920-08-11,ocr50:warszawa_nr,1920-08-11,,DU/1920/507,1,1,OLSKIEJ. WARSZAWA. No 74. 11 sierpnia 1920
DU,1920,75,,bez odczytu (do obrazu),,none,,,DU/1920/508,9,9,
DU,1920,76,1920-08-13,parser+ocr300,1920-08-13,text50:dp_warszawa,1920-08-13,,DU/1920/517,3,3," T'TF;.r WARSZAWA., NQ 76. POLSKlP..1 13 sierpnia 1920"
DU,1920,77,1920-08-14,parser+ocr300,1920-08-14,ocr50:warszawa_nr,1920-08-14,,DU/1920/520,3,3,POLSKIEJ WARSZAWA. No 77. 14 sierpnia 1920
DU,1920,78,1920-08-18,parser+ocr300,1920-08-18,text50:dp_warszawa,1920-08-18,,DU/1920/523,4,4,POLSKIEJ. WARSZAWA. NQ 78. • 18 sierpnia 1920
DU,1920,79,1920-08-20,parser+ocr300,1920-08-20,ocr50:warszawa_nr,1920-08-20,,DU/1920/527,10,10,OLSKIEJ. WARSZAWA. No 79. 20 sierpnia 1920
DU,1920,80,1920-08-21,parser+ocr300,1920-08-21,ocr50:warszawa_nr,1920-08-21,,DU/1920/537,1,1,OLSKIEJ. WARSZAWA. . No 80. 21 sierpnia 1920
DU,1920,81,1920-08-24,parser+ocr300,1920-08-24,text50:dp_warszawa,1920-08-24,,DU/1920/538,12,12,POLSKIEJ. WARSZAWA. Treść: 24 sierpnia 1920
DU,1920,82,,bez odczytu (do obrazu),,none,,,DU/1920/550,3,3,
DU,1920,83,1920-08-28,parser+ocr300,1920-08-28,ocr50:warszawa_nr,1920-08-28,,DU/1920/553,7,7,OLSKIEJ. WARSZAWA. No 83. 28 sierpnia 1920
DU,1920,84,1920-09-01,parser+ocr300,1920-09-01,ocr50:warszawa_nr,1920-09-01,,DU/1920/560,5,5,OLSKIEJ. WARSZAWA. No 84. 1 września 1920
DU,1920,85,1920-09-07,parser+ocr300,1920-09-07,text50:dp_warszawa,1920-09-07,,DU/1920/565,5,5,POLSKIEJ. WARSZAWA. Treść: '. NQ 85. 7 września 1920
DU,1920,86,1920-09-07,parser+ocr300,1920-09-07,ocr50:warszawa_nr,1920-09-07,,DU/1920/570,2,2,m | | dl WARSZAWA. No 86. 7 września 1920
DU,1920,87,1920-09-13,parser+ocr300,1920-09-13,ocr50:warszawa_nr,1920-09-13,,DU/1920/572,5,5,OLSKIEJ. VARSZAWA. No 87. 13 września 1920
DU,1920,88,1920-09-15,parser+ocr300,1920-09-15,text50:dp_warszawa,1920-09-15,,DU/1920/577,6,6,OLSKIEJ. ·WARSZAWA. 15 września 1920
DU,1920,89,1920-09-21,parser+ocr300,1920-09-21,ocr50:warszawa_nr,1920-09-21,,DU/1920/583,11,11,OLSKIEJ. WARSZAWA. No 89. 21 września 1920
DU,1920,90,1920-09-24,parser+ocr300,1920-09-24,ocr50:warszawa_nr,1920-09-24,,DU/1920/594,4,4,OLSKIEJ. WARSZAWA. No 90. 24 września 1920
DU,1920,91,1920-09-25,parser+ocr300,1920-09-25,text50:dp_warszawa,1920-09-25,,DU/1920/598,3,3,POLSKiEJ. WARSZAWA. 1}reść: 25 września 1920
DU,1920,92,1920-09-29,parser+ocr300,1920-09-29,text50:dp_warszawa,1920-09-29,,DU/1920/601,16,16,POLSKIEJ. WARSZAWA. • Treść: NQ 92. 29 września 1920
DU,1920,93,1920-10-01,parser+ocr300,1920-10-01,text50:dp_warszawa,1920-10-01,,DU/1920/617,3,3,LSKIE~T. WARSZAWA. Treść: NQ 93. 1 października 1920
DU,1920,94,1920-10-02,parser+ocr300,1920-10-02,ocr50:warszawa_nr,1920-10-02,,DU/1920/620,5,5,OLSKIEJ. WARSZAWA. No 94. 2 października 1920
DU,1920,95,,bez odczytu (do obrazu),,none,,,DU/1920/625,9,9,
DU,1920,96,1920-10-11,parser+ocr300,1920-10-11,text50:dp_warszawa,1920-10-11,,DU/1920/634,3,3,POLSKIEJ. WARSZAWA. Treść: N296. 11 października 1920
DU,1920,97,1920-10-15,parser+ocr300,1920-10-15,text50:dp_warszawa,1920-10-15,,DU/1920/637,10,10,POLSKIEJ. WARSZAWA. Treść: NQ 97. 15 października 1920
DU,1920,98,1920-10-23,obraz+ocr300 (trzeci odczyt inny),1920-10-28,ocr50:warszawa_nr,1920-10-23,1920-10-23,DU/1920/647,12,12,OLSKIEJ. WARSZAWA. „No 98. 28 października 1920
DU,1920,99,1920-10-26,parser+ocr300,1920-10-26,ocr50:warszawa_nr,1920-10-26,,DU/1920/659,5,5,OLSKIEJ. WARSZAWA. No 99. 26 pażdziernika 1920
DU,1920,100,1920-10-30,parser+ocr300,1920-10-30,ocr50:warszawa_nr,1920-10-30,,DU/1920/664,2,2,OLSKIEJ. WARSZAWA. Ne 100. 30 października 1920
DU,1920,101,1920-10-31,parser+ocr300,1920-10-31,ocr50:warszawa_nr,1920-10-31,,DU/1920/666,10,10,POLSKIEJ WARSZAWA. No 101. 31 października 1920
DU,1920,102,1920-11-06,obraz+parser,1920-11-06,ocr50:warszawa_nr,,1920-11-06,DU/1920/676,6,6,OLSKIEJ. WARSZAWA No 102. 6 listopada 1920
DU,1920,103,1920-11-12,parser+ocr300,1920-11-12,text50:dp_warszawa,1920-11-12,,DU/1920/682,8,8,WAR SZ AWA Tre ść: ć 82. NQ 103. 12 listopada 1920
DU,1920,104,1920-11-13,parser+ocr300,1920-11-13,text50:dp_warszawa,1920-11-13,,DU/1920/690,2,2,OJJSKIEJ. WAR SZAWA . Treść: NQ 104. 13 listopada 1920
DU,1920,105,1920-11-17,parser+ocr300,1920-11-17,ocr50:dp_warszawa,1920-11-17,,DU/1920/692,7,7,OLSKIEJ. WARSZA WA. No 105. 17 listopada 1920
DU,1920,106,1920-11-18,obraz+ocr300 (trzeci odczyt inny),1920-11-19,text50:warszawa_nr,1920-11-18,1920-11-18,DU/1920/699,4,4,KI1~~~T. WARSZAWA. NQ 106. 19 listopada 1920
DU,1920,107,,bez odczytu (do obrazu),,none,,,DU/1920/703,4,4,
DU,1920,108,1920-11-25,obraz+parser,1920-11-25,ocr50:warszawa_nr,,1920-11-25,DU/1920/707,8,8,OLSKIEJ. WARSZAWA No 108. 25 listopada 1920
DU,1920,109,1920-11-30,obraz+ocr300,,none,1920-11-30,1920-11-30,DU/1920/715,12,12,
DU,1920,110,1920-12-06,parser+ocr300,1920-12-06,text50:dp_warszawa,1920-12-06,,DU/1920/727,6,6,POLSKIEJ. WARSZAWA . . Treść: NQ 110. 6 grudnia 1920
DU,1920,111,1920-12-11,parser+ocr300,1920-12-11,text50:warszawa_nr,1920-12-11,,DU/1920/733,1,1,POLSKIEJ. WARSZAWA. NQ 111. 11 grudnia 1920
DU,1920,112,1920-12-11,parser+ocr300,1920-12-11,text50:dp_warszawa,1920-12-11,,DU/1920/734,15,15,LSKIFJ~J. WARSZAWA. Treść: NQ 112. 11 grudnia 1920
DU,1920,113,1920-12-15,parser+ocr300,1920-12-15,text50:dp_warszawa,1920-12-15,,DU/1920/749,2,2,POLSKIEJ. WARSZAWA. Treść: NQ 113. 15 grudnia 1920
DU,1920,114,1920-12-16,parser+ocr300,1920-12-16,text50:dp_warszawa,1920-12-16,,DU/1920/751,8,8,OLRKIEeJ. WARSZAWA. Treść : N2114. 16 grudnia 1920
DU,1920,115,1920-12-20,parser+ocr300,1920-12-20,text50:dp_warszawa,1920-12-20,,DU/1920/759,8,8,·~SKIEJ. WARSZAWA. Treść: NQ 115. 20 grudnia 1920
DU,1920,116,,bez odczytu (do obrazu),,none,,,DU/1920/767,1,1,
DU,1920,117,1920-12-23,parser+ocr300,1920-12-23,text50:dp_warszawa,1920-12-23,,DU/1920/768,11,11,POLSKIEJ. WARSZAWA. Treść: NQ 117. 23 grudnia 1920
DU,1920,118,1920-12-23,obraz+ocr300,,none,1920-12-23,1920-12-23,DU/1920/779,6,6,
DU,1920,119,1920-12-31,parser+ocr300,1920-12-31,text50:dp_warszawa,1920-12-31,,DU/1920/785,9,8,POLSKIEJ. WARSZAWA. Treść: N2 119. 31 grudnia 1920
DU,1920,120,1920-12-31,parser+ocr300,1920-12-31,text50:warszawa_nr,1920-12-31,,DU/1920/794,3,3,POLSKIEJ. WARSZAWA. NQ 120. 31 grudnia 1920
DU,1920,121,,bez odczytu (do obrazu),,none,,,DU/1920/797,4,4,
DU,1921,1,1921-01-05,obraz+parser,1921-01-05,text50:dp_warszawa,1921-01-05,1921-01-05,DU/1921/1,3,3,POLSKIEJ. WARSZAWA. Treść: 5 stycznia 1921
DU,1921,2,1921-01-05,obraz+parser,1921-01-05,ocr50:warszawa_nr,1921-01-05,1921-01-05,DU/1921/4,1,1,OLSKIEJ. WARSZAWA. No 2. 5 stycznia 1921
DU,1921,3,,bez odczytu (do obrazu),,none,,brak winiety na s. 1,DU/1921/5,11,11,
DU,1921,4,1921-01-12,parser+ocr300,1921-01-12,text50:dp_warszawa,1921-01-12,,DU/1921/16,4,4,POLSKIEJ. WARSZAWA. Treść: N24. 12 stycznia 1921
DU,1921,5,,bez odczytu (do obrazu),,none,,brak winiety na s. 1,DU/1921/20,11,11,
DU,1921,6,1921-01-15,parser+ocr300,1921-01-15,text50:dp_warszawa,1921-01-15,,DU/1921/31,5,5,POLSKIEJ. WARSZAWA. Treść: NQ 6. 15 stycznia 1921
DU,1921,7,1921-01-15,obraz+ocr300 (trzeci odczyt inny),1921-01-05,text50:dp_warszawa,1921-01-15,1921-01-15,DU/1921/36,3,3,POLSKIEJ. WARSZAWA . Treść: 1 5 stycznia 1921
DU,1921,8,1921-01-15,parser+ocr300,1921-01-15,text50:dp_warszawa,1921-01-15,,DU/1921/39,2,2,"POLSKIEJ. WARSZAWA , :-.;. -"" Treść: N2 8. 15 stycznia 1921"
DU,1921,9,,bez odczytu (do obrazu),,none,,brak winiety na s. 1,DU/1921/41,14,14,
DU,1921,10,,bez odczytu (do obrazu),,none,,,DU/1921/55,9,9,
DU,1921,11,1921-01-29,parser+ocr300,1921-01-29,ocr50:warszawa_nr,1921-01-29,,DU/1921/64,1,1,"OLSKIEJ, WARSZAWA. No 11. 29 stycznia 1921"
DU,1921,12,,bez odczytu (do obrazu),,none,,,DU/1921/65,6,6,
DU,1921,13,,bez odczytu (do obrazu),,none,,,DU/1921/71,10,10,
DU,1921,14,,bez odczytu (do obrazu),,none,,,DU/1921/81,10,10,
DU,1921,15,1921-02-18,parser+ocr300,1921-02-18,text50:dp_warszawa,1921-02-18,,DU/1921/91,2,2,POLSKIEJ. WARSZAWA. Treść: NQ ' 15. 18 lutego 1921
DU,1921,16,,bez odczytu (do obrazu),,none,,,DU/1921/93,5,5,
DU,1921,17,1921-02-23,parser+ocr300,1921-02-23,text50:dp_warszawa,1921-02-23,,DU/1921/98,1,1,POLSKIEJ_ WARSZAWA. Treść: NQ 17. 23 lutego 1921
DU,1921,18,,bez odczytu (do obrazu),,none,,brak winiety na s. 1,DU/1921/99,11,11,
DU,1921,19,1921-02-26,parser+ocr300,1921-02-26,text50:dp_warszawa,1921-02-26,,DU/1921/110,1,1,POLSKIEJ. WARSZAWA. Treść: N2 19. 26 lutego 1921
DU,1921,20,1921-02-28,parser+ocr300,1921-02-28,text50:dp_warszawa,1921-02-28,,DU/1921/111,1,1,"POLSKIEJ. WARSZAWA. Treśt: 111. ~2 20. , 28 lutego 1921"
DU,1921,21,,bez odczytu (do obrazu),,none,,brak winiety na s. 1,DU/1921/112,11,11,
DU,1921,22,1921-03-05,parser+ocr300,1921-03-05,ocr50:warszawa_nr,1921-03-05,,DU/1921/123,1,1,OLSKIEJ. WARSZAWA. No 22. 5 marca 1921
DU,1921,23,,bez odczytu (do obrazu),,none,,brak winiety na s. 1,DU/1921/124,12,12,
DU,1921,24,1921-03-15,parser+ocr300,1921-03-15,text50:dp_warszawa,1921-03-15,,DU/1921/136,2,2,OLSKIEJ . WARSZAWA. Treść: N224. 15 marca 1921
DU,1921,25,1921-03-15,parser+ocr300,1921-03-15,text50:warszawa_nr,1921-03-15,,DU/1921/138,5,5,POLSKIEJ. WARSZAWA. NQ 25. 15 marca 1921
DU,1921,26,,bez odczytu (do obrazu),,none,,brak winiety na s. 1,DU/1921/143,13,13,
DU,1921,27,,bez odczytu (do obrazu),,none,,,DU/1921/156,5,5,
DU,1921,28,1921-03-25,parser+ocr300,1921-03-25,text50:dp_warszawa,1921-03-25,,DU/1921/161,2,2,IEJ. .. WARSZAWA. Treść : NQ 28. - 25 marca 1921
DU,1921,29,,bez odczytu (do obrazu),,none,,,DU/1921/163,6,6,
DU,1921,30,,bez odczytu (do obrazu),,none,,,DU/1921/169,10,10,
DU,1921,31,,bez odczytu (do obrazu),,none,,brak winiety na s. 1,DU/1921/179,15,15,
DU,1921,32,1921-04-12,parser+ocr300,1921-04-12,ocr50:warszawa_nr,1921-04-12,,DU/1921/194,5,5,OLSKIEJ. WARSZAWA. No 32. 12 kwietnia 1921
DU,1921,33,,bez odczytu (do obrazu),,none,,,DU/1921/199,4,4,
DU,1921,34,1921-04-19,parser+ocr300,1921-04-19,text50:dp_warszawa,1921-04-19,,DU/1921/203,1,1,SKIEJ. • WARSZAWA. Treść: NQ 34. 19 kwietnia 1921
DU,1921,35,,bez odczytu (do obrazu),,none,,,DU/1921/204,9,9,
DU,1921,36,,bez odczytu (do obrazu),,none,,,DU/1921/213,10,10,
DU,1921,37,1921-04-30,parser+ocr300,1921-04-30,text50:dp_warszawa,1921-04-30,,DU/1921/223,3,3,SKIEJ. « WARSZAWA. Ng ·37.. 30 kwietnia 1921
DU,1921,38,,bez odczytu (do obrazu),,none,,,DU/1921/226,8,8,
DU,1921,39,,bez odczytu (do obrazu),,none,,brak winiety na s. 1,DU/1921/234,13,13,
DU,1921,40,1921-05-21,parser+ocr300,1921-05-21,text50:dp_warszawa,1921-05-21,,DU/1921/247,1,1,POLSKIEJ. WARSZAWA. Treść: 21 maja 1921
DU,1921,41,,bez odczytu (do obrazu),,none,,brak winiety na s. 1,DU/1921/248,13,13,
DU,1921,42,1921-05-29,parser+ocr300,1921-05-29,text50:dp_warszawa,1921-05-29,,DU/1921/261,1,1,POLSKIEJ. WARSZAWA. Treść: NQ 42. 29 maja 1921
DU,1921,43,,bez odczytu (do obrazu),,none,,,DU/1921/262,5,5,
DU,1921,44,1921-06-01,parser+ocr300,1921-06-01,text50:dp_warszawa,1921-06-01,,DU/1921/267,2,2,----------WARSZAWA. 1 czerwca 1921
DU,1921,45,,bez odczytu (do obrazu),,none,,,DU/1921/269,9,9,
DU,1921,46,,bez odczytu (do obrazu),,none,,,DU/1921/278,9,9,
DU,1921,47,,bez odczytu (do obrazu),,none,,,DU/1921/287,11,11,
DU,1921,48,1921-06-15,parser+ocr300,1921-06-15,text50:dp_warszawa,1921-06-15,,DU/1921/298,1,1,POLSKIEJ. WARSZAWA. ' Treść: NQ 48. 15 czerwca 1921
DU,1921,49,1921-06-18,parser+ocr300,1921-06-18,text50:dp_warszawa,1921-06-18,,DU/1921/299,3,3,POLSKIEJ. WARSZAWA. Treść: N249. 18 czerwca 1921
DU,1921,50,,bez odczytu (do obrazu),,none,,brak winiety na s. 1,DU/1921/302,12,12,
DU,1921,51,,bez odczytu (do obrazu),,none,,,DU/1921/314,10,9,
DU,1921,52,,bez odczytu (do obrazu),,none,,,DU/1921/324,11,11,
DU,1921,53,,bez odczytu (do obrazu),,none,,,DU/1921/335,6,6,
DU,1921,54,1921-06-28,parser+ocr300,1921-06-28,text50:dp_warszawa,1921-06-28,,DU/1921/341,1,1,OLSKIEJ. WARSZAWA. Treść: J\[2 54. 28 czerwca 1921
DU,1921,55,,bez odczytu (do obrazu),,none,,,DU/1921/342,9,9,
DU,1921,56,,bez odczytu (do obrazu),,none,,,DU/1921/351,6,6,
DU,1921,57,,bez odczytu (do obrazu),,none,,,DU/1921/357,11,11,
DU,1921,58,1921-07-07,parser+ocr300,1921-07-07,text50:dp_warszawa,1921-07-07,,DU/1921/368,1,1,POLSKIEJ. WARSZAWA. Treść: NQ 58. 7 lipca 1921
DU,1921,59,,bez odczytu (do obrazu),,none,,,DU/1921/369,8,8,
DU,1921,60,,bez odczytu (do obrazu),,none,,,DU/1921/377,5,5,
DU,1921,61,1921-07-15,parser+ocr300,1921-07-15,text50:dp_warszawa,1921-07-15,,DU/1921/382,1,1,POLSKIEJ. WARSZAWA. 15 lipca 1921
DU,1921,62,1921-07-15,parser+ocr300,1921-07-15,ocr50:warszawa_nr,1921-07-15,,DU/1921/383,3,3,OLSKIEJ. WARSZAWA. No 62. 15 lipca 1921
DU,1921,63,,bez odczytu (do obrazu),,none,,,DU/1921/386,9,9,
DU,1921,64,,bez odczytu (do obrazu),,none,,brak winiety na s. 1,DU/1921/395,18,18,
DU,1921,65,,bez odczytu (do obrazu),,none,,,DU/1921/413,8,8,
DU,1921,66,,bez odczytu (do obrazu),,none,,,DU/1921/421,10,10,
DU,1921,67,,bez odczytu (do obrazu),,none,,brak winiety na s. 1,DU/1921/431,14,14,
DU,1921,68,1921-08-19,parser+ocr300,1921-08-19,text50:dp_warszawa,1921-08-19,,DU/1921/445,2,2,OLSKIEJ . WARSZAWA. Treść : N268. 19 sierpnia 1921
DU,1921,69,,bez odczytu (do obrazu),,none,,brak winiety na s. 1,DU/1921/447,19,19,
DU,1921,70,,bez odczytu (do obrazu),,none,,,DU/1921/466,6,6,
DU,1921,71,,bez odczytu (do obrazu),,none,,brak winiety na s. 1,DU/1921/472,27,27,
DU,1921,72,1921-09-01,parser+ocr300,1921-09-01,ocr50:warszawa_nr,1921-09-01,,DU/1921/499,1,1,"SKIEJ, . WARSZAWA. No 72. 1 września 1921"
DU,1921,73,1921-09-03,parser+ocr300,1921-09-03,ocr50:warszawa_nr,1921-09-03,,DU/1921/500,2,2,"OLSKIEJ. WARSZAWA, No 73. 3 września 1921"
DU,1921,74,,bez odczytu (do obrazu),,none,,,DU/1921/502,9,9,
DU,1921,75,,bez odczytu (do obrazu),,none,,,DU/1921/511,9,9,
DU,1921,76,,bez odczytu (do obrazu),,none,,,DU/1921/520,9,9,
DU,1921,77,,bez odczytu (do obrazu),,none,,,DU/1921/529,7,7,
DU,1921,78,1921-09-24,parser+ocr300,1921-09-24,text50:warszawa_nr,1921-09-24,,DU/1921/536,5,5,POLSKIEJ. WARSZAWA. NQ 78. 24 września 1921
DU,1921,79,,bez odczytu (do obrazu),,none,,,DU/1921/541,10,10,
DU,1921,80,1921-09-30,parser+ocr300,1921-09-30,ocr50:warszawa_nr,1921-09-30,,DU/1921/551,5,5,"OLSKIEJ. WARSZAWA, No 80. 30 września 1921"
DU,1921,81,,bez odczytu (do obrazu),,none,,,DU/1921/556,11,11,
DU,1921,82,,bez odczytu (do obrazu),,none,,brak winiety na s. 1,DU/1921/567,15,15,
DU,1921,83,,bez odczytu (do obrazu),,none,,,DU/1921/582,12,11,
DU,1921,84,,bez odczytu (do obrazu),,none,,brak winiety na s. 1,DU/1921/594,14,14,
DU,1921,85,,bez odczytu (do obrazu),,none,,brak winiety na s. 1,DU/1921/608,20,20,
DU,1921,86,,bez odczytu (do obrazu),,none,,,DU/1921/628,7,7,
DU,1921,87,,bez odczytu (do obrazu),,none,,,DU/1921/635,11,11,
DU,1921,88,,bez odczytu (do obrazu),,none,,,DU/1921/646,10,10,
DU,1921,89,,bez odczytu (do obrazu),,none,,brak winiety na s. 1,DU/1921/656,12,12,
DU,1921,90,1921-11-15,parser+ocr300,1921-11-15,ocr50:warszawa_nr,1921-11-15,,DU/1921/668,3,3,OLSKIEJ. WARSZAWA. No 90. 15 listopada 1921
DU,1921,91,,bez odczytu (do obrazu),,none,,,DU/1921/671,5,5,
DU,1921,92,,bez odczytu (do obrazu),,none,,,DU/1921/676,8,8,
DU,1921,93,1921-11-30,parser+ocr300,1921-11-30,ocr50:warszawa_nr,1921-11-30,,DU/1921/684,8,8,OLSKIEJ. WARSZAWA. No 93. 30 listopada 1921
DU,1921,94,,bez odczytu (do obrazu),,none,,,DU/1921/692,8,8,
DU,1921,95,1921-12-03,parser+ocr300,1921-12-03,ocr50:warszawa_nr,1921-12-03,,DU/1921/700,3,3,"OLSKIEJ. WARSZAWA. Na 95, 3 grudnia 1921"
DU,1921,96,,bez odczytu (do obrazu),,none,,,DU/1921/703,5,5,
DU,1921,97,1921-12-09,parser+ocr300,1921-12-09,text50:warszawa_nr,1921-12-09,,DU/1921/708,3,3,POLSKIEJ. WARSZAWA. NQ 97. 9 grudnia 1921
DU,1921,98,1921-12-10,parser+ocr300,1921-12-10,text50:dp_warszawa,1921-12-10,,DU/1921/711,1,1,POLSKIEJ. WARSZAWA. Treść: N2 98. 10 grudnia 1921
DU,1921,99,1921-12-14,parser+ocr300,1921-12-14,ocr50:warszawa_nr,1921-12-14,,DU/1921/712,3,3,OLSKIEJ. WARSZAWA. No 99. 14 grudnia 1921
DU,1921,100,,bez odczytu (do obrazu),,none,,,DU/1921/715,6,6,
DU,1921,101,,bez odczytu (do obrazu),,none,,brak winiety na s. 1,DU/1921/721,14,14,
DU,1921,102,,bez odczytu (do obrazu),,none,,,DU/1921/735,5,5,
DU,1921,103,,bez odczytu (do obrazu),,none,,,DU/1921/740,8,8,
DU,1921,104,,bez odczytu (do obrazu),,none,,brak winiety na s. 1,DU/1921/748,14,14,
DU,1921,105,1921-12-29,parser+ocr300,1921-12-29,text50:dp_warszawa,1921-12-29,,DU/1921/762,5,5,KIEJ. I' WARSZAWA. Treść; NQ 105. 29 grudnia 1921
DU,1921,106,,bez odczytu (do obrazu),,none,,brak winiety na s. 1,DU/1921/767,14,13,
DU,1921,107,1921-12-30,parser+ocr300,1921-12-30,ocr50:warszawa_nr,1921-12-30,,DU/1921/781,5,5,OLSKIEJ. WARSZAWA. No 107. 30 grudnia 1921
DU,1921,108,,bez odczytu (do obrazu),,none,,brak winiety na s. 1,DU/1921/786,12,12,
DU,1922,1,1922-01-07,parser+ocr300,1922-01-07,ocr50:du_rok,1922-01-07,,DU/1922/1,4,4,OLSKIEJ. 7 stycznia No 1. Rok 1922
DU,1922,2,1922-01-14,parser+ocr300,1922-01-14,text50:du_rok,1922-01-14,,DU/1922/5,11,11,KIEJ.. : 14 stycznia -. Treść: _S. NQ 2. Rok 1922
DU,1922,3,1922-01-18,parser+ocr300,1922-01-18,ocr50:du_rok,1922-01-18,,DU/1922/16,1,1,"OLSKIEJ, 18 stycznia No 3. Rok 1922"
DU,1922,4,1922-01-21,obraz+parser,1922-01-21,ocr50:du_rok,1922-01-21,1922-01-21,DU/1922/17,16,16,"OLSKIEJ, 21 stycznia No 4. Rok 1922"
DU,1922,5,1922-01-25,parser+ocr300,1922-01-25,text50:du_rok,1922-01-25,,DU/1922/33,5,5,POLSKIEJ~ 25 stycznia ____________________ ____ ____ ~ ~ ~ NQ 5. Rok 1922
DU,1922,6,1922-01-28,parser+ocr300,1922-01-28,text50:du_rok,1922-01-28,,DU/1922/38,10,10, .~___ _ 28 stycznia · Treść: 38. 39. 40. 41. N26. Rok 1922
DU,1922,7,1922-02-01,parser+ocr300,1922-02-01,text:du_rok,1922-02-01,,DU/1922/48,8,8,"KIEJ• ., 1 lutego Rok 1922"
DU,1922,8,1922-02-04,parser+ocr300,1922-02-04,text50:du_rok,1922-02-04,,DU/1922/56,3,3,POLSKIEJ. 4 lutego Treść: 56. 57. 58. Rok 1922
DU,1922,9,1922-02-09,parser+ocr300,1922-02-09,text:du_rok,1922-02-09,,DU/1922/59,6,5,POLSKIEJ. 9 lutego Rok 1922
DU,1922,10,1922-02-17,parser+ocr300,1922-02-17,ocr50:du_rok,1922-02-17,,DU/1922/65,19,19,OLSKIEJ. 17 lutego No 10... Rok 1922
DU,1922,11,1922-02-23,parser+ocr300,1922-02-23,ocr50:du_rok,1922-02-23,,DU/1922/84,20,20,"OLSKIEJ, 23 lutego No 11. Rok 1922"
DU,1922,12,1922-02-28,parser+ocr300,1922-02-28,text:du_rok,1922-02-28,,DU/1922/104,12,12," 4 "" - 28 lutego· RZECZYPOSPOLITEJ POLSKIEJ. N212. Rok 1922"
DU,1922,13,1922-03-04,parser+ocr300,1922-03-04,text50:du_rok,1922-03-04,,DU/1922/116,4,4, NQ 13. 4 marca Rok 1922
DU,1922,14,1922-03-06,parser+ocr300,1922-03-06,ocr50:du_rok,1922-03-06,,DU/1922/120,13,11,OLSKIEJ. 6 marca No 14. Rok 1922
DU,1922,15,1922-03-10,parser+ocr300,1922-03-10,text:du_rok,1922-03-10,,DU/1922/133,6,6,s~ _ ~-- 10 marca \ - __------------------__________ NQ 15. ~~~ __ ----~~. Rok 1922
DU,1922,16,1922-03-21,obraz+parser,1922-03-21,ocr:du_rok,,1922-03-21,DU/1922/139,1,1,OLSKIEJ. 21 marca No 16. Rok 1922
DU,1922,17,1922-03-22,parser+ocr300,1922-03-22,text50:du_rok,1922-03-22,,DU/1922/140,2,2, Kg 17. 22 marca . . ; t eść: 140. 141. Rok 1922
DU,1922,18,1922-03-22,obraz+parser,1922-03-22,ocr50:du_rok,1922-03-22,1922-03-22 1922-03-22,DU/1922/142,16,16,"OLSKIEJ, 22 marca No 18. Rok 1922"
DU,1922,19,1922-03-24,parser+ocr300,1922-03-24,text:du_rok,1922-03-24,,DU/1922/158,4,4, SI{1PlJ. 24 marca NQ 19. Rok 1922
DU,1922,20,1922-03-24,parser+ocr300,1922-03-24,text:du_rok,1922-03-24,,DU/1922/162,2,2,S Kl E J. 24 marca N2 20. Rok 1922
DU,1922,21,1922-03-31,parser+ocr300,1922-03-31,text:du_rok,1922-03-31,,DU/1922/164,17,16,POLSKIEJ. 31 marca Rok 1922
DU,1922,22,1922-04-03,parser+ocr300,1922-04-03,text:du_rok,1922-04-03,,DU/1922/181,14,14,OLSKIEJ.. 3 kwietnia N2 22. Rok 1922
DU,1922,23,1922-04-04,parser+ocr300,1922-04-04,text:du_rok,1922-04-04,,DU/1922/195,2,2, Kl EJ J. 4 kwietnia NQ 23. Rok 1922
DU,1922,24,1922-04-08,parser+ocr300,1922-04-08,text50:du_rok,1922-04-08,,DU/1922/197,10,10,"OLSKIE"",' 8 kwietnia Treść 197. N2 24. • Rok 1922"
DU,1922,25,1922-04-11,parser+ocr300,1922-04-11,text:du_rok,1922-04-11,,DU/1922/207,5,5,POLSKiEJ. 11 kwietnia NQ 25. Rok 1922
DU,1922,26,1922-04-13,parser+ocr300,1922-04-13,text:du_rok,1922-04-13,,DU/1922/212,5,5,POLSKIEJ. 13 kwietnia NQ 26. Rok 1922
DU,1922,27,1922-04-15,parser+ocr300,1922-04-15,ocr50:du_rok,1922-04-15,,DU/1922/217,8,8,POLSKIEJ 15 kwietnia No 27. Rok 1922
DU,1922,28,1922-04-24,parser+ocr300,1922-04-24,text:du_rok,1922-04-24,,DU/1922/225,7,7,Or:SKIEJ. 24 kwietnia I NQ 28. Rok 1922
DU,1922,29,1922-04-26,parser+ocr300,1922-04-26,text50:du_rok,1922-04-26,,DU/1922/232,6,6,POLSKIEJ. 26 kwietnia NQ 29. Rok 1922
DU,1922,30,1922-04-28,parser+ocr300,1922-04-28,text50:du_rok,1922-04-28,,DU/1922/238,16,16,POLSKIEJ. 28 kwietnia NQ 30. Rok 1922
DU,1922,31,1922-04-30,parser+ocr300,1922-04-30,text:du_rok,1922-04-30,,DU/1922/254,2,2,SKIEJ• . 30 kwietnia Treść: 254. 255. Rok 1922
DU,1922,32,1922-05-05,parser+ocr300,1922-05-05,ocr50:du_rok,1922-05-05,,DU/1922/256,7,7,OLSKIEJ. 5 maja No 32. Rok 1922
DU,1922,33,1922-05-10,parser+ocr300,1922-05-10,ocr50:du_rok,1922-05-10,,DU/1922/263,14,14,OLSKIEJ. 10 maja No 33. Rok 1922
DU,1922,35,1922-05-21,parser+ocr300,1922-05-21,ocr:du_rok,1922-05-21,,DU/1922/295,10,10,OLSKIEJ. 21 maja No 35. Rok 1922
DU,1922,36,1922-05-22,parser+ocr300,1922-05-22,text50:du_rok,1922-05-22,,DU/1922/305,6,6, NQ 36. 22 maja Treść: 305. Rok 1922
DU,1922,37,1922-05-25,parser+ocr300,1922-05-25,text50:du_rok,1922-05-25,,DU/1922/311,2,2,POLSKlEJ. 25 maja N2 37. Rok 1922
DU,1922,38,1922-05-26,parser+ocr300,1922-05-26,text:du_rok,1922-05-26,,DU/1922/313,11,11,POLSKIEJ. 26 maja NQ 38. Rok 1922
DU,1922,39,1922-05-30,parser+ocr300,1922-05-30,text:du_rok,1922-05-30,,DU/1922/324,10,10,POLSKIEJ. 30 maja Treść: 324. NQ 39. Rok 1922
DU,1922,40,1922-06-01,parser+ocr300,1922-06-01,text:du_rok,1922-06-01,,DU/1922/334,11,11,SKIEJ. • 1 czerwca NQ 40. Rok 1922
DU,1922,41,1922-06-08,parser+ocr300,1922-06-08,text50:du_rok,1922-06-08,,DU/1922/345,12,12,POLSKIEJ. 8 czerwca N2 41. Rok 1922
DU,1922,42,1922-06-09,parser+ocr300,1922-06-09,text:du_rok,1922-06-09,,DU/1922/357,1,1,POLSKIEJ. 9 czerwca NQ 42. 'Rok 1922
DU,1922,43,1922-06-14,obraz×2,,none,,1922-06-14 1922-06-14,DU/1922/358,11,11,
DU,1922,44,1922-06-17,parser+ocr300,1922-06-17,text:du_rok,1922-06-17,,DU/1922/369,6,6,SKIEJ. • 17 czerwca NQ 44. Rok 1922
DU,1922,45,1922-06-22,parser+ocr300,1922-06-22,ocr50:du_rok,1922-06-22,,DU/1922/375,11,11,"OLSKIEJ, 22 czerwca No 45, Rok 1922"
DU,1922,46,1922-06-22,parser+ocr300,1922-06-22,text50:du_rok,1922-06-22,,DU/1922/386,22,22,POLSKIEJ. 22 czerwca Treść: 386. N246. Rok 1922
DU,1922,47,1922-06-29,parser+ocr300,1922-06-29,text:du_rok,1922-06-29,,DU/1922/408,19,18,POLSKIEJ. 29 czerwca NQ 47. Rok 1922
DU,1922,48,1922-06-30,parser+ocr300,1922-06-30,text50:du_rok,1922-06-30,,DU/1922/427,5,5, N2 48. 30 czerwca Treść: 427. Rok 1922
DU,1922,49,1922-07-05,parser+ocr300,1922-07-05,text50:du_rok,1922-07-05,,DU/1922/432,9,9,POLSKIEJ. 5 lipca Treść: 432. Rok 1922
DU,1922,50,1922-07-10,parser+ocr300,1922-07-10,text:du_rok,1922-07-10,,DU/1922/441,5,5,POLSKIEJ. 10 lipca NQ 50. Rok 1922
DU,1922,51,1922-07-11,parser+ocr300,1922-07-11,text50:du_rok,1922-07-11,,DU/1922/446,23,21,POLSKIEJ. 11 lipca Treść: 446. 4.47. Rok 1922
DU,1922,52,1922-07-15,parser+ocr300,1922-07-15,text:du_rok,1922-07-15,,DU/1922/469,17,17,KIEJ. a: 15 lipca Rok 1922
DU,1922,53,1922-07-18,parser+ocr300,1922-07-18,text:du_rok,1922-07-18,,DU/1922/486,9,9,POLSKIEJ. 18 lipca Rok 1922
DU,1922,54,1922-07-21,parser+ocr300,1922-07-21,text:du_rok,1922-07-21,,DU/1922/495,4,4,"OLSKIEJ.. 21 lipca NQ 54. .""\ Rok 1922"
DU,1922,55,1922-07-25,parser+ocr300,1922-07-25,text50:du_rok,1922-07-25,,DU/1922/499,3,3,POLSKIEJ. 25 lipca TreśĆ! 499. 500. I I 501. NQ 55. Rok 1922
DU,1922,56,1922-07-26,parser+ocr300,1922-07-26,text50:du_rok,1922-07-26,,DU/1922/502,17,17,"KIEJ., • 26 lipca Treść: 502. 503. 504. N2 56. Rok 1922"
DU,1922,57,1922-07-28,parser+ocr300,1922-07-28,text:du_rok,1922-07-28,,DU/1922/519,1,1,POLSKIEJ. 28 lipca I NQ 57. Rok 1922
DU,1922,58,1922-07-31,parser+ocr300,1922-07-31,text:du_rok,1922-07-31,,DU/1922/520,7,7,POLSKIEJ. 31 lipca NQ 58. Rok 1922
DU,1922,59,1922-08-02,parser+ocr300,1922-08-02,text50:du_rok,1922-08-02,,DU/1922/527,8,8,POLSKIEJ. 2 sierpnia Treść: 527. NQ 59. Rok 1922
DU,1922,60,1922-08-04,parser+ocr300,1922-08-04,text:du_rok,1922-08-04,,DU/1922/535,13,13,LSKIEJ• . 4 sierpnia NQ 60. Rok 1922
DU,1922,61,1922-08-08,parser+ocr300,1922-08-08,text50:du_rok,1922-08-08,,DU/1922/548,4,4,~----~~ . 8 sierpnia Rok 1922
DU,1922,62,1922-08-09,obraz+parser,1922-08-09,text:du_rok,,1922-08-09,DU/1922/552,10,10,----.:.- 9 sierpnia - ••• _ __ • _ _ _ _. _ Rok 1922
DU,1922,63,1922-08-09,parser+ocr300,1922-08-09,text:du_rok,1922-08-09,,DU/1922/562,6,6,POLSKIEJ. 9 sierpnia NQ 63. Rok 1922
DU,1922,64,1922-08-11,parser+ocr300,1922-08-11,text:du_rok,1922-08-11,,DU/1922/568,13,13,POLSKIEJ. 11 sierpnia N964. Rok 1922
DU,1922,65,1922-08-16,parser+ocr300,1922-08-16,text:du_rok,1922-08-16,,DU/1922/581,9,9,POLSKIEJ. 16 sierpnia Treść: 581. NQ 65. Rok 1922
DU,1922,66,1922-08-18,parser+ocr300,1922-08-18,text:du_rok,1922-08-18,,DU/1922/590,10,9,POLSKIEJ. 18 sierpnia N2 66. Rok 1922
DU,1922,67,1922-08-22,parser+ocr300,1922-08-22,text:du_rok,1922-08-22,,DU/1922/600,16,16,POLSKIEJ. 22 sierpnia N267. Rok 1922
DU,1922,68,1922-08-23,parser+ocr300,1922-08-23,text:du_rok,1922-08-23,,DU/1922/616,2,2," '""7 "" 23 sierpnia Treść: 616. Rok 1922"
DU,1922,69,1922-08-25,obraz+parser,1922-08-25,text50:du_rok,1922-08-25,1922-08-25,DU/1922/618,8,8,POLSKIEJ. 25 sierpnia Tteść: 618. 619. 620. 621. Rok 1922
DU,1922,70,1922-08-26,parser+ocr300,1922-08-26,text:du_rok,1922-08-26,,DU/1922/626,7,7,POLSKIEJ. 26 sierpnia NQ 70. Rok 1922
DU,1922,71,1922-08-30,parser+ocr300,1922-08-30,text50:du_rok,1922-08-30,,DU/1922/633,16,16,POLSKIEJ' 30 sierpnia Treść: 633. 634. 635. N2 71. Rok 1922
DU,1922,72,1922-09-01,obraz+parser,1922-09-01,ocr:du_rok,,1922-09-01,DU/1922/649,9,9,OLSKIEJ. 1 września Na 75 Rok 1922
DU,1922,73,1922-09-04,parser+ocr300,1922-09-04,ocr:du_rok,1922-09-04,,DU/1922/658,9,9,OLSKIEJ. 4 września No 73 Rok 1922
DU,1922,74,1922-09-07,parser+ocr300,1922-09-07,text:du_rok,1922-09-07,,DU/1922/667,10,10,POLSKIEJ. 7 września NQ 74. Rok 1922
DU,1922,75,1922-09-14,parser+ocr300,1922-09-14,text:du_rok,1922-09-14,,DU/1922/677,8,8,"POLSKIEJ. 14 września NQ 75. ' ; .!: :~.,( Rok 1922"
DU,1922,76,1922-09-16,parser+ocr300,1922-09-16,ocr50:du_rok,1922-09-16,,DU/1922/685,3,3,OLSKIEJ: 16 września No 76. Rok 1922
DU,1922,77,1922-09-18,parser+ocr300,1922-09-18,text:du_rok,1922-09-18,,DU/1922/688,13,13,POLSKIEJ. 18 września Ng 77. Rok 1922
DU,1922,78,1922-09-20,parser+ocr300,1922-09-20,ocr:du_rok,1922-09-20,,DU/1922/701,19,19,OLSKIEJ. 20 września No -78. Rok 1922
DU,1922,79,1922-09-26,parser+ocr300,1922-09-26,text:du_rok,1922-09-26,,DU/1922/720,1,1,SKIEJ~ • 26 września NQ 79. Rok 1922
DU,1922,80,1922-09-28,parser+ocr300,1922-09-28,ocr50:du_rok,1922-09-28,,DU/1922/721,2,2,"OLSKIEJ, 28 września No 80. Rok 1922"
DU,1922,81,1922-09-29,parser+ocr300,1922-09-29,ocr:du_rok,1922-09-29,,DU/1922/723,3,3,OLSKIEJ. 29 września No 81. Rok 1922
DU,1922,82,1922-09-29,parser+ocr300,1922-09-29,text:du_rok,1922-09-29,,DU/1922/726,14,14,POLSKlEJ. 29 września • NQ 82. Rok 1922
DU,1922,83,1922-10-01,parser+ocr300,1922-10-01,ocr:du_rok,1922-10-01,,DU/1922/740,8,8,OLSKIEJ. 1 października No 83. Rok 1922
DU,1922,84,1922-10-06,parser+ocr300,1922-10-06,text:du_rok,1922-10-06,,DU/1922/748,10,10,POLSKIEJ. 6 października NQ 84. Rok 1922
DU,1922,85,1922-10-07,parser+ocr300,1922-10-07,text:du_rok,1922-10-07,,DU/1922/758,11,11,POLSKiEJ. 7 października Treść: 758. Dekret o zwołaniu Sejmu Śląskiego. Rok 1922
DU,1922,86,1922-10-11,parser+ocr300,1922-10-11,text:du_rok,1922-10-11,,DU/1922/769,10,10,LSKIEJ. . 11 października i NQ 86. Rok 1922
DU,1922,87,1922-10-17,parser+ocr300,1922-10-17,ocr:du_rok,1922-10-17,,DU/1922/779,5,5,"OLSKIEJ, 17 października No 87. | Rok 1922"
DU,1922,88,1922-10-20,parser+ocr300,1922-10-20,text:du_rok,1922-10-20,,DU/1922/784,15,15,POLSKIEJ. 20 października NQ 88. Rok 1922
DU,1922,89,1922-10-20,parser+ocr300,1922-10-20,text:du_rok,1922-10-20,,DU/1922/799,22,22,SKIEJ. • 20 października NQ 89. Rok 1922
DU,1922,91,1922-10-27,parser+ocr300,1922-10-27,text50:du_rok,1922-10-27,,DU/1922/846,2,2,POLSKIEJ. 27 października Treść: 846. 847. NQ 91. Rok 1922
DU,1922,92,1922-10-31,parser+ocr300,1922-10-31,text:du_rok,1922-10-31,,DU/1922/848,19,19,OLSIClEJ. 31 paidziernika . Rok 1922
DU,1922,93,1922-11-01,parser+ocr300,1922-11-01,ocr:du_rok,1922-11-01,,DU/1922/867,4,4,"OLSKIEJ, 1 listopada No 93. Rok 1922"
DU,1922,94,1922-11-04,parser+ocr300,1922-11-04,text50:du_rok,1922-11-04,,DU/1922/871,4,4,POLSKIEJ. 4 listopada Treść: 811. Rok 1922
DU,1922,95,1922-11-07,parser+ocr300,1922-11-07,text50:du_rok,1922-11-07,,DU/1922/875,7,7,----_. ~ 7 listopada Treść: 875. 876. 877. 878. NQ 95. Rok 1922
DU,1922,96,1922-11-09,parser+ocr300,1922-11-09,ocr50:du_rok,1922-11-09,,DU/1922/882,8,8,"OLSKIEJ, 9 listopada No 96. Rok 1922"
DU,1922,97,1922-11-11,parser+ocr300,1922-11-11,text:du_rok,1922-11-11,,DU/1922/890,5,5,POLSKIEJ. 11 listopada NQ 97. Rok 1922
DU,1922,98,1922-11-17,parser+ocr300,1922-11-17,text50:du_rok,1922-11-17,,DU/1922/895,12,12,POLSKIEJ. 17 listopada Treść: 895. 896. 897. NQ 98. Rok 1922
DU,1922,99,1922-11-18,parser+ocr300,1922-11-18,text:du_rok,1922-11-18,,DU/1922/907,7,7,POLSKIEJ. 18 listopada NQ 99. Rok 1922
DU,1922,100,1922-11-20,parser+ocr300,1922-11-20,text:du_rok,1922-11-20,,DU/1922/914,4,4,POLSKIEJ. 20 listopada NQ 100. Rok 1922
DU,1922,101,1922-11-24,parser+ocr300,1922-11-24,text:du_rok,1922-11-24,,DU/1922/918,18,18,SKIEJ. t 24 listopada Rok 1922
DU,1922,102,1922-11-27,parser+ocr300,1922-11-27,text:du_rok,1922-11-27,,DU/1922/936,1,1,-_.----- 27 listopada NQ 102. Rok 1922
DU,1922,103,1922-11-29,parser+ocr300,1922-11-29,text:du_rok,1922-11-29,,DU/1922/937,11,11,KIEJ• . 29 listopada NQ 103. Rok 1922
DU,1922,104,1922-11-30,parser+ocr300,1922-11-30,text:du_rok,1922-11-30,,DU/1922/948,24,24,POLSKIEJ. 30 listopada NQ 104. Rok 1922
DU,1922,105,1922-12-04,parser+ocr300,1922-12-04,text:du_rok,1922-12-04,,DU/1922/972,9,9,POLSKIEJ~ 4 grudnia NQ 105. Rok 1922
DU,1922,106,1922-12-07,parser+ocr300,1922-12-07,ocr50:du_rok,1922-12-07,,DU/1922/981,15,15,OLSKIEJ. 7 grudnia No 106. Rok 1922
DU,1922,107,1922-12-14,parser+ocr300,1922-12-14,text:du_rok,1922-12-14,,DU/1922/996,5,5,POLSKIEJ. 14 grudnia NQ 107. Rok 1922
DU,1922,108,1922-12-15,parser+ocr300,1922-12-15,text:du_rok,1922-12-15,,DU/1922/1001,6,6,POLSKIEJ. 15 grudnia NQ 108. Rok 1922
DU,1922,109,1922-12-15,parser+ocr300,1922-12-15,ocr:du_rok,1922-12-15,,DU/1922/1007,3,3,OLSKIEJ. 15 grudnia No 109. Rok 1922
DU,1922,110,1922-12-18,parser+ocr300,1922-12-18,text:du_rok,1922-12-18,,DU/1922/1010,2,2,POLSKiEJ. 18 grudnia Rok 1922
DU,1922,111,1922-12-19,parser+ocr300,1922-12-19,text50:du_rok,1922-12-19,,DU/1922/1012,2,2, NQ 111. 19 grudnia Treść: 1012. Oświadczenie Rządo we Rok 1922
DU,1922,112,1922-12-20,parser+ocr300,1922-12-20,ocr:du_rok,1922-12-20,,DU/1922/1014,14,14,OLSKIEJ. 20 grudnia No TI2. Rok 1922
DU,1922,113,1922-12-21,parser+ocr300,1922-12-21,text:du_rok,1922-12-21,,DU/1922/1028,1,1,-------- 21 grudnia. NQ 113. Rok 1922
DU,1922,114,1922-12-21,parser+ocr300,1922-12-21,text:du_rok,1922-12-21,,DU/1922/1029,3,3,POLSKIEJ. 21 grudnia Rok 1922
DU,1922,115,1922-12-28,parser+ocr300,1922-12-28,text:du_rok,1922-12-28,,DU/1922/1032,16,15,SKIEJ. • 28 grudnia Rok 1922
DU,1922,116,1922-12-30,parser+ocr300,1922-12-30,text:du_rok,1922-12-30,,DU/1922/1048,22,22,----------30 grudnia N2 116. Rok 1922
DU,1923,1,1923-01-04,parser+ocr300,1923-01-04,ocr:du_rok,1923-01-04,,DU/1923/1,6,6,OLSKIEJ. 4 stycznia No 1. Rok 1923
DU,1923,2,1923-01-09,parser+ocr300,1923-01-09,text:du_rok,1923-01-09,,DU/1923/7,4,4,-----~-- 9 stycznia Treść: 7. Rozporządzenie NQ 2. Rok 1923
DU,1923,3,1923-01-11,parser+ocr300,1923-01-11,text:du_rok,1923-01-11,,DU/1923/11,7,7,"LSKlEJ. , 11 stycznia N2 3. Rok 1923"
DU,1923,4,1923-01-16,parser+ocr300,1923-01-16,text:du_rok,1923-01-16,,DU/1923/18,5,5,POLSKIEJ. 16 stycznia Rok 1923
DU,1923,5,1923-01-18,parser+ocr300,1923-01-18,text:du_rok,1923-01-18,,DU/1923/23,14,14,POLSKIEJ. 18 stycznia Rok 1923
DU,1923,6,1923-01-22,obraz×2,,none,,1923-01-22 1923-01-22,DU/1923/37,7,7,
DU,1923,7,1923-01-23,obraz×2,,none,,1923-01-23 1923-01-23,DU/1923/44,4,4,
DU,1923,8,1923-01-27,parser+ocr300,1923-01-27,text:du_rok,1923-01-27,,DU/1923/48,7,7,S Kl E J. 27 stycznia NQ 8. Rok 1923
DU,1923,9,1923-01-31,parser+ocr300,1923-01-31,text50:du_rok,1923-01-31,,DU/1923/55,1,1, E J. • 31 stycznia Treść: 55. N29 . Rok 1923
DU,1923,10,1923-01-31,parser+ocr300,1923-01-31,text:du_rok,1923-01-31,,DU/1923/56,17,17,""". .4 • 31 stycznia RZECZYPOSPOLITEJ POLSKIEJ• 'Rok 1923"
DU,1923,11,1923-02-01,obraz+parser,1923-02-01,text50:du_rok,,1923-02-01,DU/1923/73,4,4,POLSKIEJ. l lutego Treść: 73. 74. 75. 76. Rok 1923
DU,1923,12,1923-02-01,parser+ocr300,1923-02-01,text:du_rok,1923-02-01,,DU/1923/77,4,4,POLSKIEJ. 1 lutego NQ 12. Rok 1923
DU,1923,13,1923-02-09,parser+ocr300,1923-02-09,text:du_rok,1923-02-09,,DU/1923/81,10,10,"---,~--- 9 lutego NQ 13. Rok 1923"
DU,1923,14,1923-02-15,parser+ocr300,1923-02-15,text:du_rok,1923-02-15,,DU/1923/91,9,9,POLSKIEJ. 15 lutego NQ 14. Rok 1923
DU,1923,15,1923-02-20,obraz+parser,1923-02-20,text:du_rok,1923-02-20,1923-02-20,DU/1923/100,4,4,~------- 20 lutego N215. Rok 1923
DU,1923,16,1923-02-20,parser+ocr300,1923-02-20,text:du_rok,1923-02-20,,DU/1923/104,4,4,POLSKIEJ. 20 lutego Rok 1923
DU,1923,17,1923-02-24,parser+ocr300,1923-02-24,text:du_rok,1923-02-24,,DU/1923/108,5,5,POLSKiEJ. 24 lutego NQ 17. Rok 1923
DU,1923,18,1923-02-26,parser+ocr300,1923-02-26,text50:du_rok,1923-02-26,,DU/1923/113,15,15,-------- 26 lutego Treść: 113. / 114. NQ 18. Rok 1923
DU,1923,19,1923-02-28,parser+ocr300,1923-02-28,text:du_rok,1923-02-28,,DU/1923/128,4,4,----------28 lutego NQ 19. Rok 1923
DU,1923,20,1923-03-01,parser+ocr300,1923-03-01,text:du_rok,1923-03-01,,DU/1923/132,1,1, N9. 20. 1 marca Treść: 132. Rozporz ądzenie wykonawcze Rok 1923
DU,1923,21,1923-03-03,parser+ocr300,1923-03-03,text:du_rok,1923-03-03,,DU/1923/133,5,5,OLSKIEJ.' 3 marca Treść: 133. Rok 1923
DU,1923,22,1923-03-04,parser+ocr300,1923-03-04,text:du_rok,1923-03-04,,DU/1923/138,2,2,POLSKIEJ. 4 marca. Rok 1923
DU,1923,23,1923-03-06,parser+ocr300,1923-03-06,text:du_rok,1923-03-06,,DU/1923/140,4,4,POLSKIEJ. 6 marca NQ 23. Rok 1923
DU,1923,24,1923-03-09,parser+ocr300,1923-03-09,text:du_rok,1923-03-09,,DU/1923/144,10,10,OLSKIEJ.. 9 marca NQ 24. Rok 1923
DU,1923,25,1923-03-10,parser+ocr300,1923-03-10,text50:du_rok,1923-03-10,,DU/1923/154,2,2,L'S KIEJ. 10 marca Treść: 154. 156. NQ 25. Rok 1923
DU,1923,26,1923-03-12,parser+ocr300,1923-03-12,text:du_rok,1923-03-12,,DU/1923/156,1,1,POLSKIEJ. 12 marca NQ 26. Rok 1923
DU,1923,27,1923-03-14,parser+ocr300,1923-03-14,text:du_rok,1923-03-14,,DU/1923/157,9,9,J• . t . 14 marca. N2 27. Rok 1923
DU,1923,28,1923-03-20,obraz+parser,1923-03-20,text50:du_rok,1923-03-20,1923-03-20,DU/1923/166,15,15, N2 28. 20 marca Rok 1923
DU,1923,29,1923-03-22,parser+ocr300,1923-03-22,text:du_rok,1923-03-22,,DU/1923/181,2,2,--~-------22 marca Rok 1923
DU,1923,30,1923-03-24,parser+ocr300,1923-03-24,text:du_rok,1923-03-24,,DU/1923/183,6,6, .--------24 marca Rok 1923
DU,1923,31,1923-03-28,obraz+parser,1923-03-28,ocr50:du_rok,1923-03-28,1923-03-28,DU/1923/189,16,16,OLSKIEJ. 28 marca No 31. Rok 1923
DU,1923,32,1923-03-28,parser+ocr300,1923-03-28,text:du_rok,1923-03-28,,DU/1923/205,10,10,______ ~ 28 marca. NQ 32. Rok 1923
DU,1923,33,1923-03-30,parser+ocr300,1923-03-30,text:du_rok,1923-03-30,,DU/1923/215,6,6,OLSKIEcl( 30 marca. NQ 33. Rok 1923
DU,1923,34,1923-04-01,parser+ocr300,1923-04-01,text:du_rok,1923-04-01,,DU/1923/221,7,7,POLSKIEJ. l kwietnia NQ 34. - Rok 1923
DU,1923,36,1923-04-07,parser+ocr300,1923-04-07,text:du_rok,1923-04-07,,DU/1923/231,15,15,POLSKIEJ. 7 kwietnia NQ 36. Rok 1923
DU,1923,37,1923-04-10,parser+ocr300,1923-04-10,ocr:du_rok,1923-04-10,,DU/1923/246,3,3,OLSKIEJ. 10 kwietnia No 37. Rok 1923
DU,1923,38,1923-04-12,parser+ocr300,1923-04-12,text:du_rok,1923-04-12,,DU/1923/249,19,19,POLSKIEJ. 12 kwietnia N2 38. Rok 1923
DU,1923,39,1923-04-14,obraz+parser,1923-04-14,ocr50:du_rok,1923-04-14,1923-04-14,DU/1923/268,8,8,"OLSKIEJ, 14 kwietnia No 39. Rok 1923"
DU,1923,40,1923-04-16,parser+ocr300,1923-04-16,text50:du_rok,1923-04-16,,DU/1923/276,6,6, NQ 40. 16 kwietnia. Treść: 276~ 277. 278. 279. Rok 1923
DU,1923,41,1923-04-18,parser+ocr300,1923-04-18,text:du_rok,1923-04-18,,DU/1923/282,3,3," I , i 18 kwietnia RZECZYPOSPOLITEJ POLSKIEJ. Rok 1923"
DU,1923,42,1923-04-21,parser+ocr300,1923-04-21,text:du_rok,1923-04-21,,DU/1923/285,7,7,KIEJ. .- 21 kwietnia N242. Rok 1923
DU,1923,43,1923-04-24,parser+ocr300,1923-04-24,text50:du_rok,1923-04-24,,DU/1923/292,4,4,POLSKIEJ. 24 kwietnia Treść: 292. 293. 294. NQ 43. Rok 1923
DU,1923,44,1923-04-24,parser+ocr300,1923-04-24,ocr:du_rok,1923-04-24,,DU/1923/296,9,9,"OLSKIEJ. 24 kwietnia No 44, Rok 1923"
DU,1923,45,1923-04-26,obraz+parser,1923-04-26,ocr50:du_rok,1923-04-26,1923-04-26 1923-04-26,DU/1923/305,5,5,OLSKIEJ. 26 kwietnia No 45. Rok 1923
DU,1923,46,1923-04-30,parser+ocr300,1923-04-30,text:du_rok,1923-04-30,,DU/1923/310,10,10,----------30 kwietnia Rok 1923
DU,1923,47,1923-05-05,parser+ocr300,1923-05-05,text:du_rok,1923-05-05,,DU/1923/320,7,7,POLSKIEJ. 5 maja Treść: 320. NQ 47. Rok 1923
DU,1923,48,1923-05-09,parser+ocr300,1923-05-09,text:du_rok,1923-05-09,,DU/1923/327,6,6,OLSKIEJ.' 9 maja N248. Rok 1923
DU,1923,49,1923-05-11,parser+ocr300,1923-05-11,ocr50:du_rok,1923-05-11,,DU/1923/333,19,19,OLSKIEJ. 11 maja No 49. Rok 1923
DU,1923,50,1923-05-14,parser+ocr300,1923-05-14,text50:du_rok,1923-05-14,,DU/1923/352,6,6, N2 50. 14 maja Rok 1923
DU,1923,52,1923-05-19,parser+ocr300,1923-05-19,text:du_rok,1923-05-19,,DU/1923/363,2,2, NQ 52. 19 maja Treść: 363. Rozporządzenie Rok 1923
DU,1923,53,1923-05-24,parser+ocr300,1923-05-24,text:du_rok,1923-05-24,,DU/1923/365,10,10, NQ 53. 24 maja Treść: 365. Rozporządzenie djet dziennych Rok 1923
DU,1923,54,1923-05-26,parser+ocr300,1923-05-26,text:du_rok,1923-05-26,,DU/1923/375,11,11,~------- 26 maja Treść: 375. 376. NQ 54. Rok 1923
DU,1923,55,1923-05-30,parser+ocr300,1923-05-30,text:du_rok,1923-05-30,,DU/1923/386,13,13," POLSKIEJ 30 maja I""reść: 386. N2 55. Rok 1923"
DU,1923,56,1923-06-01,parser+ocr300,1923-06-01,text:du_rok,1923-06-01,,DU/1923/399,4,4,------~---1 czerwca Rok 1923
DU,1923,57,1923-06-09,parser+ocr300,1923-06-09,text50:du_rok,1923-06-09,,DU/1923/403,9,9,SKIEJ. h 9 czerwca freść: 403. 4CT4. NQ 57. _ I _• Rok 1923
DU,1923,58,1923-06-12,parser+ocr300,1923-06-12,ocr50:du_rok,1923-06-12,,DU/1923/412,3,3,"OLSKIEJ, 12 czerwca No 58. Rok 1923"
DU,1923,59,1923-06-15,obraz+parser,1923-06-15,ocr:du_rok,1923-06-15,1923-06-15,DU/1923/415,20,20,OLSKIEJ. 15 czerwca No 59. Rok 1923
DU,1923,60,1923-06-19,parser+ocr300,1923-06-19,text50:du_rok,1923-06-19,,DU/1923/435,9,9,IEJ. {it 19 czerwca .Treść: 435. 436. Rok 1923
DU,1923,61,1923-06-21,parser+ocr300,1923-06-21,ocr50:du_rok,1923-06-21,,DU/1923/444,14,14,OLSKIEJ. 21 czerwca No 61. Rok 1923
DU,1923,62,1923-06-23,parser+ocr300,1923-06-23,text50:du_rok,1923-06-23,,DU/1923/458,8,8, K l E J. 23 czerwca Treść: 458. 459. 45 0 . 461. N262. Rok 1923
DU,1923,65,1923-07-02,parser+ocr300,1923-07-02,text50:du_rok,1923-07-02,,DU/1923/505,5,5,POLSKIEJ. 2 lipca Treść: 505. 506. 507. 508. NQ 65. Rok 1923
DU,1923,66,1923-07-06,parser+ocr300,1923-07-06,text50:du_rok,1923-07-06,,DU/1923/510,10,10,POLSKIEJ. 6 lipca Treść: 510. 511. 512. 513. 514. NQ 66. Rok 1923
DU,1923,67,1923-07-11,parser+ocr300,1923-07-11,text:du_rok,1923-07-11,,DU/1923/520,5,5,"POLSKIEJ. 11 lipca .NQ 67. , Rok 1923"
DU,1923,68,1923-07-12,parser+ocr300,1923-07-12,ocr50:du_rok,1923-07-12,,DU/1923/525,16,16,OLSKIEJ. 12 lipca No 68. Rok 1923
DU,1923,69,1923-07-19,parser+ocr300,1923-07-19,ocr50:du_rok,1923-07-19,,DU/1923/541,8,8,OLSKIEJ. 19 lipca No 69. Rok 1923
DU,1923,70,1923-07-23,parser+ocr300,1923-07-23,ocr50:du_rok,1923-07-23,,DU/1923/549,6,6,KIEJ. s 23 lipca oezoaniń No 70. Rok 1923
DU,1923,71,1923-07-24,parser+ocr300,1923-07-24,ocr50:du_rok,1923-07-24,,DU/1923/555,4,4,IEJ. —p— 24 lipca No 71. Rok 1923
DU,1923,72,1923-07-26,parser+ocr300,1923-07-26,ocr:du_rok,1923-07-26,,DU/1923/559,9,9,OLSKIEJ. 26 lipca No 72. Rok 1923
DU,1923,73,1923-07-27,obraz+parser,1923-07-27,text50:du_rok,1923-07-27,1923-07-27,DU/1923/568,13,13, N2 73. 27 lipca Rok 1923
DU,1923,74,1923-07-28,obraz×2 (odczyty maszynowe inne),1923-07-26,ocr:du_rok,1923-07-26,1923-07-28 1923-07-28,DU/1923/581,2,2,OLSKIEJ. 26 lipca No 74. Rok 1923
DU,1923,75,1923-07-31,parser+ocr300,1923-07-31,ocr50:du_rok,1923-07-31,,DU/1923/583,11,11,OLSKIEJ. 31 lipca No 75. Rok 1923
DU,1923,76,1923-08-03,parser+ocr300,1923-08-03,text:du_rok,1923-08-03,,DU/1923/594,11,11,OLSIClEJ. 3 sierpnia l'{Q 76. Rok 1923
DU,1923,77,1923-08-07,parser+ocr300,1923-08-07,text:du_rok,1923-08-07,,DU/1923/605,5,5,POLSKIEJ. 7 sierpnia N277. Rok 1923
DU,1923,78,1923-08-10,parser+ocr300,1923-08-10,ocr:du_rok,1923-08-10,,DU/1923/610,12,12,OLSKIEJ. 10 sierpnia No 78. Rok 1923
DU,1923,79,1923-08-11,parser+ocr300,1923-08-11,text50:du_rok,1923-08-11,,DU/1923/622,8,8,POLSKIEJ. 11 sierpnia Treść: 622. 623. 624. 625. 626. Rok 1923
DU,1923,80,1923-08-14,parser+ocr300,1923-08-14,text:du_rok,1923-08-14,,DU/1923/630,3,3,POLSKIEJ. 14 sierpnia NQ 80. Rok 1923
DU,1923,81,1923-08-14,parser+ocr300,1923-08-14,text50:du_rok,1923-08-14,,DU/1923/633,3,3, N2 81. 14 sierpnia TreśĆ: 633. Rok 1923
DU,1923,82,1923-08-21,parser+ocr300,1923-08-21,text:du_rok,1923-08-21,,DU/1923/636,9,9,SKIEJ. · 21 sierpnia N282. Rok 1923
DU,1923,83,1923-08-23,parser+ocr300,1923-08-23,text50:du_rok,1923-08-23,,DU/1923/645,1,1,NQ 83. . 23 sierpnia Rok 1923
DU,1923,84,1923-08-25,parser+ocr300,1923-08-25,text50:du_rok,1923-08-25,,DU/1923/646,18,18,----------25 sierpnia Trett: 646. • 647. NQ 84. Rok 1923
DU,1923,85,1923-08-29,parser+ocr300,1923-08-29,text50:du_rok,1923-08-29,,DU/1923/664,4,4,. N285. 29 sierpnia Treść: 664. Rok 1923
DU,1923,86,1923-08-30,obraz+ocr300,,none,1923-08-30,1923-08-30,DU/1923/668,8,7,
DU,1923,87,1923-08-31,parser+ocr300,1923-08-31,ocr50:du_rok,1923-08-31,,DU/1923/676,13,13,OLSKIEJ. 31 sierpnia No 87. Rok 1923
DU,1923,88,1923-08-31,obraz+ocr300 (trzeci odczyt inny),1923-08-01,text50:du_rok,1923-08-31,1923-08-31,DU/1923/689,9,9,______~ !1 sierpnia Treść: 689. N988. Rok 1923
DU,1923,89,1923-09-06,parser+ocr300,1923-09-06,text50:du_rok,1923-09-06,,DU/1923/698,6,6,KlEJ• ... 6 września Ng·89. I \ Rok 1923
DU,1923,90,1923-09-14,parser+ocr300,1923-09-14,ocr50:du_rok,1923-09-14,,DU/1923/704,8,8,OLSKIEJ. 14 września No 90. Rok 1923
DU,1923,91,1923-09-14,parser+ocr300,1923-09-14,text:du_rok,1923-09-14,,DU/1923/712,6,6,KIEJ. . . 14 września Rok 1923
DU,1923,92,1923-09-21,parser+ocr300,1923-09-21,text:du_rok,1923-09-21,,DU/1923/718,18,18,POLSKIEJ. 21 września NQ 92. Rok 1923
DU,1923,93,1923-09-22,parser+ocr300,1923-09-22,text50:du_rok,1923-09-22,,DU/1923/736,10,10,POLSKIEJ. 22 września Treść: 736. -. NQ 93. Rok 1923
DU,1923,94,,bez odczytu (do obrazu),,none,,nieczytelny,DU/1923/746,14,14,
DU,1923,96,1923-09-29,parser+ocr300,1923-09-29,text:du_rok,1923-09-29,,DU/1923/761,9,9,-------~ 29 września Treść: 761. NQ 96. Rok 1923
DU,1923,97,1923-09-29,parser+ocr300,1923-09-29,text50:du_rok,1923-09-29,,DU/1923/770,5,5,IJSI{JEJ. 29 września Treść: 770. 771. 772. 773. NQ 97. Rok 1923
DU,1923,98,1923-10-01,parser+ocr300,1923-10-01,text50:du_rok,1923-10-01,,DU/1923/775,7,7,POLSKIEJ. 1 października Treść: 775. 776. 777. 778. NQ 98. Rok 1923
DU,1923,99,1923-10-05,parser+ocr300,1923-10-05,ocr50:du_rok,1923-10-05,,DU/1923/782,5,5,"OLSKIEJ, 5 października No 99. Rok 1923"
DU,1923,100,1923-10-05,parser+ocr300,1923-10-05,text:du_rok,1923-10-05,,DU/1923/787,7,7,- 5 października NQ 100. Rok 1923
DU,1923,102,1923-10-10,parser+ocr300,1923-10-10,text:du_rok,1923-10-10,,DU/1923/798,6,6,POLSKIEJ. 10 października N2 102. Rok 1923
DU,1923,103,1923-10-13,parser+ocr300,1923-10-13,text:du_rok,1923-10-13,,DU/1923/804,5,5,----------13 października Rok 1923
DU,1923,104,1923-10-15,parser+ocr300,1923-10-15,text50:du_rok,1923-10-15,,DU/1923/809,8,8,POLSKIEJ. 15 października NQ 104. Rok 1923
DU,1923,106,1923-10-22,parser+ocr300,1923-10-22,text:du_rok,1923-10-22,,DU/1923/832,9,9,POLSKIEJ~ 22 października NQ 106. Rok 1923
DU,1923,107,,bez odczytu (do obrazu),,none,,,DU/1923/841,4,4,
DU,1923,108,1923-10-25,parser+ocr300,1923-10-25,text50:du_rok,1923-10-25,,DU/1923/845,13,13,---------.25 października Treść: 845. 846. 847. 848. NQ 108. Rok 1923
DU,1923,109,1923-10-29,parser+ocr300,1923-10-29,text:du_rok,1923-10-29,,DU/1923/858,14,14,POLSKIEJ. 29 paidziernika NQ 109. Rok 1923
DU,1923,110,1923-10-31,parser+ocr300,1923-10-31,text50:du_rok,1923-10-31,,DU/1923/872,13,13,POLSKIEJ. 31 października Treść: 872. 873. 874. NQ 110. Rok 1923
DU,1923,111,1923-10-31,parser+ocr300,1923-10-31,ocr50:du_rok,1923-10-31,,DU/1923/885,6,6,"OLSKIEJ, 31 października No TIL. Rok 1923"
DU,1923,112,1923-11-08,parser+ocr300,1923-11-08,text:du_rok,1923-11-08,,DU/1923/891,15,15,IEJ. .. 8 listopada NQ 112. Rok 1923
DU,1923,113,1923-11-09,parser+ocr300,1923-11-09,text50:du_rok,1923-11-09,,DU/1923/906,5,5,OSPOLITEJ 9 listopada Treść: 906. 907. 908. N2 113. POIlSKIEJ. Rok 1923
DU,1923,114,1923-11-12,parser+ocr300,1923-11-12,text:du_rok,1923-11-12,,DU/1923/911,8,8,POLSKIEJ. 12 listopada N2 114. Rok 1923
DU,1923,115,1923-11-13,parser+ocr300,1923-11-13,text:du_rok,1923-11-13,,DU/1923/919,5,5,POLSKIEJ. 13 listopada N2 115. Rok 1923
DU,1923,116,1923-11-15,parser+ocr300,1923-11-15,text:du_rok,1923-11-15,,DU/1923/924,10,10,POLSKIEJ. 15 listopada Treść: 924. N2 116. Rok 1923
DU,1923,117,1923-11-17,parser+ocr300,1923-11-17,text:du_rok,1923-11-17,,DU/1923/934,8,8,-------- 17 listopada NQ 117. Rok 1923
DU,1923,118,1923-11-22,parser+ocr300,1923-11-22,text50:du_rok,1923-11-22,,DU/1923/942,14,14,POLSKIEJ. 22 listopada Treść: 942. 943. 944. 945. NQ 118. Rok 1923
DU,1923,119,1923-11-25,parser+ocr300,1923-11-25,text:du_rok,1923-11-25,,DU/1923/956,12,12,{IEJ. • - 25 listopada N2 119. Rok 1923
DU,1923,120,1923-11-27,parser+ocr300,1923-11-27,text50:du_rok,1923-11-27,,DU/1923/968,5,5,IEJ• . • 27 listopada Treść: 968. 969. 970. 971. NQ 120. Rok 1923
DU,1923,121,1923-11-30,obraz+parser,1923-11-30,text:du_rok,1923-11-30,1923-11-30,DU/1923/973,18,18,OLSK1.EJ. 30 listopada NQ 121. Rok 1923
DU,1923,122,1923-12-01,parser+ocr300,1923-12-01,text:du_rok,1923-12-01,,DU/1923/991,5,5,POLSKIEJ. 1 grudnia NQ 122. Rok 1923
DU,1923,123,1923-12-04,parser+ocr300,1923-12-04,text:du_rok,1923-12-04,,DU/1923/996,2,2,nz 'y -' 4 grudnia 4 RZECZYPOSPOLITEJ POLSKIEJ. NQ 123. cn Rok 1923
DU,1923,124,1923-12-09,obraz+parser,1923-12-09,text50:du_rok,,1923-12-09,DU/1923/998,18,18,-------. 9 grudnia Treść N2 124. Rok 1923
DU,1923,125,1923-12-09,parser+ocr300,1923-12-09,text50:du_rok,1923-12-09,,DU/1923/1016,3,3,"SKIEJ. , 9 grudnia N2 125. Rok 1923"
DU,1923,126,1923-12-12,parser+ocr300,1923-12-12,text:du_rok,1923-12-12,,DU/1923/1019,25,25,POLSKIEJ. 12 grudnia NQ 126. I. Rok 1923
DU,1923,127,1923-12-15,parser+ocr300,1923-12-15,text:du_rok,1923-12-15,,DU/1923/1044,7,7,POLSKIEJ. 15 grudnia NQ 127. • Rok 1923
DU,1923,128,1923-12-15,parser+ocr300,1923-12-15,text50:du_rok,1923-12-15,,DU/1923/1051,5,5,POLSKIEJ. 15 grudnia N2 128. Rok 1923
DU,1923,129,1923-12-18,parser+ocr300,1923-12-18,text:du_rok,1923-12-18,,DU/1923/1056,2,2,I{lEJ. ; 18 grudnia NQ 129. f · . Rok 1923
DU,1923,130,1923-12-18,parser+ocr300,1923-12-18,ocr:du_rok,1923-12-18,,DU/1923/1058,2,2,OLSKIEJ. 18 grudnia No 130. Rok 1923
DU,1923,131,1923-12-19,parser+ocr300,1923-12-19,text:du_rok,1923-12-19,,DU/1923/1060,10,10,OLSI{lEJ. 19 grudnia NQ 131. .L Rok 1923
DU,1923,132,1923-12-22,parser+ocr300,1923-12-22,text:du_rok,1923-12-22,,DU/1923/1070,28,28,POLSKIEJ. 22 grudnia N2 132. Rok 1923
DU,1923,133,1923-12-23,parser+ocr300,1923-12-23,text:du_rok,1923-12-23,,DU/1923/1098,9,8,"SKIEJ. , 23 grudnia NQ ,133. Rok 1923"
DU,1923,134,1923-12-27,parser+ocr300,1923-12-27,text50:du_rok,1923-12-27,,DU/1923/1107,12,12,"OLSKIEJ., 27 grudnia NQ 134. Rok 1923"
DU,1923,135,1923-12-28,parser+ocr300,1923-12-28,ocr50:du_rok,1923-12-28,,DU/1923/1119,13,13,"OLSKIEJ. 28 grudnia ""No 135. Rok 1923"
DU,1923,136,1923-12-31,parser+ocr300,1923-12-31,text:du_rok,1923-12-31,,DU/1923/1132,3,3,POLSKIEJ. 31 grudnia N2 136. Rok 1923
DU,1923,137,1923-12-31,parser+ocr300,1923-12-31,text:du_rok,1923-12-31,,DU/1923/1135,26,26,OL SKIEJ. 31 grudnia Ng 137. Rok 1923
DU,1924,1,1924-01-03,parser+ocr300,1924-01-03,text:du_rok,1924-01-03,,DU/1924/1,6,6,"OLSKIEJ• .3 stycznia , Rok 1924"
DU,1924,2,1924-01-08,parser+ocr300,1924-01-08,text:du_rok,1924-01-08,,DU/1924/7,8,8,LSKIEJ• • 8 stycznia Rok 1924
DU,1924,3,1924-01-14,parser+ocr300,1924-01-14,text:du_rok,1924-01-14,,DU/1924/15,10,10,=---------14 stycznia Rok 1924
DU,1924,4,1924-01-15,obraz+parser,1924-01-15,text50:du_rok,1924-01-15,1924-01-15,DU/1924/25,12,12,IEJ• . \ 15 stycznia NQ 4. Rok 1924
DU,1924,5,1924-01-16,parser+ocr300,1924-01-16,text:du_rok,1924-01-16,,DU/1924/37,9,9,----------16 stycznia Rok 1924
DU,1924,6,1924-01-19,parser+ocr300,1924-01-19,text50:du_rok,1924-01-19,,DU/1924/46,4,4,"L~ -~ ,~ 19 stycznia Treść: Rok 1924"
DU,1924,7,1924-01-23,parser+ocr300,1924-01-23,text:du_rok,1924-01-23,,DU/1924/50,24,11,POLSKIEJ. 23 stycznia N2 7. - ; Rok 1924
DU,1924,8,1924-01-25,parser+ocr300,1924-01-25,text50:du_rok,1924-01-25,,DU/1924/74,11,11,"SKIEJ. W 25 stycznia N28. tb r 3D "" p U * 'M · e . """" iC st: «. Sur Rok 1924"
DU,1924,9,1924-01-28,parser+ocr300,1924-01-28,text50:du_rok,1924-01-28,,DU/1924/85,6,6,-------- 28 stycznia Treść: 85. 86. 87. Rok 1924
DU,1924,10,1924-01-30,parser+ocr300,1924-01-30,text:du_rok,1924-01-30,,DU/1924/91,2,2,POLSKIEJ. 30 stycznia NQ 10. Rok 1924
DU,1924,11,1924-01-30,parser+ocr300,1924-01-30,text:du_rok,1924-01-30,,DU/1924/93,8,8,OLSKIEJ. :30 stycznia Rok 1924
DU,1924,12,1924-02-05,obraz+parser,1924-02-05,text:du_rok,1924-02-05,1924-02-05,DU/1924/101,9,9,POLSKIEJ. 5 lutego NQ 12. Rok 1924
DU,1924,13,1924-02-08,obraz+ocr300,,none,1924-02-08,1924-02-08,DU/1924/110,17,17,
DU,1924,14,1924-02-14,parser+ocr300,1924-02-14,text50:du_rok,1924-02-14,,DU/1924/127,16,16,POLSKIEJ. 14 lutego Rok 1924
DU,1924,15,1924-02-18,parser+ocr300,1924-02-18,text:du_rok,1924-02-18,,DU/1924/143,5,5,"IEJ. ' , 18 lutego \ . Rok 1924"
DU,1924,16,1924-02-25,parser+ocr300,1924-02-25,text50:du_rok,1924-02-25,,DU/1924/148,26,26,"--J- ,l 25 lutego , ;rreść: ,.l48. Rok 1924"
DU,1924,17,1924-02-26,parser+ocr300,1924-02-26,text:du_rok,1924-02-26,,DU/1924/174,4,4,-------- 26 lutego NQ J7. \ Rok 1924
DU,1924,18,1924-02-28,parser+ocr300,1924-02-28,text:du_rok,1924-02-28,,DU/1924/178,7,7,POLSKIEJ. 28 lutego Rok 1924
DU,1924,19,1924-02-29,obraz+parser,1924-02-29,ocr50:du_rok,,1924-02-29,DU/1924/185,26,26,OLSKIEJ. 29 lutego . No 19. Rok 1924
DU,1924,20,1924-03-05,parser+ocr300,1924-03-05,text50:du_rok,1924-03-05,,DU/1924/211,12,11, NQ 20. 5 marca Rok 1924
DU,1924,21,1924-03-08,parser+ocr300,1924-03-08,ocr50:du_rok,1924-03-08,,DU/1924/223,11,11,OLSKIEJ. 8 marca No 21. Rok 1924
DU,1924,22,1924-03-11,obraz+parser,1924-03-11,ocr:du_rok,1924-03-11,1924-03-11 1924-03-11,DU/1924/234,13,13,OLSKIEJ. 11 marca No 22. Rok 1924
DU,1924,23,1924-03-15,parser+ocr300,1924-03-15,text:du_rok,1924-03-15,,DU/1924/247,6,6,POLSKIEJ. 15 marca N2 23. Rok 1924
DU,1924,24,1924-03-15,parser+ocr300,1924-03-15,text:du_rok,1924-03-15,,DU/1924/253,4,4,J.... ta 15 marca NQ 24. Rok 1924
DU,1924,25,1924-03-15,parser+ocr300,1924-03-15,text:du_rok,1924-03-15,,DU/1924/257,2,2,"_. -,y . 15 marca Rok 1924"
DU,1924,26,1924-03-18,parser+ocr300,1924-03-18,text50:du_rok,1924-03-18,,DU/1924/259,12,12," ',,: - 18 marca Treść: 259. 260. 261. 'Ng 26. "" . Rok 1924"
DU,1924,27,1924-03-21,parser+ocr300,1924-03-21,ocr:du_rok,1924-03-21,,DU/1924/271,6,6,LSKIEJ. *21 marca No 27. Rok 1924
DU,1924,28,,bez odczytu (do obrazu),,none,,,DU/1924/277,8,8,
DU,1924,29,1924-03-31,parser+ocr300,1924-03-31,text50:du_rok,1924-03-31,,DU/1924/285,14,14,"POLSKIEJ. 31 marca Treś ć: 285. 28,6. 287. 288. 289. NQ 29. Rok 1924"
DU,1924,30,1924-04-03,obraz+parser,1924-04-03,ocr50:du_rok,1924-04-03,1924-04-03,DU/1924/299,7,7,OLSKIEJ. 3 kwietnia : No 30. Rok 1924
DU,1924,31,1924-04-10,obraz+ocr300 (trzeci odczyt inny),1924-04-19,text:du_rok,1924-04-10,1924-04-10,DU/1924/306,14,13,) 19 kwietnia R-Ź 'E - CZYPOSPOLITEJ: POLSKłEJ. \ Rok 1924
DU,1924,32,1924-04-12,parser+ocr300,1924-04-12,ocr50:du_rok,1924-04-12,,DU/1924/320,18,18,"OLSKIEJ, 12 kwietnia No 32. RE Rok 1924"
DU,1924,33,1924-04-15,parser+ocr300,1924-04-15,text:du_rok,1924-04-15,,DU/1924/338,12,12," \ l. ' 15 kwietnia ... RZ'ECZYPOSPOLITEJ POLSKIEJ. ,' 'N233. Rok 1924"
DU,1924,34,1924-04-17,parser+ocr300,1924-04-17,text:du_rok,1924-04-17,,DU/1924/350,13,13,L SKIEJ. .17 kwietnia Rok 1924
DU,1924,35,1924-04-25,parser+ocr300,1924-04-25,text:du_rok,1924-04-25,,DU/1924/363,15,15,SKIEJ. I 25 kwietnia NQ 35. Rok 1924
DU,1924,36,1924-04-29,parser+ocr300,1924-04-29,text:du_rok,1924-04-29,,DU/1924/378,15,14,POLSKIEJ. 29 kwietnia NQ 36. Rok 1924
DU,1924,37,1924-04-30,parser+ocr300,1924-04-30,text:du_rok,1924-04-30,,DU/1924/393,10,7,POLSKIEJ. 30 kwietnia Rok 1924
DU,1924,38,1924-05-02,parser+ocr300,1924-05-02,text50:du_rok,1924-05-02,,DU/1924/403,3,3,- N238. 2 maja Rok 1924
DU,1924,39,1924-05-10,obraz+parser,1924-05-10,text:du_rok,1924-05-10,1924-05-10,DU/1924/406,16,16,----..~---10 maja Rok 1924
DU,1924,40,1924-05-14,parser+ocr300,1924-05-14,text:du_rok,1924-05-14,,DU/1924/422,13,12,----------14 maja Rok 1924
DU,1924,41,1924-05-15,parser+ocr300,1924-05-15,text:du_rok,1924-05-15,,DU/1924/435,6,6,POLSKIEJ. 15 maja Rok 1924
DU,1924,42,1924-05-21,parser+ocr300,1924-05-21,text:du_rok,1924-05-21,,DU/1924/441,8,8,"POLSKIEJ. 21 maja NQ 42. -, Rok 1924"
DU,1924,43,1924-05-26,parser+ocr300,1924-05-26,text:du_rok,1924-05-26,,DU/1924/449,8,8,POLSKIEJ. 26 maja Treść: 449. NQ 43. Rok 1924
DU,1924,44,1924-05-31,parser+ocr300,1924-05-31,text:du_rok,1924-05-31,,DU/1924/457,19,17,POLSKIEJ. 31 maja N244. Rok 1924
DU,1924,45,1924-05-31,obraz+parser,1924-05-31,ocr50:du_rok,1924-05-31,1924-05-31 1924-05-31,DU/1924/476,1,1,". ="""""""" 31 maja No 45. Rok 1924"
DU,1924,46,1924-06-02,parser+ocr300,1924-06-02,text:du_rok,1924-06-02,,DU/1924/477,5,5,LSKIEJ• . 2 czerwca Rok 1924
DU,1924,47,1924-06-05,parser+ocr300,1924-06-05,text50:du_rok,1924-06-05,,DU/1924/482,2,2,------~~--5 czerwca Rok 1924
DU,1924,48,1924-06-10,parser+ocr300,1924-06-10,text:du_rok,1924-06-10,,DU/1924/484,8,8,POLSKIEJ. 10 czerwca NQ 48. Rok 1924
DU,1924,49,1924-06-13,parser+ocr300,1924-06-13,text:du_rok,1924-06-13,,DU/1924/492,12,11,-------- 13 czerwca NQ 49. Rok 1924
DU,1924,50,1924-06-18,obraz×2 (odczyty maszynowe inne),1924-06-08,ocr50:du_rok,,1924-06-18 1924-06-18,DU/1924/504,18,18,OLSKIEJ. 8 czerwca No 50. Rok 1924
DU,1924,51,1924-06-21,parser+ocr300,1924-06-21,ocr50:du_rok,1924-06-21,,DU/1924/522,3,3,"OLSKIEJ. 21 czerwca . , No 51. Rok 1924"
DU,1924,52,,bez odczytu (do obrazu),,none,,,DU/1924/525,7,7,
DU,1924,53,1924-06-27,parser+ocr300,1924-06-27,text50:du_rok,1924-06-27,,DU/1924/532,8,8,J• . ' 27 czerwca ~reść: 532. ~33. 534. 535. NQ '53. Rok 1924
DU,1924,54,1924-06-28,parser+ocr300,1924-06-28,text50:du_rok,1924-06-28,,DU/1924/540,2,2,_______ '28 czerwca Rok 1924
DU,1924,55,1924-06-30,parser+ocr300,1924-06-30,ocr50:du_rok,1924-06-30,,DU/1924/542,19,19,OLSKIEJ. 30 czerwca No 55. Rok 1924
DU,1924,56,1924-06-30,parser+ocr300,1924-06-30,text50:du_rok,1924-06-30,,DU/1924/561,19,19,"OSPOLITEJ 30 czerwca Treść: S61. 562. 5~3. .' -I' . , .;0. , .. ... l "" . Rok 1924"
DU,1924,57,1924-07-01,parser+ocr300,1924-07-01,text:du_rok,1924-07-01,,DU/1924/580,4,4,-------- i lipca J NQ 57. Rok 1924
DU,1924,58,1924-07-09,parser+ocr300,1924-07-09,ocr:du_rok,1924-07-09,,DU/1924/584,10,10,"OLSKIEJ, 9 lipca No 58. Rok 1924"
DU,1924,59,1924-07-12,parser+ocr300,1924-07-12,text50:du_rok,1924-07-12,,DU/1924/594,6,6,POLSKIEJ. 12 lipca Treść: 594. 595. 596. 597. \. 598. I NQ 59. Rok 1924
DU,1924,60,1924-07-15,parser+ocr300,1924-07-15,text50:du_rok,1924-07-15,,DU/1924/600,9,9, NQ 60. 15 lipca Treść: 600. 601.602. 603. Rok 1924
DU,1924,61,1924-07-18,parser+ocr300,1924-07-18,text:du_rok,1924-07-18,,DU/1924/609,4,4,POLSKIEJ. 18 lipca Treść: 609. 610. Rok 1924
DU,1924,62,1924-07-18,parser+ocr300,1924-07-18,ocr:du_rok,1924-07-18,,DU/1924/613,4,4,"OLSKIEJ, 18 lipca No 62. Rok 1924"
DU,1924,63,1924-07-21,parser+ocr300,1924-07-21,text50:du_rok,1924-07-21,,DU/1924/617,9,9,"POLSKIEJ. 21 lipca Treść: 617. 618. 619. 620. 63., . Rok 1924"
DU,1924,64,1924-07-25,parser+ocr300,1924-07-25,text:du_rok,1924-07-25,,DU/1924/626,9,9,POLSKIEJ. 25 lipca NQ 64. Rok 1924
DU,1924,65,1924-07-29,parser+ocr300,1924-07-29,text50:du_rok,1924-07-29,,DU/1924/635,9,9, NQ 65. 29 lipca f · freść: 635. 636. 637. 638. 639. 640. Rok 1924
DU,1924,66,1924-07-31,obraz+parser,1924-07-31,ocr:du_rok,1924-07-31,1924-07-31,DU/1924/644,6,6,OLSKIEJ. 31 lipca No 66. Rok 1924
DU,1924,67,1924-07-31,parser+ocr300,1924-07-31,text:du_rok,1924-07-31,,DU/1924/650,5,5,POLSKIEJ. 31 lipca N2 67. Rok 1924
DU,1924,68,1924-08-06,parser+ocr300,1924-08-06,ocr50:du_rok,1924-08-06,,DU/1924/655,14,14,"OLSKIEJ, 6 sierpnia No 68. Rok 1924"
DU,1924,69,1924-08-08,parser+ocr300,1924-08-08,text:du_rok,1924-08-08,,DU/1924/669,9,9,POLSKIEJ. 8 sierpnia N269. Rok 1924
DU,1924,70,1924-08-14,parser+ocr300,1924-08-14,ocr:du_rok,1924-08-14,,DU/1924/678,8,8,KIEJ. m 14 sierpnia No 70. . Rok 1924
DU,1924,71,1924-08-18,parser+ocr300,1924-08-18,ocr:du_rok,1924-08-18,,DU/1924/686,11,11,"OLSKIEJ, 18 sierpnia No 71 Rok 1924"
DU,1924,72,1924-08-22,parser+ocr300,1924-08-22,text50:du_rok,1924-08-22,,DU/1924/697,14,13,SKIEJ. ' 22 sierpnia Treść: 697. 698. 699. 700. 701. N2 72. Rok 1924
DU,1924,73,1924-08-26,parser+ocr300,1924-08-26,text:du_rok,1924-08-26,,DU/1924/711,23,22,POLSKIEJ. 26 sierpnia NQ 73. Rok 1924
DU,1924,74,1924-08-28,parser+ocr300,1924-08-28,text50:du_rok,1924-08-28,,DU/1924/734,6,6,. N274. 28 sierpnia ------..Rok 1924
DU,1924,75,1924-08-28,parser+ocr300,1924-08-28,ocr:du_rok,1924-08-28,,DU/1924/740,7,7,. W zed 28 sierpnia No 75. Rok 1924
DU,1924,76,1924-08-31,parser+ocr300,1924-08-31,ocr50:du_rok,1924-08-31,,DU/1924/747,3,3,OLSKIEJ. 31 sierpnia No 76. Rok 1924
DU,1924,77,1924-08-31,parser+ocr300,1924-08-31,ocr:du_rok,1924-08-31,,DU/1924/750,5,5,"OLSKIEJ, 31 sierpnia No 77. Rok 1924"
DU,1924,78,1924-09-04,parser+ocr300,1924-09-04,text:du_rok,1924-09-04,,DU/1924/755,6,6,POLSKIEJ. 4 września NQ 78. Rok 1924
DU,1924,79,1924-09-09,obraz+parser,1924-09-09,text50:du_rok,1924-09-09,1924-09-09,DU/1924/761,16,16,----------9 września Treść: 761. 762. 763. 764 765. NQ 79. Rok 1924
DU,1924,80,1924-09-15,parser+ocr300,1924-09-15,text:du_rok,1924-09-15,,DU/1924/777,4,4,"' ·~1-~' 15 września N2 80. , ___ Rok 1924"
DU,1924,81,1924-09-19,parser+ocr300,1924-09-19,text:du_rok,1924-09-19,,DU/1924/781,3,3,"{ $, • 19 września Rok 1924"
DU,1924,82,1924-09-23,parser+ocr300,1924-09-23,ocr:du_rok,1924-09-23,,DU/1924/784,11,11,OLSKIEJ. 23 września No 82. Rok 1924
DU,1924,83,1924-09-26,parser+ocr300,1924-09-26,text:du_rok,1924-09-26,,DU/1924/795,9,9,"KrEJ. ,~ 26 września N283. Rok 1924"
DU,1924,84,1924-09-29,parser+ocr300,1924-09-29,ocr50:du_rok,1924-09-29,,DU/1924/804,16,16,OLSKIEJ. 29 września No 84. Rok 1924
DU,1924,85,1924-09-30,parser+ocr300,1924-09-30,ocr:du_rok,1924-09-30,,DU/1924/820,6,6,"OLSKIEJ, 30 września No 85. Rok 1924"
DU,1924,86,1924-10-04,parser+ocr300,1924-10-04,text:du_rok,1924-10-04,,DU/1924/826,2,2,POLSKIEJ. 4 października N2 86. Rok 1924
DU,1924,87,1924-10-07,parser+ocr300,1924-10-07,ocr:du_rok,1924-10-07,,DU/1924/828,5,5,"OLSKIEJ, 7 października . No 87. Rok 1924"
DU,1924,88,1924-10-09,parser+ocr300,1924-10-09,text50:du_rok,1924-10-09,,DU/1924/833,11,11,"• Us,/, 9 października <1 NQ 88. Rok 1924"
DU,1924,89,1924-10-13,parser+ocr300,1924-10-13,text50:du_rok,1924-10-13,,DU/1924/844,5,5,POLSKIEJ. 13 października N289. Rok 1924
DU,1924,90,1924-10-15,obraz×2,,none,,1924-10-15 1924-10-15,DU/1924/849,2,2,
DU,1924,91,1924-10-17,obraz+parser,1924-10-17,text50:du_rok,,1924-10-17,DU/1924/851,11,11,SKIEJ. I 17 października Rok 1924
DU,1924,92,1924-10-22,obraz+parser,1924-10-22,text:du_rok,1924-10-22,1924-10-22,DU/1924/862,4,4,"LSKIEJ. , 22 października I , Rok 1924"
DU,1924,93,1924-10-24,obraz+parser,1924-10-24,ocr50:du_rok,,1924-10-24,DU/1924/866,4,4,"OLSKIEJ, 24 października No 93. Rok 1924"
DU,1924,94,1924-10-30,obraz+parser,1924-10-30,ocr50:du_rok,1924-10-30,1924-10-30,DU/1924/870,14,13,"EJ, ZY” 30 października No 94. Rok 1924"
DU,1924,95,1924-10-31,parser+ocr300,1924-10-31,text50:du_rok,1924-10-31,,DU/1924/884,9,9,"LSKIEJ.' ""31 października freść: 884. NQ 95. Rok 1924"
DU,1924,96,1924-11-06,parser+ocr300,1924-11-06,ocr50:du_rok,1924-11-06,,DU/1924/893,6,6,OLSKIEJ. 6 listopada No 96. Rok 1924
DU,1924,97,1924-11-10,parser+ocr300,1924-11-10,ocr50:du_rok,1924-11-10,,DU/1924/899,8,8,OLSKIEJ. 10 listopada No 97. Rok 1924
DU,1924,98,1924-11-14,parser+ocr300,1924-11-14,text:du_rok,1924-11-14,,DU/1924/907,4,4,J. ( /f 14 listopada NQ 98. Rok 1924
DU,1924,99,1924-11-20,parser+ocr300,1924-11-20,ocr:du_rok,1924-11-20,,DU/1924/911,13,13,"OLSKIEJ, 20 listopada No 99. Rok 1924"
DU,1924,100,1924-11-21,parser+ocr300,1924-11-21,text:du_rok,1924-11-21,,DU/1924/924,4,4,POLSKIEJ. 21 listopada NQ 100. Rok 1924
DU,1924,101,1924-11-25,parser+ocr300,1924-11-25,ocr50:du_rok,1924-11-25,,DU/1924/928,9,9,"OLSKIEJ. 25 listopada No 101 , Rok 1924"
DU,1924,102,1924-12-01,parser+ocr300,1924-12-01,text:du_rok,1924-12-01,,DU/1924/937,7,7,POLSKIEJ. 1 grudnia N2 102. Rok 1924
DU,1924,103,1924-12-05,parser+ocr300,1924-12-05,text:du_rok,1924-12-05,,DU/1924/944,3,3,POLSKIEJ. 5 grudnia NQ 103. Rok 1924
DU,1924,104,1924-12-09,parser+ocr300,1924-12-09,text:du_rok,1924-12-09,,DU/1924/947,5,5,"POLSKIEJ. 9 grudnia NQ 104. ,·r Rok 1924"
DU,1924,105,1924-12-10,parser+ocr300,1924-12-10,text:du_rok,1924-12-10,,DU/1924/952,6,6,POLSKIEJ. 10 grudnia NQ 105. Rok 1924
DU,1924,106,1924-12-12,parser+ocr300,1924-12-12,text:du_rok,1924-12-12,,DU/1924/958,9,9,~------~ 12 grudnia NQ 106. Rok 1924
DU,1924,107,1924-12-17,parser+ocr300,1924-12-17,ocr:du_rok,1924-12-17,,DU/1924/967,9,9,OLSKIEJ. 17 grudnia No 107. Rok 1924
DU,1924,108,1924-12-19,obraz+parser,1924-12-19,text:du_rok,1924-12-19,1924-12-19,DU/1924/976,3,3,L SKlEJ;. 19 grudnia N2 108. Rok 1924
DU,1924,109,1924-12-20,parser+ocr300,1924-12-20,text:du_rok,1924-12-20,,DU/1924/979,6,6,"SKIEJ. , 20 grudnia NQ 109. Rok 1924"
DU,1924,110,1924-12-22,parser+ocr300,1924-12-22,text:du_rok,1924-12-22,,DU/1924/985,5,5,"S KIEJ. , 22 grudnia , NQ 110. Rok 1924"
DU,1924,111,1924-12-23,parser+ocr300,1924-12-23,text:du_rok,1924-12-23,,DU/1924/990,3,3,POLSKIEJ~ 23 grudnia Treść: 990. Rozporządzenie NQ 111. Rok 1924
DU,1924,112,1924-12-24,parser+ocr300,1924-12-24,text:du_rok,1924-12-24,,DU/1924/993,8,8,POLSKIEJ. 24 grudnia NQ 112. Rok 1924
DU,1924,113,1924-12-30,parser+ocr300,1924-12-30,text:du_rok,1924-12-30,,DU/1924/1001,11,11,POLSKIEJ. 30 grudnia NQ 113. Rok 1924
DU,1924,114,1924-12-31,obraz+parser,1924-12-31,text50:du_rok,1924-12-31,1924-12-31,DU/1924/1012,12,12,POLSKIEJ. 31 grudnia N2 114. Rok 1924
DU,1924,115,1924-12-31,parser+ocr300,1924-12-31,text:du_rok,1924-12-31,,DU/1924/1024,10,10,POLSKIEJ. 31 grudnia N2 115. · Rok 1924
DU,1924,116,1924-12-31,obraz+parser,1924-12-31,text:du_rok,1924-12-31,1924-12-31,DU/1924/1034,9,9,"POLSKIEJ. 31 grudnia Tre,ść: 1034. Rozporządzenie N2 116. Rok 1924"
DU,1924,117,1924-12-31,parser+ocr300,1924-12-31,text:du_rok,1924-12-31,,DU/1924/1043,21,21,IEJ.\ - 31 grudnia NQ 117. Rok 1924
DU,1924,118,1924-12-31,parser+ocr300,1924-12-31,text:du_rok,1924-12-31,,DU/1924/1064,15,15,OLSKI EJ. 31 grudnia NQ 118. Rok 1924
DU,1924,119,1924-12-31,parser+ocr300,1924-12-31,text:du_rok,1924-12-31,,DU/1924/1079,1,1,"SKIEJ. , 31 grudniaI NQ 119. *) . Rok 1924"
DU,1925,1,1925-01-11,parser+ocr300,1925-01-11,text:du_rok,1925-01-11,,DU/1925/1,9,9,"J. . we 11 stycznia ) . T '"" - - - S' Rok 1925"
DU,1925,2,1925-01-14,obraz+parser,1925-01-14,text:du_rok,1925-01-14,1925-01-14,DU/1925/10,18,18,"1, .•• , 14 stycznia Rok 1925"
DU,1925,3,1925-01-14,parser+ocr300,1925-01-14,text:du_rok,1925-01-14,,DU/1925/28,7,7,POLSKIEJ. 14 stycznia Rok 1925
DU,1925,4,1925-01-16,parser+ocr300,1925-01-16,ocr:du_rok,1925-01-16,,DU/1925/35,6,6,"OLSKIEJ. 16 stycznia No 4, | Rok 1925"
DU,1925,5,,bez odczytu (do obrazu),,none,,,DU/1925/41,7,7,
DU,1925,6,1925-01-23,parser+ocr300,1925-01-23,text:du_rok,1925-01-23,,DU/1925/48,3,3,POLSKIEJ. 23 stycznia Rok 1925
DU,1925,7,1925-01-23,obraz+ocr300,,none,1925-01-23,1925-01-23,DU/1925/51,5,5,
DU,1925,8,1925-01-29,obraz+ocr300,,none,1925-01-29,1925-01-29,DU/1925/56,6,6,
DU,1925,9,1925-01-29,parser+ocr300,1925-01-29,text:du_rok,1925-01-29,,DU/1925/62,13,13,KIEJ~' • 29 stycznia Rok 1925
DU,1925,10,1925-01-30,parser+ocr300,1925-01-30,text:du_rok,1925-01-30,,DU/1925/75,2,2,30 stycznia Rok 1925
DU,1925,11,1925-02-01,obraz+parser,1925-02-01,text:du_rok,1925-02-01,1925-02-01,DU/1925/77,9,9,OLSKIEJ.. 1 lutego Rok 1925
DU,1925,12,1925-02-01,parser+ocr300,1925-02-01,text:du_rok,1925-02-01,,DU/1925/86,2,2,POLSKIEJ. 1 lutego ' NQ 12. Rok 1925
DU,1925,13,1925-02-01,parser+ocr300,1925-02-01,text:du_rok,1925-02-01,,DU/1925/88,4,4," , .r '· 1 lutego Rok 1925"
DU,1925,14,1925-02-07,obraz+parser,1925-02-07,ocr:du_rok,1925-02-07,1925-02-07 1925-02-07,DU/1925/92,4,4,OLSKIEJ. 7 lutego =. No 14. Rok 1925
DU,1925,15,1925-02-10,parser+ocr300,1925-02-10,text:du_rok,1925-02-10,,DU/1925/96,7,6,"LSKIEJ. , 10 lutego N2 15. Rok 1925"
DU,1925,16,1925-02-13,parser+ocr300,1925-02-13,ocr:du_rok,1925-02-13,,DU/1925/103,10,10,OLSKIEJ. 13 lutego . | No 16. Rok 1925
DU,1925,17,1925-02-19,parser+ocr300,1925-02-19,text:du_rok,1925-02-19,,DU/1925/113,12,12,""" , ""n"" 19 lutego J.4 RZECZ'YPOSPOLITEJ POLSKIEJ. ·NQ 17. Rok 1925"
DU,1925,18,1925-02-24,parser+ocr300,1925-02-24,ocr:du_rok,1925-02-24,,DU/1925/125,11,11,OLSKIEJ. 24 lutego No 18. | Rok 1925
DU,1925,19,1925-02-28,parser+ocr300,1925-02-28,text:du_rok,1925-02-28,,DU/1925/136,9,9,KIEJ. oc 28 lutego II j;.. Rok 1925
DU,1925,20,1925-02-28,parser+ocr300,1925-02-28,text:du_rok,1925-02-28,,DU/1925/145,3,3,POLSKIEJ. 28 lutego N2 20. T R E Ś Ć: Rok 1925
DU,1925,21,1925-03-06,parser+ocr300,1925-03-06,text:du_rok,1925-03-06,,DU/1925/148,5,5,"rr , I 6 marca RZECZYPOSPOLITEJ POLSKIEJ. Rok 1925"
DU,1925,22,1925-03-07,parser+ocr300,1925-03-07,text:du_rok,1925-03-07,,DU/1925/153,6,6,"POLSKIEJ. 7 marca ' ,NQ 22. Rok 1925"
DU,1925,23,1925-03-07,parser+ocr300,1925-03-07,text:du_rok,1925-03-07,,DU/1925/159,4,4,-------- 7 marca N2 23. T R EŚ Ć: Rok 1925
DU,1925,24,1925-03-10,parser+ocr300,1925-03-10,text:du_rok,1925-03-10,,DU/1925/163,3,3,POLSKIEJ. 10 marca NQ 24. Rok 1925
DU,1925,25,1925-03-12,parser+ocr300,1925-03-12,text:du_rok,1925-03-12,,DU/1925/166,5,5,POLSKIEJ. 12 marca N2 25. Rok 1925
DU,1925,26,1925-03-14,parser+ocr300,1925-03-14,text:du_rok,1925-03-14,,DU/1925/171,20,20,SKIEJ. . .14 marca Rok 1925
DU,1925,27,1925-03-20,parser+ocr300,1925-03-20,ocr:du_rok,1925-03-20,,DU/1925/191,7,7,"OLSKIEJ. 20 marca No 27. ""Rok 1925"
DU,1925,28,,bez odczytu (do obrazu),,none,,,DU/1925/198,5,5,
DU,1925,29,1925-03-26,parser+ocr300,1925-03-26,ocr:du_rok,1925-03-26,,DU/1925/203,6,5,"OLSKIEJ, 26 marca No 29. - Rok 1925"
DU,1925,30,1925-03-26,obraz+parser,1925-03-26,text:du_rok,1925-03-26,1925-03-26,DU/1925/209,9,9,"LSKIEJ. ' 26 marca N2 30. ' ~- "",T R E Ś Ć: USTl\Wf\: Rok 1925"
DU,1925,31,1925-03-31,obraz+parser,1925-03-31,ocr:du_rok,1925-03-31,1925-03-31 1925-03-31,DU/1925/218,5,5,OLSKIEJ. 31 marca Ne 31. Rok 1925
DU,1925,32,1925-03-31,parser+ocr300,1925-03-31,ocr:du_rok,1925-03-31,,DU/1925/223,9,9,OLSKIEJ. 31 marca No 32. Rok 1925
DU,1925,33,1925-03-31,parser+ocr300,1925-03-31,text:du_rok,1925-03-31,,DU/1925/232,2,2,--------~ 31 marca • N233. ------------Rok 1925
DU,1925,34,1925-04-07,parser+ocr300,1925-04-07,text:du_rok,1925-04-07,,DU/1925/234,4,4,"POLSkIEJ. 7 kwietnia ' N2 ,34. Rok 1925"
DU,1925,35,1925-04-07,parser+ocr300,1925-04-07,ocr:du_rok,1925-04-07,,DU/1925/238,2,2,OLSKIEJ. 7 kwietnia No 35. Rok 1925
DU,1925,36,1925-04-10,obraz×2,,none,,1925-04-10 1925-04-10,DU/1925/240,12,11,
DU,1925,37,1925-04-15,parser+ocr300,1925-04-15,text:du_rok,1925-04-15,,DU/1925/252,2,2,OLSKIEJ.' 15 kwietnia NQ 37. Rok 1925
DU,1925,38,1925-04-18,parser+ocr300,1925-04-18,ocr:du_rok,1925-04-18,,DU/1925/254,17,17,- 18 kwietnia No 38. Rok 1925
DU,1925,39,1925-04-20,obraz+parser,1925-04-20,ocr:du_rok,,1925-04-20,DU/1925/271,2,2,OLSKIEJ. 20 kwietnia No 39. Rok 1925
DU,1925,40,1925-04-22,parser+ocr300,1925-04-22,text:du_rok,1925-04-22,,DU/1925/273,5,5,POLSKIEJ. 22 kwietnia N240. T R E Ś Ć: Rok 1925
DU,1925,41,1925-04-24,parser+ocr300,1925-04-24,ocr:du_rok,1925-04-24,,DU/1925/278,10,10,"OLSKIEJ. 24 kwietnia IE No 41, ) Rok 1925"
DU,1925,42,1925-04-28,parser+ocr300,1925-04-28,text50:du_rok,1925-04-28,,DU/1925/288,6,6,----------28 kwietnia N242. Rok 1925
DU,1925,43,1925-04-30,parser+ocr300,1925-04-30,text:du_rok,1925-04-30,,DU/1925/294,11,10,KIEJ• .. 30 kwietnia N243. -T RE S ć: Rok 1925
DU,1925,44,1925-05-04,parser+ocr300,1925-05-04,text:du_rok,1925-05-04,,DU/1925/305,6,6,POLSKIEJ. 4 maja N2 44. Rok 1925
DU,1925,45,1925-05-08,parser+ocr300,1925-05-08,text:du_rok,1925-05-08,,DU/1925/311,6,6,SKIEJ. < 8 maja NQ 45. Rok 1925
DU,1925,46,1925-05-08,parser+ocr300,1925-05-08,ocr:du_rok,1925-05-08,,DU/1925/317,7,7,OLSKIEJ. 8 maja No 46. Rok 1925
DU,1925,47,1925-05-11,parser+ocr300,1925-05-11,text:du_rok,1925-05-11,,DU/1925/324,9,9,----------11 maja N247. Rok 1925
DU,1925,48,1925-05-15,parser+ocr300,1925-05-15,ocr50:du_rok,1925-05-15,,DU/1925/333,2,2,"OLSKIEJ, 15 maja No 48. | __ Rok 1925"
DU,1925,49,1925-05-15,parser+ocr300,1925-05-15,text:du_rok,1925-05-15,,DU/1925/335,9,9,"J,; :- - 15 maja N249. Rok 1925"
DU,1925,50,1925-05-20,parser+ocr300,1925-05-20,text:du_rok,1925-05-20,,DU/1925/344,2,2,POLSKIEJ. 20 maja NQ 50. Rok 1925
DU,1925,51,1925-05-20,parser+ocr300,1925-05-20,ocr50:du_rok,1925-05-20,,DU/1925/346,8,8,"POLSKIEJ. 20 maja "" No 51. | Rok 1925"
DU,1925,52,1925-05-20,parser+ocr300,1925-05-20,text50:du_rok,1925-05-20,,DU/1925/354,3,3, NQ 52. 20 maja Rok 1925
DU,1925,53,1925-05-26,parser+ocr300,1925-05-26,text:du_rok,1925-05-26,,DU/1925/357,7,7,POLSKIEJ. 26 maja N253. Rok 1925
DU,1925,54,1925-05-28,parser+ocr300,1925-05-28,text:du_rok,1925-05-28,,DU/1925/364,28,28,POLSKIEJ. 28 maja N2 54. Rok 1925
DU,1925,55,1925-06-05,parser+ocr300,1925-06-05,text50:du_rok,1925-06-05,,DU/1925/392,9,9, NQ 55. 5 czerwca Rok 1925
DU,1925,56,1925-06-08,parser+ocr300,1925-06-08,text:du_rok,1925-06-08,,DU/1925/401,5,5,POLSKIEJ. 8 czerwca Rok 1925
DU,1925,57,1925-06-10,parser+ocr300,1925-06-10,text50:du_rok,1925-06-10,,DU/1925/406,3,3,POLSKIEJ. 10 czerwca N2 57. Rok 1925
DU,1925,58,1925-06-13,parser+ocr300,1925-06-13,text:du_rok,1925-06-13,,DU/1925/409,5,5,S KI E J. 13 czerwca N258. Rok 1925
DU,1925,59,1925-06-13,parser+ocr300,1925-06-13,text:du_rok,1925-06-13,,DU/1925/414,8,8,POLSKIEJ. 13 czerwca NQ 59. Rok 1925
DU,1925,60,,bez odczytu (do obrazu),,none,,,DU/1925/422,7,7,
DU,1925,61,1925-06-20,parser+ocr300,1925-06-20,text:du_rok,1925-06-20,,DU/1925/429,3,3,"SKIEJ. . 20 czerwca "" .10. N2 61. · Rok 1925"
DU,1925,62,1925-06-25,parser+ocr300,1925-06-25,text:du_rok,1925-06-25,,DU/1925/432,9,8,POLSKIEJ. 25 czerwca NQ 62. Rok 1925
DU,1925,63,1925-06-27,parser+ocr300,1925-06-27,text:du_rok,1925-06-27,,DU/1925/441,8,8,POLSKIEJ. 27 czerwca N2 63. Rok 1925
DU,1925,64,1925-06-27,parser+ocr300,1925-06-27,text:du_rok,1925-06-27,,DU/1925/449,3,3,LSKIEJ. . 27 czerwca NQ 64. Rok 1925
DU,1925,65,1925-07-01,parser+ocr300,1925-07-01,text:du_rok,1925-07-01,,DU/1925/452,13,13,POLSKIEJ. 1 lipca N2 65. Rok 1925
DU,1925,66,1925-07-07,parser+ocr300,1925-07-07,text:du_rok,1925-07-07,,DU/1925/465,1,1,OLSKIEJ. -7 lipca NQ 66. Rok 1925
DU,1925,67,1925-07-09,parser+ocr300,1925-07-09,ocr:du_rok,1925-07-09,,DU/1925/466,15,15,SKIEJ. ' 9 lipca No 67. Rok 1925
DU,1925,68,1925-07-13,parser+ocr300,1925-07-13,text:du_rok,1925-07-13,,DU/1925/481,5,5,"LSKIEJ. , 13 lipca NQ 68. Rok 1925"
DU,1925,69,1925-07-13,parser+ocr300,1925-07-13,text:du_rok,1925-07-13,,DU/1925/486,4,4,POLSKIEJ. 13 lipca N2 69. Rok 1925
DU,1925,70,1925-07-15,parser+ocr300,1925-07-15,text:du_rok,1925-07-15,,DU/1925/490,7,7,"POLSKIEJ. 15 lipca N2 70. , T R E Ś Ć: Rok 1925"
DU,1925,71,1925-07-15,parser+ocr300,1925-07-15,text:du_rok,1925-07-15,,DU/1925/497,4,4,"POLSKIEJ. 15 lipca ,N2 71. Rok 1925"
DU,1925,72,1925-07-18,parser+ocr300,1925-07-18,text:du_rok,1925-07-18,,DU/1925/501,3,3,OLSI{lEJ. 18 lipca N272. Rok 1925
DU,1925,73,1925-07-18,parser+ocr300,1925-07-18,text:du_rok,1925-07-18,,DU/1925/504,8,8,POLSKIEJ. 18 lipca N2 73. T R E Ś Ć: USTJ\WY: Rok 1925
DU,1925,74,1925-07-23,parser+ocr300,1925-07-23,text:du_rok,1925-07-23,,DU/1925/512,9,9,-------- 23 lipca NQ 74. Rok 1925
DU,1925,75,1925-07-29,parser+ocr300,1925-07-29,ocr:du_rok,1925-07-29,,DU/1925/521,13,13,OLSKIEJ. 29 lipca |. No 75. Rok 1925
DU,1925,76,1925-07-31,parser+ocr300,1925-07-31,text:du_rok,1925-07-31,,DU/1925/534,4,4,OLSKLE~J. 31 lipca NQ 76. Rok 1925
DU,1925,77,1925-08-06,parser+ocr300,1925-08-06,text:du_rok,1925-08-06,,DU/1925/538,5,5,LSKIEJ. - 6 sierpnia NQ 77. Rok 1925
DU,1925,78,1925-08-07,parser+ocr300,1925-08-07,text:du_rok,1925-08-07,,DU/1925/543,5,5,SPOLITE~ 7 sierpnia N2 780 POLSKIEJ. Rok 1925
DU,1925,79,1925-08-07,parser+ocr300,1925-08-07,text:du_rok,1925-08-07,,DU/1925/548,3,3,POLSKIEJ. 7 sierpnia NQ 79. Rok 1925
DU,1925,80,1925-08-07,parser+ocr300,1925-08-07,text:du_rok,1925-08-07,,DU/1925/551,3,3,I /SK1EJ. 7 sierpnia' N2 80. Rok 1925
DU,1925,81,1925-08-11,parser+ocr300,1925-08-11,text:du_rok,1925-08-11,,DU/1925/554,6,6,POLSKIEJ. 11 sierpnia .. Rok 1925
DU,1925,82,1925-08-14,obraz×2,,none,,1925-08-14 1925-08-14,DU/1925/560,1,1,
DU,1925,83,1925-08-19,parser+ocr300,1925-08-19,text:du_rok,1925-08-19,,DU/1925/561,18,18,POLSKIEJ. 19 sierpnia NQ 83. Rok 1925
DU,1925,84,1925-08-22,parser+ocr300,1925-08-22,text:du_rok,1925-08-22,,DU/1925/579,1,1,POLSKIEJ. 22 sierpnia NQ 84. T R E Ś Ć: Rok 1925
DU,1925,85,1925-08-22,parser+ocr300,1925-08-22,ocr:du_rok,1925-08-22,,DU/1925/580,7,7,OLSKIEJ. 22 sierpnia No 85 Rok 1925
DU,1925,86,1925-08-26,parser+ocr300,1925-08-26,text:du_rok,1925-08-26,,DU/1925/587,20,20,POLSKIEJ. 26 sierpnia NQ 86. Rok 1925
DU,1925,87,1925-08-29,obraz+parser,1925-08-29,text:du_rok,1925-08-29,1925-08-29,DU/1925/607,2,2,POLSKIEJ. 29 sierpnia NQ 87. T R E Ś Ć: Rok 1925
DU,1925,88,1925-08-31,parser+ocr300,1925-08-31,text:du_rok,1925-08-31,,DU/1925/609,11,11,POLSKIEJ. 31 sierpnia NQ 88. Rok 1925
DU,1925,89,1925-09-01,parser+ocr300,1925-09-01,ocr:du_rok,1925-09-01,,DU/1925/620,9,7,OLSKIEJ. 1 września No 89. i Rok 1925
DU,1925,90,1925-09-05,parser+ocr300,1925-09-05,text:du_rok,1925-09-05,,DU/1925/629,8,6,POLSKIEJ. 5 września NQ 90. • Rok 1925
DU,1925,91,1925-09-07,parser+ocr300,1925-09-07,ocr:du_rok,1925-09-07,,DU/1925/637,5,5,"OLSKIEJ, 7 września No 91. : Rok 1925"
DU,1925,92,1925-09-10,parser+ocr300,1925-09-10,ocr:du_rok,1925-09-10,,DU/1925/642,12,12,OLSKIEJ. 10 września No 92. . . Rok 1925
DU,1925,93,1925-09-14,parser+ocr300,1925-09-14,text:du_rok,1925-09-14,,DU/1925/654,9,9,POLSKIEJ. 14 września NQ 93. T R E Ś Ć: Rok 1925
DU,1925,94,1925-09-16,parser+ocr300,1925-09-16,text:du_rok,1925-09-16,,DU/1925/663,9,9,POLSKIEJ. 16 września NQ ' 94. Rok 1925
DU,1925,95,1925-09-19,parser+ocr300,1925-09-19,ocr:du_rok,1925-09-19,,DU/1925/672,6,6,OLSKIEJ. 19 września No 95. Rok 1925
DU,1925,96,1925-09-19,parser+ocr300,1925-09-19,text:du_rok,1925-09-19,,DU/1925/678,3,3,POLSKIBJ. 19 września NQ 96. Rok 1925
DU,1925,97,1925-09-24,parser+ocr300,1925-09-24,text:du_rok,1925-09-24,,DU/1925/681,8,8,POLSKIEJ. 24 września N2 97. Rok 1925
DU,1925,98,1925-09-28,parser+ocr300,1925-09-28,text:du_rok,1925-09-28,,DU/1925/689,12,12,POLSKIEJ. 28 września N2 98. • Rok 1925
DU,1925,99,1925-09-30,parser+ocr300,1925-09-30,text:du_rok,1925-09-30,,DU/1925/701,3,3,POLSKIEJ.'30 września N299. Rok 1925
DU,1925,100,1925-09-30,parser+ocr300,1925-09-30,ocr:du_rok,1925-09-30,,DU/1925/704,5,5,OLSKIEJN 30 września No 100. Rok 1925
DU,1925,101,1925-10-08,parser+ocr300,1925-10-08,text:du_rok,1925-10-08,,DU/1925/709,10,10,POLSKIEJ. 8 października NQ 101. I T R E Ś Ć: Rok 1925
DU,1925,102,1925-10-08,parser+ocr300,1925-10-08,text:du_rok,1925-10-08,,DU/1925/719,4,4,-------~ 8 października NQ102. Rok 1925
DU,1925,103,1925-10-12,parser+ocr300,1925-10-12,text:du_rok,1925-10-12,,DU/1925/723,5,5,"POLSKIEJ. 12 października ""i NQ 103. Rok 1925"
DU,1925,104,1925-10-14,parser+ocr300,1925-10-14,text:du_rok,1925-10-14,,DU/1925/728,5,5,SPOLITE~J 14 października N2 104. POLSKIEJ. Rok 1925
DU,1925,105,1925-10-15,parser+ocr300,1925-10-15,text:du_rok,1925-10-15,,DU/1925/733,6,6,POLSKIEJ. 15 października N2 105. Rok 1925
DU,1925,106,1925-10-19,parser+ocr300,1925-10-19,ocr:du_rok,1925-10-19,,DU/1925/739,20,20,OLSKIEJ. 19 października No 106. Rok 1925
DU,1925,107,1925-10-22,obraz+parser,1925-10-22,text:du_rok,1925-10-22,1925-10-22,DU/1925/759,8,8,POLSKIEJ. 22 października I NQ 107. Rok 1925
DU,1925,108,1925-10-28,parser+ocr300,1925-10-28,text:du_rok,1925-10-28,,DU/1925/767,5,5,POLSKIEJ. 28 października NQ 108. Rok 1925
DU,1925,109,1925-10-30,parser+ocr300,1925-10-30,ocr:du_rok,1925-10-30,,DU/1925/772,14,14,OLSKIEJ. 30 października No 109. Rok 1925
DU,1925,110,1925-10-30,parser+ocr300,1925-10-30,text:du_rok,1925-10-30,,DU/1925/786,4,4,POLSKIEJ. 30 października NQ 110. Rok 1925
DU,1925,111,1925-10-31,parser+ocr300,1925-10-31,text:du_rok,1925-10-31,,DU/1925/790,5,5,31 października Rok 1925
DU,1925,112,1925-11-07,obraz+parser,1925-11-07,text:du_rok,1925-11-07,1925-11-07,DU/1925/795,5,5,POLSKIEJ. 7 listopada NQ 112. Rok 1925
DU,1925,113,1925-11-07,parser+ocr300,1925-11-07,ocr:du_rok,1925-11-07,,DU/1925/800,2,2,OLSKIEJ. 7 listopada . No 113. Rok 1925
DU,1925,114,1925-11-12,parser+ocr300,1925-11-12,text:du_rok,1925-11-12,,DU/1925/802,10,10,POLSKIEJ. 12 listopada NQ 114. T R E Ś Ć: Rok 1925
DU,1925,115,1925-11-14,parser+ocr300,1925-11-14,text50:du_rok,1925-11-14,,DU/1925/812,15,15,POLSKIEJ. 14 listopada NQ 115. Rok 1925
DU,1925,116,1925-11-17,parser+ocr300,1925-11-17,text:du_rok,1925-11-17,,DU/1925/827,4,4,"SKIEJ. , 17 listopada • N2 116. Rok 1925"
DU,1925,117,1925-11-21,parser+ocr300,1925-11-21,text:du_rok,1925-11-21,,DU/1925/831,16,16,L SKlEJ.' 21 listopada NQ 117. Rok 1925
DU,1925,118,1925-11-27,parser+ocr300,1925-11-27,text50:du_rok,1925-11-27,,DU/1925/847,11,11,"~---- , .27 listopada N2 118. Rok 1925"
DU,1925,119,1925-11-30,obraz+parser,1925-11-30,text:du_rok,1925-11-30,1925-11-30,DU/1925/858,5,5,----------30 listopada NQ 119. T R E Ś Ć: Rok 1925
DU,1925,120,1925-12-03,parser+ocr300,1925-12-03,text:du_rok,1925-12-03,,DU/1925/863,5,4,POLSKlEJ. 3 grudnia NQ 120. Rok 1925
DU,1925,121,1925-12-07,parser+ocr300,1925-12-07,text:du_rok,1925-12-07,,DU/1925/868,5,5,-------- 7 grudnia N2 121. Rok 1925
DU,1925,122,1925-12-11,parser+ocr300,1925-12-11,text:du_rok,1925-12-11,,DU/1925/873,4,4,POLSKIEJ. 11 grudnia NQ 122. T R E Ś Ć: Rok 1925
DU,1925,123,1925-12-11,obraz+parser,1925-12-11,text:du_rok,1925-12-11,1925-12-11,DU/1925/877,4,4,----------11 grudnia Rok 1925
DU,1925,124,1925-12-19,parser+ocr300,1925-12-19,ocr:du_rok,1925-12-19,,DU/1925/881,10,10,OLSKIEJ. 19 grudnia No 124. Rok 1925
DU,1925,125,1925-12-22,parser+ocr300,1925-12-22,text:du_rok,1925-12-22,,DU/1925/891,6,6,SPOLITE~J 22 grudnia NQ 125. POLSKIEJ. Rok 1925
DU,1925,126,1925-12-23,parser+ocr300,1925-12-23,text:du_rok,1925-12-23,,DU/1925/897,7,7,POLSKIEJ. 23 grudnia N9 126. Rok 1925
DU,1925,127,1925-12-28,parser+ocr300,1925-12-28,text50:du_rok,1925-12-28,,DU/1925/904,9,8, NQ 127. 28 grudnia Rok 1925
DU,1925,128,1925-12-29,parser+ocr300,1925-12-29,ocr:du_rok,1925-12-29,,DU/1925/913,1,1,OLSKIEJ. 29 grudnia No 128. Rok 1925
DU,1925,129,1925-12-30,parser+ocr300,1925-12-30,text:du_rok,1925-12-30,,DU/1925/914,23,23,OLSKIEJ. .30 grudnia NQ 129. ' • Rok 1925
DU,1925,130,1925-12-31,parser+ocr300,1925-12-31,text:du_rok,1925-12-31,,DU/1925/937,1,1,POLSKIEJ. 31 grudnia Rok 1925
DU,1925,131,1925-12-31,parser+ocr300,1925-12-31,ocr50:du_rok,1925-12-31,,DU/1925/938,8,8,OLSKIEJ. 31 grudnia No 131. Rok 1925
DU,1925,132,1925-12-31,parser+ocr300,1925-12-31,text:du_rok,1925-12-31,,DU/1925/946,1,1,"OLSI{lEJ. 31 grudnia N2 132. , Rok 1925"
DU,1925,133,1925-12-31,parser+ocr300,1925-12-31,text:du_rok,1925-12-31,,DU/1925/947,6,6,POLSKIEJ. 31 grudnia N2 133*). Rok 1925
DU,1926,1,1926-01-09,obraz+parser,1926-01-09,ocr50:du_rok,1926-01-09,1926-01-09,DU/1926/1,13,13,"OLSKIEJ, 9 stycznia Ne 1. Rok 1926"
DU,1926,2,1926-01-09,parser+ocr300,1926-01-09,text:du_rok,1926-01-09,,DU/1926/14,1,1,POLSKIEJ. 9 stycznia N22. Rok 1926
DU,1926,3,1926-01-15,parser+ocr300,1926-01-15,text:du_rok,1926-01-15,,DU/1926/15,8,8,SKIEJ. b 15 stycznia Rok 1926
DU,1926,4,1926-01-15,parser+ocr300,1926-01-15,ocr:du_rok,1926-01-15,,DU/1926/23,3,3,OLSKIEJ. 15 stycznia No 4. Rok 1926
DU,1926,5,1926-01-16,parser+ocr300,1926-01-16,ocr:du_rok,1926-01-16,,DU/1926/26,2,2,OLSKIEJ. 16 stycznia No 5. Rok 1926
DU,1926,6,1926-01-20,parser+ocr300,1926-01-20,ocr:du_rok,1926-01-20,,DU/1926/28,12,12,LSKIEJ.. 20 stycznia No 6. Rok 1926
DU,1926,7,1926-01-22,parser+ocr300,1926-01-22,ocr:du_rok,1926-01-22,,DU/1926/40,14,14,"KIEJ. — 22 stycznia "" No 7. Rok 1926"
DU,1926,8,1926-01-26,parser+ocr300,1926-01-26,text:du_rok,1926-01-26,,DU/1926/54,7,7,OLSKI EJ. 26 stycznia Rok 1926
DU,1926,9,1926-01-30,parser+ocr300,1926-01-30,text:du_rok,1926-01-30,,DU/1926/61,7,7,POLSKIEJ. 30 stycznia Rok 1926
DU,1926,10,1926-02-01,parser+ocr300,1926-02-01,text:du_rok,1926-02-01,,DU/1926/68,4,4,POLSKlEJ. 1 lutego NQ 10. Rok 1926
DU,1926,11,1926-02-06,parser+ocr300,1926-02-06,text:du_rok,1926-02-06,,DU/1926/72,4,4,POLSKIEJ. 6 lutego Rok 1926
DU,1926,12,1926-02-09,parser+ocr300,1926-02-09,text:du_rok,1926-02-09,,DU/1926/76,2,2,POLSKIEJ. 9 lutego N212. Rok 1926
DU,1926,13,1926-02-09,parser+ocr300,1926-02-09,text:du_rok,1926-02-09,,DU/1926/78,2,2,POLSKIEJ. 9 lutego N213. Rok 1926
DU,1926,14,1926-02-11,parser+ocr300,1926-02-11,text:du_rok,1926-02-11,,DU/1926/80,4,4, - .l - 11 lutego 4 RZECZYPOSP oTJJTRcJ P OLSKl E.I NQ 14. Rok 1926
DU,1926,15,1926-02-11,obraz+parser,1926-02-11,ocr:du_rok,1926-02-11,1926-02-11,DU/1926/84,3,3,OLSKIEJ. 11 lutego No 75. Rok 1926
DU,1926,16,1926-02-13,parser+ocr300,1926-02-13,text50:du_rok,1926-02-13,,DU/1926/87,8,8,-------~ 13 lutego N216 .. Rok 1926
DU,1926,17,1926-02-17,obraz+parser,1926-02-17,text:du_rok,1926-02-17,1926-02-17,DU/1926/95,5,5,POLSKIEJ. 17 lutego N2 17. 'Rok 1926
DU,1926,18,1926-02-24,obraz+parser,1926-02-24,text:du_rok,1926-02-24,1926-02-24,DU/1926/100,16,16,"LSKIEJ. , 24 lutego N2 18. T R E Ś Ć: Rok 1926"
DU,1926,19,1926-02-24,parser+ocr300,1926-02-24,text:du_rok,1926-02-24,,DU/1926/116,7,7,POLSKIEJ. 24 lutego NQ 19. Rok 1926
DU,1926,20,1926-02-27,parser+ocr300,1926-02-27,text:du_rok,1926-02-27,,DU/1926/123,4,4,-------- 27 lutego ' N220. TR E Ś Ć: Rok 1926
DU,1926,21,1926-03-04,parser+ocr300,1926-03-04,text:du_rok,1926-03-04,,DU/1926/127,3,3,POLSKIEJ. 4 marca Rok 1926
DU,1926,22,1926-03-06,parser+ocr300,1926-03-06,text:du_rok,1926-03-06,,DU/1926/130,8,8,POLSKIEJ. 6 marca NQ 22. Rok 1926
DU,1926,23,1926-03-09,parser+ocr300,1926-03-09,text:du_rok,1926-03-09,,DU/1926/138,5,5,POLSKIEJ. 9 marca N223. Rok 1926
DU,1926,24,1926-03-12,parser+ocr300,1926-03-12,text:du_rok,1926-03-12,,DU/1926/143,1,1,POLSKIEJ. 12 marca N224. \ Rok 1926
DU,1926,25,1926-03-15,parser+ocr300,1926-03-15,text:du_rok,1926-03-15,,DU/1926/144,11,11,POLSKIEJ. 15 marca NQ 25. Rok 1926
DU,1926,26,1926-03-18,obraz+parser,1926-03-18,text:du_rok,1926-03-18,1926-03-18,DU/1926/155,4,4,-------- 18 marca N226. Rok 1926
DU,1926,27,1926-03-22,obraz+parser,1926-03-22,ocr50:du_rok,1926-03-22,1926-03-22,DU/1926/159,8,8,"OLSKIEJ, 22 marca No 27. | | Rok 1926"
DU,1926,29,1926-03-30,obraz+parser,1926-03-30,ocr:du_rok,1926-03-30,1926-03-30 1926-03-30,DU/1926/181,2,2,"OLSKIEJ, 30 marca . No 29. Rok 1926"
DU,1926,30,1926-03-31,parser+ocr300,1926-03-31,ocr50:du_rok,1926-03-31,,DU/1926/183,6,6,POLSKIEJ. 31 marca No 30. Rok 1926
DU,1926,31,1926-03-31,parser+ocr300,1926-03-31,ocr:du_rok,1926-03-31,,DU/1926/189,4,4,OLSKIEJ. 31 marca „No 31. | Rok 1926
DU,1926,32,1926-04-09,parser+ocr300,1926-04-09,text:du_rok,1926-04-09,,DU/1926/193,7,7,"IE~ ' ""- 9 kwietnia ""' . , ""j N232. • Rok 1926"
DU,1926,33,1926-04-15,parser+ocr300,1926-04-15,text50:du_rok,1926-04-15,,DU/1926/200,8,8,OIJSKIEJ. 15 kwietnia NQ 33. Rok 1926
DU,1926,34,1926-04-15,parser+ocr300,1926-04-15,ocr:du_rok,1926-04-15,,DU/1926/208,2,2,OLSKIEJ. 15 kwietnia No 34. Rok 1926
DU,1926,35,1926-04-21,parser+ocr300,1926-04-21,text:du_rok,1926-04-21,,DU/1926/210,2,2,OLSKIE·J. 21 kwietnia ł NQ 35. Rok 1926
DU,1926,36,1926-04-24,parser+ocr300,1926-04-24,text:du_rok,1926-04-24,,DU/1926/212,25,25,POLSKIEJ. 24 kwietnia NQ 36. Rok 1926
DU,1926,37,1926-04-27,parser+ocr300,1926-04-27,text:du_rok,1926-04-27,,DU/1926/237,3,3,POLSKIEJ. 27 kwietnia N2 37. Rok 1926
DU,1926,38,1926-04-28,parser+ocr300,1926-04-28,ocr:du_rok,1926-04-28,,DU/1926/240,2,2,OLSKIEJ. 28 kwietnia RAR No 38. siwy ai Rok 1926
DU,1926,39,1926-04-29,parser+ocr300,1926-04-29,text:du_rok,1926-04-29,,DU/1926/242,5,5,-------=--29 kwietnia ' Rok 1926
DU,1926,40,1926-05-01,parser+ocr300,1926-05-01,text:du_rok,1926-05-01,,DU/1926/247,9,9,POLSKIEJ. 1 maja NQ 40. Rok 1926
DU,1926,41,1926-05-01,parser+ocr300,1926-05-01,text:du_rok,1926-05-01,,DU/1926/256,2,2,OLS KIEJ. 1 maja Rok 1926
DU,1926,42,1926-05-07,parser+ocr300,1926-05-07,text:du_rok,1926-05-07,,DU/1926/258,5,5,"NIK , .. 7 maja • RZECZYPOSPOLITEJ POLSKIEJ. NQ 42. • T R E ·ś Ć: Rok 1926"
DU,1926,43,1926-05-08,obraz+parser,1926-05-08,text:du_rok,1926-05-08,1926-05-08,DU/1926/263,5,5,POLSKIEJ. 8 maja N243. Rok 1926
DU,1926,44,1926-05-11,parser+ocr300,1926-05-11,text:du_rok,1926-05-11,,DU/1926/268,9,9,SIClEJ. · 11 maja NQ 44. Rok 1926
DU,1926,45,1926-05-12,obraz+ocr300,,none,1926-05-12,1926-05-12,DU/1926/277,4,4,
DU,1926,46,1926-05-12,parser+ocr300,1926-05-12,text:du_rok,1926-05-12,,DU/1926/281,1,1, N2 46. 12 maja l ·:: Rok 1926
DU,1926,47,1926-05-14,parser+ocr300,1926-05-14,text:du_rok,1926-05-14,,DU/1926/282,4,4,POLSKIEJ. 14 maja NQ 47. T R E Ś Ć: Rok 1926
DU,1926,48,1926-05-14,parser+ocr300,1926-05-14,ocr:du_rok,1926-05-14,,DU/1926/286,6,6,J. - ats 14 maja No 48. Rok 1926
DU,1926,49,1926-05-18,parser+ocr300,1926-05-18,text50:du_rok,1926-05-18,,DU/1926/292,8,8,----------18 maja Rok 1926
DU,1926,50,1926-05-21,parser+ocr300,1926-05-21,text:du_rok,1926-05-21,,DU/1926/300,3,3,POLSKIEJ. 21 maja NQ 50. Rok 1926
DU,1926,51,1926-05-22,parser+ocr300,1926-05-22,text50:du_rok,1926-05-22,,DU/1926/303,3,3,. N251. 22 maja Rok 1926
DU,1926,52,1926-05-28,parser+ocr300,1926-05-28,ocr:du_rok,1926-05-28,,DU/1926/306,6,6,OLSKIEJ. 28 maja | No 52. Rok 1926
DU,1926,53,1926-06-02,parser+ocr300,1926-06-02,text:du_rok,1926-06-02,,DU/1926/312,8,8,POLSKIEJ. 2 czerwca NQ 53. Rok 1926
DU,1926,54,1926-06-03,parser+ocr300,1926-06-03,text:du_rok,1926-06-03,,DU/1926/320,2,2,KIEJ. II 3 czerwca N254. T R E Ś Ć: Rok 1926
DU,1926,55,1926-06-04,parser+ocr300,1926-06-04,text:du_rok,1926-06-04,,DU/1926/322,5,5,"... "" . 4 czerwca RZECZYPOSPOLITEJ POLSKIEJ.' ~'i~ _.... .-• NQ 55. Rok 1926"
DU,1926,56,1926-06-04,parser+ocr300,1926-06-04,ocr:du_rok,1926-06-04,,DU/1926/327,4,4,OLSKIEJ. 4 czerwca | No 56. : Rok 1926
DU,1926,57,1926-06-11,parser+ocr300,1926-06-11,ocr:du_rok,1926-06-11,,DU/1926/331,7,7,LSKIEJ. '11 czerwca No 57. | Rok 1926
DU,1926,58,1926-06-15,parser+ocr300,1926-06-15,text:du_rok,1926-06-15,,DU/1926/338,5,5,"OLSKIEJ:"" 15 czerwca N258. Rok 1926"
DU,1926,59,1926-06-17,parser+ocr300,1926-06-17,text50:du_rok,1926-06-17,,DU/1926/343,4,4," "" , I. 17 czerwca N259. Rok 1926"
DU,1926,60,1926-06-24,obraz+parser,1926-06-24,ocr:du_rok,1926-06-24,1926-06-24 1926-06-24,DU/1926/347,7,7,"OLSKIEJ. 24 czerwca No 60. ""Rok 1926"
DU,1926,61,1926-06-30,parser+ocr300,1926-06-30,text:du_rok,1926-06-30,,DU/1926/354,18,18,POLSKIEJ. 30 czerWca N261. I;. Rok 1926
DU,1926,62,1926-07-01,parser+ocr300,1926-07-01,text:du_rok,1926-07-01,,DU/1926/372,4,4,POLSKIEJ. 1 lipca NQ 62. ·Rok 1926
DU,1926,63,1926-07-02,parser+ocr300,1926-07-02,text:du_rok,1926-07-02,,DU/1926/376,3,3,POLSK1EJ. 2 lipca N2 63. Rok 1926
DU,1926,64,1926-07-06,parser+ocr300,1926-07-06,text:du_rok,1926-07-06,,DU/1926/379,4,4,POLSKIEJ. 6 lipca NQ ·64. • -Rok 1926
DU,1926,65,1926-07-07,parser+ocr300,1926-07-07,text:du_rok,1926-07-07,,DU/1926/383,2,2,OLSKIEJ. 7 lipca N265. T R E Ś Ć. Rok 1926
DU,1926,66,1926-07-10,parser+ocr300,1926-07-10,text:du_rok,1926-07-10,,DU/1926/385,11,11,POLSKIEJ. 10 lipca NQ 66. Rok 1926
DU,1926,67,1926-07-13,parser+ocr300,1926-07-13,text:du_rok,1926-07-13,,DU/1926/396,3,3,OLSKIEJ.. 13 lipca NQ 67. Rok 1926
DU,1926,68,1926-07-14,parser+ocr300,1926-07-14,text:du_rok,1926-07-14,,DU/1926/399,5,5,"LSKIEJ. , 14 lipca N2 68. Rok 1926"
DU,1926,69,1926-07-16,obraz+parser,1926-07-16,text:du_rok,1926-07-16,1926-07-16,DU/1926/404,1,1,; 16 lipca RZECZYPOSPOLITEJ POLSKIEJ. NQ 69. Rok 1926
DU,1926,70,1926-07-19,parser+ocr300,1926-07-19,text:du_rok,1926-07-19,,DU/1926/405,7,7,POLSKIEJ. 19 lipca NQ 70. Rok 1926
DU,1926,71,1926-07-19,parser+ocr300,1926-07-19,text:du_rok,1926-07-19,,DU/1926/412,1,1,"POLSKIEJ. 19 lipca """" NQ 71. Rok 1926"
DU,1926,72,1926-07-26,parser+ocr300,1926-07-26,text:du_rok,1926-07-26,,DU/1926/413,7,7,"HJ. ,- - 26 lipca Rok 1926"
DU,1926,73,1926-07-28,parser+ocr300,1926-07-28,text:du_rok,1926-07-28,,DU/1926/420,2,2,POLSKIEJ. 28 lipca N273. Rok 1926
DU,1926,74,1926-07-29,parser+ocr300,1926-07-29,text:du_rok,1926-07-29,,DU/1926/422,11,11,POLSKIEJ~ 29 lipca N2 74. . Rok 1926
DU,1926,75,1926-07-29,parser+ocr300,1926-07-29,text:du_rok,1926-07-29,,DU/1926/433,2,2,POLSKIEJ. 29 lipca NQ 75. ... Rok 1926
DU,1926,76,1926-07-31,parser+ocr300,1926-07-31,text:du_rok,1926-07-31,,DU/1926/435,4,4," . 'fM• 31 lipca . . .,,'-- RZECZYP6SPOLITEJ P8LSKIEJ• NQ 76. Rok 1926"
DU,1926,77,1926-08-03,parser+ocr300,1926-08-03,text:du_rok,1926-08-03,,DU/1926/439,3,3,POLSKIEJ. 3 sierpnia NQ 77. Rok 1926
DU,1926,78,1926-08-04,parser+ocr300,1926-08-04,text:du_rok,1926-08-04,,DU/1926/442,2,2,POLSKIEJ. 4 sierpnia N278. Rok 1926
DU,1926,79,1926-08-06,parser+ocr300,1926-08-06,text:du_rok,1926-08-06,,DU/1926/444,2,2,POLSKIEJ. 6 sierpnia Rok 1926
DU,1926,80,1926-08-10,parser+ocr300,1926-08-10,text:du_rok,1926-08-10,,DU/1926/446,3,3,POLSKIEJ. 10 sierpnia NQ 80. . T R E Ś Ć: Rok 1926
DU,1926,81,1926-08-10,parser+ocr300,1926-08-10,text:du_rok,1926-08-10,,DU/1926/449,2,2,POLSKIEJ. 10 sierpnia NQ 81. Rok 1926
DU,1926,82,1926-08-13,parser+ocr300,1926-08-13,ocr:du_rok,1926-08-13,,DU/1926/451,11,11,OLSKIEJ. 13 sierpnia No 82. Rok 1926
DU,1926,83,1926-08-14,parser+ocr300,1926-08-14,text:du_rok,1926-08-14,,DU/1926/462,5,5,S Kl E J. 14 sierpnia NQ 83. Rok 1926
DU,1926,84,1926-08-18,parser+ocr300,1926-08-18,text:du_rok,1926-08-18,,DU/1926/467,10,10,"POLSKIEJ, 18 sierpnia N284. Rok 1926"
DU,1926,85,1926-08-20,parser+ocr300,1926-08-20,text:du_rok,1926-08-20,,DU/1926/477,5,5,POLSKIEJ. 20 sierpnia NQ 85. Rok 1926
DU,1926,86,1926-08-20,obraz×2 (odczyty maszynowe inne),1926-08-29,ocr50:du_rok,1926-08-29,1926-08-20 1926-08-20,DU/1926/482,1,1,OLSKIEJ. 29 sierpnia No 86. Rok 1926
DU,1926,87,1926-08-23,obraz+parser,1926-08-23,ocr:du_rok,1926-08-23,1926-08-23,DU/1926/483,7,7,"OLSKIEJ, 23 sierpnia No 87. Rok 1926"
DU,1926,88,1926-08-27,parser+ocr300,1926-08-27,text:du_rok,1926-08-27,,DU/1926/490,8,8,POLSKIEJ. 27 sierpnia NQ 88.' Rok 1926
DU,1926,89,1926-08-30,parser+ocr300,1926-08-30,text:du_rok,1926-08-30,,DU/1926/498,18,17,----------30 sierpnia NQ 89. Rok 1926
DU,1926,90,1926-08-31,parser+ocr300,1926-08-31,ocr:du_rok,1926-08-31,,DU/1926/516,11,11,OLSKIEJ. 31 sierpnia No 90. Rok 1926
DU,1926,91,1926-08-31,parser+ocr300,1926-08-31,text:du_rok,1926-08-31,,DU/1926/527,3,3,-----~-- 31 sierpnia NQ 91. Rok 1926
DU,1926,92,1926-09-08,parser+ocr300,1926-09-08,text:du_rok,1926-09-08,,DU/1926/530,6,6,POLSKIEJ. 8 września N292. T R E Ś Ć. USTf\Wft: Rok 1926
DU,1926,93,1926-09-14,parser+ocr300,1926-09-14,ocr:du_rok,1926-09-14,,DU/1926/536,14,13,EJ. pra 14 września i No 93. Rok 1926
DU,1926,94,1926-09-17,parser+ocr300,1926-09-17,text:du_rok,1926-09-17,,DU/1926/550,5,5,POLSKlEJ. 17 września Rok 1926
DU,1926,95,1926-09-21,parser+ocr300,1926-09-21,ocr:du_rok,1926-09-21,,DU/1926/555,4,4,KIEJ. — 21 września No 95. Rok 1926
DU,1926,96,1926-09-25,obraz+parser,1926-09-25,ocr:du_rok,1926-09-25,1926-09-25 1926-09-25,DU/1926/559,6,6,OLSKIEJ. 25 września No 96. i Rok 1926
DU,1926,97,1926-09-28,parser+ocr300,1926-09-28,ocr:du_rok,1926-09-28,,DU/1926/565,5,5,OLSKIEJ. 28 września No 97. Rok 1926
DU,1926,98,1926-09-30,parser+ocr300,1926-09-30,ocr:du_rok,1926-09-30,,DU/1926/570,1,1,OLSKIEJ. 30 września . No 98. Rok 1926
DU,1926,99,1926-10-05,parser+ocr300,1926-10-05,text:du_rok,1926-10-05,,DU/1926/571,2,2,POLSKlEJ. 5 października NQ 99. Rok 1926
DU,1926,100,1926-10-07,parser+ocr300,1926-10-07,text:du_rok,1926-10-07,,DU/1926/573,7,7,POLSKIEJ. 7 października NQ 100. Rok 1926
DU,1926,101,1926-10-13,parser+ocr300,1926-10-13,text:du_rok,1926-10-13,,DU/1926/580,10,10,POLSKIEJ. 13 października N2 101 Rok 1926
DU,1926,102,1926-10-15,obraz+parser,1926-10-15,ocr50:du_rok,,1926-10-15,DU/1926/590,8,8,OLSKIEJ. 15 października No 102. Rok 1926
DU,1926,103,1926-10-21,parser+ocr300,1926-10-21,ocr:du_rok,1926-10-21,,DU/1926/598,7,7,OLSKIEJ. 21 pażdziernika * No 103. Rok 1926
DU,1926,104,1926-10-23,parser+ocr300,1926-10-23,text:du_rok,1926-10-23,,DU/1926/605,4,4,POLSKIEJ. 23 października Rok 1926
DU,1926,105,1926-10-26,parser+ocr300,1926-10-26,ocr:du_rok,1926-10-26,,DU/1926/609,1,1,LSKIEJ. „26 października No 105. Rok 1926
DU,1926,106,1926-10-28,parser+ocr300,1926-10-28,text:du_rok,1926-10-28,,DU/1926/610,19,19,POLSKIEJ. 28 października Rok 1926
DU,1926,107,1926-10-30,parser+ocr300,1926-10-30,text:du_rok,1926-10-30,,DU/1926/629,4,4,K1B~J. J 30 października NQ 107. Rok 1926
DU,1926,108,1926-10-30,obraz+ocr300,,none,1926-10-30,1926-10-30,DU/1926/633,4,4,
DU,1926,109,1926-11-05,parser+ocr300,1926-11-05,text:du_rok,1926-11-05,,DU/1926/637,3,3,POLSKIEJ. 5 listopada NQ 109. T R E Ś Ć: Rok 1926
DU,1926,110,1926-11-06,parser+ocr300,1926-11-06,text:du_rok,1926-11-06,,DU/1926/640,4,4,POLSKIEJ. 6 listopada N2 110. Rok 1926
DU,1926,111,1926-11-06,parser+ocr300,1926-11-06,text:du_rok,1926-11-06,,DU/1926/644,6,6,POLSKiEJ. 6 listopada NQ 111. T R E Ś Ć: Rok 1926
DU,1926,112,1926-11-09,obraz+parser,1926-11-09,text:du_rok,1926-11-09,1926-11-09,DU/1926/650,4,4,POLSKIEJ. 9 listopada Rok 1926
DU,1926,113,1926-11-10,parser+ocr300,1926-11-10,text:du_rok,1926-11-10,,DU/1926/654,6,6,POLSKIEJ. 10 listopada N2 113. Rok 1926
DU,1926,114,1926-11-13,parser+ocr300,1926-11-13,ocr:du_rok,1926-11-13,,DU/1926/660,6,6,OLSKIEJ. 13 listopada No 114. Rok 1926
DU,1926,115,1926-11-22,parser+ocr300,1926-11-22,text:du_rok,1926-11-22,,DU/1926/666,5,5,POLSKIEJ. 22 listopada N2 115. Rok 1926
DU,1926,116,1926-11-25,parser+ocr300,1926-11-25,text:du_rok,1926-11-25,,DU/1926/671,7,7,POLSKIEJ. 25 listopada N2 116. Rok 1926
DU,1926,117,1926-11-27,parser+ocr300,1926-11-27,ocr:du_rok,1926-11-27,,DU/1926/678,5,5,"OLSKIEJ, 27 listopada No 117. | Rok 1926"
DU,1926,118,1926-12-01,parser+ocr300,1926-12-01,text:du_rok,1926-12-01,,DU/1926/683,2,2,POLSKIEJ. 1 grudnia NQ 118. Rok 1926
DU,1926,119,1926-12-04,parser+ocr300,1926-12-04,text:du_rok,1926-12-04,,DU/1926/685,8,8,POLSKIEJ. 4 grudnia Rok 1926
DU,1926,120,1926-12-06,parser+ocr300,1926-12-06,text50:du_rok,1926-12-06,,DU/1926/693,1,1,POLSKIEJ. 6 grudnia NQ 120. Rok 1926
DU,1926,121,1926-12-15,obraz+parser,1926-12-15,ocr:du_rok,1926-12-15,1926-12-15,DU/1926/694,10,10,IEJ. mu 15 grudnia No 121. Rok 1926
DU,1926,122,1926-12-17,parser+ocr300,1926-12-17,text:du_rok,1926-12-17,,DU/1926/704,9,9,POLSKlEJ. 17 grudnia NQ 122. Rok 1926
DU,1926,123,1926-12-18,parser+ocr300,1926-12-18,text:du_rok,1926-12-18,,DU/1926/713,1,1," '~s'~ "" 18 grudnia NQ 123. Rok 1926"
DU,1926,124,1926-12-22,parser+ocr300,1926-12-22,text:du_rok,1926-12-22,,DU/1926/714,11,11,POLSKIEJ. 22 grudnia Rok 1926
DU,1926,125,1926-12-23,parser+ocr300,1926-12-23,text:du_rok,1926-12-23,,DU/1926/725,9,9,"--------"" 23 grudnia' Rok 1926"
DU,1926,126,1926-12-23,parser+ocr300,1926-12-23,text:du_rok,1926-12-23,,DU/1926/734,3,2,POLSKIEJ. 23 grudnia N2126. T R E Ś Ć: Rok 1926
DU,1926,127,1926-12-29,parser+ocr300,1926-12-29,text:du_rok,1926-12-29,,DU/1926/737,18,18,POLSKIEJ. 29 grudnia N2 '127. Rok 1926
DU,1926,128,1926-12-30,parser+ocr300,1926-12-30,text:du_rok,1926-12-30,,DU/1926/755,22,22,POLSKIEJ. 30 grudnia NQ 128. Rok 1926
DU,1926,129,1926-12-31,parser+ocr300,1926-12-31,text:du_rok,1926-12-31,,DU/1926/777,3,3,POLSKIEJ. 31 grudnia NQ 129. T R E Ś Ć: Rok 1926
DU,1926,130,1926-12-31,parser+ocr300,1926-12-31,text:du_rok,1926-12-31,,DU/1926/780,7,7,"SKIEJ. ,. 31 grudnia N2 130. Rok 1926"
DU,1926,131,1926-12-31,parser+ocr300,1926-12-31,ocr:du_rok,1926-12-31,,DU/1926/787,1,1,OLSKIEJ. 31 grudnia No 131. Rok 1926
DU,1927,1,1927-01-08,parser+ocr300,1927-01-08,text50:du_rok,1927-01-08,,DU/1927/1,12,12,POLSKIEJ. 8 stycznia Rok 1927
DU,1927,2,1927-01-09,parser+ocr300,1927-01-09,text:du_rok,1927-01-09,,DU/1927/13,1,1,TJSKl EJ. 9 stycznia Rok 1927
DU,1927,3,1927-01-14,parser+ocr300,1927-01-14,ocr:du_rok,1927-01-14,,DU/1927/14,7,7,OLSKIEJ. 14 stycznia Noe 3. Rok 1927
DU,1927,4,1927-01-17,parser+ocr300,1927-01-17,text:du_rok,1927-01-17,,DU/1927/21,4,4,POLSK1EJ. 17 stycznia Rok 1927
DU,1927,5,1927-01-20,parser+ocr300,1927-01-20,text:du_rok,1927-01-20,,DU/1927/25,7,7,POLSKlEJ. 20 stycznia Rok 1927
DU,1927,6,1927-01-26,parser+ocr300,1927-01-26,text:du_rok,1927-01-26,,DU/1927/32,7,7,POLSKIEJ. 26 stycznia NQ 6. T R E Ś Ć: Rok 1927
DU,1927,7,1927-01-31,obraz+parser,1927-01-31,text50:du_rok,1927-01-31,1927-01-31,DU/1927/39,17,17,----------31 stycznia Rok 1927
DU,1927,8,1927-02-03,parser+ocr300,1927-02-03,text:du_rok,1927-02-03,,DU/1927/56,14,14,POLSKIEJ. 3 lutego Rok 1927
DU,1927,9,1927-02-05,parser+ocr300,1927-02-05,text:du_rok,1927-02-05,,DU/1927/70,4,4,POLSKIEJ. 5 lutego Rok 1927
DU,1927,10,1927-02-11,parser+ocr300,1927-02-11,text:du_rok,1927-02-11,,DU/1927/74,11,11,POLSKIEJ. 11 lutego N2 10. Rok 1927
DU,1927,11,1927-02-14,parser+ocr300,1927-02-14,text:du_rok,1927-02-14,,DU/1927/85,9,9,POLSKIEJ. 14 lutego N2 11. Rok 1927
DU,1927,12,1927-02-17,parser+ocr300,1927-02-17,text:du_rok,1927-02-17,,DU/1927/94,6,6,LS'K IEJ. 17 lutego N2 12. Rok 1927
DU,1927,13,1927-02-21,parser+ocr300,1927-02-21,text:du_rok,1927-02-21,,DU/1927/100,7,7,POLSKIEJ. 21 lutego NQ 13. Rok 1927
DU,1927,14,1927-02-23,parser+ocr300,1927-02-23,text:du_rok,1927-02-23,,DU/1927/107,4,4,POLSKIEJ. 23 lutego NQ 14. Rok 1927
DU,1927,15,1927-02-25,parser+ocr300,1927-02-25,text:du_rok,1927-02-25,,DU/1927/111,6,6,POLSKIEJ. 25 lutego NQ 15. Rok 1927
DU,1927,16,1927-02-28,parser+ocr300,1927-02-28,text:du_rok,1927-02-28,,DU/1927/117,13,13,POLSKIEJ. 28 lutego N2 16. Rok 1927
DU,1927,17,1927-03-01,parser+ocr300,1927-03-01,text:du_rok,1927-03-01,,DU/1927/130,8,8,POLSKIEJ. 1 marca N2 17. Rok 1927
DU,1927,18,1927-03-03,parser+ocr300,1927-03-03,text:du_rok,1927-03-03,,DU/1927/138,2,2,LSKIEJ• . 3 marca N2 18. Rok 1927
DU,1927,19,1927-03-04,parser+ocr300,1927-03-04,text:du_rok,1927-03-04,,DU/1927/140,10,10,POLSKIEJ. 4 marca N2 19. Rok 1927
DU,1927,20,1927-03-05,parser+ocr300,1927-03-05,text:du_rok,1927-03-05,,DU/1927/150,8,8,POLSKIEJ. 5 marca NQ 20. Rok 1927
DU,1927,21,1927-03-10,parser+ocr300,1927-03-10,ocr:du_rok,1927-03-10,,DU/1927/158,6,6,OLSKIEJ. 10 marca No 21. Rok 1927
DU,1927,22,1927-03-11,parser+ocr300,1927-03-11,text:du_rok,1927-03-11,,DU/1927/164,10,7,POLSKIEJ. 11 marca NQ 22. Rok 1927
DU,1927,23,1927-03-14,parser+ocr300,1927-03-14,text:du_rok,1927-03-14,,DU/1927/174,15,15,POLSKIEJ. 14 marca . NQ 23. T R E Ś Ć: Rok 1927
DU,1927,24,1927-03-15,parser+ocr300,1927-03-15,text:du_rok,1927-03-15,,DU/1927/189,6,6,POLSKIEJ. 15 marca NQ 24. Rok 1927
DU,1927,25,1927-03-18,parser+ocr300,1927-03-18,text:du_rok,1927-03-18,,DU/1927/195,6,6,18 marca nzE CZYP oSp oLI TE J P oI1 S re] EJ. N2 25. Rok 1927
DU,1927,26,1927-03-19,parser+ocr300,1927-03-19,text:du_rok,1927-03-19,,DU/1927/201,5,5,POLSKIEJ. 19 marca NQ 26. • Rok 1927
DU,1927,27,1927-03-23,parser+ocr300,1927-03-23,text:du_rok,1927-03-23,,DU/1927/206,19,19,OLSKIEJ.. 23 marca • NQ 27. Rok 1927
DU,1927,28,1927-03-25,parser+ocr300,1927-03-25,text:du_rok,1927-03-25,,DU/1927/225,8,8,POLSKIEJ. 25 marca NQ 28. Rok 1927
DU,1927,29,1927-03-30,parser+ocr300,1927-03-30,text:du_rok,1927-03-30,,DU/1927/233,21,21,----------30 marca NQ 29. Rok 1927
DU,1927,30,1927-03-31,parser+ocr300,1927-03-31,text:du_rok,1927-03-31,,DU/1927/254,1,1,POLSKIEJ. 31 marca NQ 30. Rok 1927
DU,1927,31,1927-04-01,parser+ocr300,1927-04-01,text:du_rok,1927-04-01,,DU/1927/255,32,32,POLSKIEJ. 1 kwietnia NQ 31. Rok 1927
DU,1927,32,1927-04-06,parser+ocr300,1927-04-06,text:du_rok,1927-04-06,,DU/1927/287,11,11,"POLSKIEJ. 6 kwietnia ,',o N232. Rok 1927"
DU,1927,33,1927-04-09,parser+ocr300,1927-04-09,text:du_rok,1927-04-09,,DU/1927/298,2,2,POLSKIEJ. 9 kwietnia USTI\WI\ NQ 33. T R E Ś Ć: Rok 1927
DU,1927,34,1927-04-11,parser+ocr300,1927-04-11,text50:du_rok,1927-04-11,,DU/1927/300,4,4,POLSKIEJ. 11 kwietnia NQ 34. Rok 1927
DU,1927,35,1927-04-13,parser+ocr300,1927-04-13,text:du_rok,1927-04-13,,DU/1927/304,14,14,LSKIEJ. · 13 kwietnia N2 35. T R E Ś Ć: Rok 1927
DU,1927,36,1927-04-15,parser+ocr300,1927-04-15,text:du_rok,1927-04-15,,DU/1927/318,10,10,POLSKIEJ. 15 kwietnia N236. Rok 1927
DU,1927,37,1927-04-21,parser+ocr300,1927-04-21,text:du_rok,1927-04-21,,DU/1927/328,8,8, NQ 37. 21 kwietnia Rok 1927
DU,1927,38,1927-04-25,parser+ocr300,1927-04-25,text:du_rok,1927-04-25,,DU/1927/336,11,11,----------25 kwietnia NQ 38. Rok 1927
DU,1927,39,1927-04-27,parser+ocr300,1927-04-27,text:du_rok,1927-04-27,,DU/1927/347,3,3,POLSKIEJ. 27 kwietnia Ng 39. Rok 1927
DU,1927,40,1927-04-30,parser+ocr300,1927-04-30,text:du_rok,1927-04-30,,DU/1927/350,18,18,POLSKIEJ. 30 kwietnia NQ 40. Rok 1927
DU,1927,41,1927-05-05,parser+ocr300,1927-05-05,text:du_rok,1927-05-05,,DU/1927/368,4,4,POLSKIEJ. 5 maja NQ 41. T R E Ś Ć: Rok 1927
DU,1927,42,1927-05-09,parser+ocr300,1927-05-09,ocr50:du_rok,1927-05-09,,DU/1927/372,8,8,OLSKIEJ. 9 maja No 42. Rok 1927
DU,1927,43,1927-05-14,parser+ocr300,1927-05-14,text:du_rok,1927-05-14,,DU/1927/380,10,10,POLSKIEJ. 14 maja NQ 43. Rok 1927
DU,1927,44,1927-05-20,parser+ocr300,1927-05-20,text:du_rok,1927-05-20,,DU/1927/390,8,8,POLSKIEJ. 20 maja N244. Rok 1927
DU,1927,45,1927-05-24,parser+ocr300,1927-05-24,ocr:du_rok,1927-05-24,,DU/1927/398,2,2,"OLSKIEJ. 24 maja No 45. , Rok 1927"
DU,1927,46,1927-05-28,parser+ocr300,1927-05-28,ocr:du_rok,1927-05-28,,DU/1927/400,22,22,"OLSKIEJ. 28 maja No 46. "" Rok 1927"
DU,1927,47,1927-05-31,parser+ocr300,1927-05-31,ocr:du_rok,1927-05-31,,DU/1927/422,11,11,OLSKIEJ. 31 maja No 47. Rok 1927
DU,1927,48,1927-06-01,parser+ocr300,1927-06-01,text50:du_rok,1927-06-01,,DU/1927/433,4,4,OLSKIEJ. -l czerwca NQ 48. Rok 1927
DU,1927,49,1927-06-04,parser+ocr300,1927-06-04,text:du_rok,1927-06-04,,DU/1927/437,7,7,POLSKIEJ. 4 czerwca N249. Rok 1927
DU,1927,50,1927-06-08,parser+ocr300,1927-06-08,text50:du_rok,1927-06-08,,DU/1927/444,8,8,----~.~~ 8 czerwca N2 50. Rok 1927
DU,1927,51,1927-06-10,parser+ocr300,1927-06-10,text:du_rok,1927-06-10,,DU/1927/452,8,8,"_~i,~ -- 10 czerwca N251. T R E Ś Ć: , Rok 1927"
DU,1927,52,1927-06-13,parser+ocr300,1927-06-13,text:du_rok,1927-06-13,,DU/1927/460,8,8,POLSKIEJ. 13 czerwca ; . N252. Rok 1927
DU,1927,53,1927-06-15,parser+ocr300,1927-06-15,text:du_rok,1927-06-15,,DU/1927/468,2,2,POLSKIEJ. 15 czerwca N2 53. Rok 1927
DU,1927,54,1927-06-18,parser+ocr300,1927-06-18,text:du_rok,1927-06-18,,DU/1927/470,12,12,","" • 18 czerwca r RZECZYPOSPOLITEJ POLSKIEJ. Rok 1927"
DU,1927,55,1927-06-23,parser+ocr300,1927-06-23,ocr:du_rok,1927-06-23,,DU/1927/482,9,9,OLSKIEJ. 23 czerwca No 55. Rok 1927
DU,1927,56,1927-06-27,parser+ocr300,1927-06-27,text:du_rok,1927-06-27,,DU/1927/491,13,13,--0· -$ 27 czerwca .Q . NQ 56. Rok 1927
DU,1927,57,1927-06-30,parser+ocr300,1927-06-30,text:du_rok,1927-06-30,,DU/1927/504,1,1,POLSKIEJ. 30 czerwca NQ 57. Rok 1927
DU,1927,58,1927-06-30,parser+ocr300,1927-06-30,text:du_rok,1927-06-30,,DU/1927/505,8,8,POLSKIEJ. 30 czerwca NQ 58. T R E Ś Ć: Rok 1927
DU,1927,59,1927-07-02,parser+ocr300,1927-07-02,ocr:du_rok,1927-07-02,,DU/1927/513,10,10,OLSKIEJ. 2 lipca No 59. Rok 1927
DU,1927,60,1927-07-07,parser+ocr300,1927-07-07,text:du_rok,1927-07-07,,DU/1927/523,14,14,SK.JEJ. . 7 lipca N2 60. Rok 1927
DU,1927,61,1927-07-11,parser+ocr300,1927-07-11,ocr:du_rok,1927-07-11,,DU/1927/537,6,6,OLSKIEJ. 11 lipca No 61. Rok 1927
DU,1927,62,1927-07-12,parser+ocr300,1927-07-12,text:du_rok,1927-07-12,,DU/1927/543,5,4,POLSKIEJ. 12 lipca NQ 62. T R E Ś Ć: Rok 1927
DU,1927,63,1927-07-15,obraz×2,,none,,1927-07-15 1927-07-15,DU/1927/548,16,13,
DU,1927,64,1927-07-19,parser+ocr300,1927-07-19,text:du_rok,1927-07-19,,DU/1927/564,9,9,POLSKIEJ. 19 lipca Rok 1927
DU,1927,65,1927-07-22,parser+ocr300,1927-07-22,text:du_rok,1927-07-22,,DU/1927/573,11,10,POLSKIEJ. 22 lipca N2 65. ' Rok 1927
DU,1927,66,1927-07-27,parser+ocr300,1927-07-27,text:du_rok,1927-07-27,,DU/1927/584,6,6,POLSKIEJ. 27 lipca ' NQ 66. Rok 1927
DU,1927,67,1927-07-30,parser+ocr300,1927-07-30,text:du_rok,1927-07-30,,DU/1927/590,8,8,POLSKIEJ. 30 lipca NQ 67. Rok 1927
DU,1927,68,1927-08-03,parser+ocr300,1927-08-03,text:du_rok,1927-08-03,,DU/1927/598,6,6,POLSKlEJ. 3 sierpnia · N268. Rok 1927
DU,1927,69,1927-08-10,parser+ocr300,1927-08-10,text:du_rok,1927-08-10,,DU/1927/604,10,10,POLSKIEJ~ 10 SIerpnIa NQ 69. Rok 1927
DU,1927,70,1927-08-12,parser+ocr300,1927-08-12,text:du_rok,1927-08-12,,DU/1927/614,7,7,KIEJ. !4 12 sierpnia N2 70. Rok 1927
DU,1927,71,1927-08-17,parser+ocr300,1927-08-17,text:du_rok,1927-08-17,,DU/1927/621,5,5,POLSKIEJ. 17 sierpnia Rok 1927
DU,1927,72,1927-08-19,parser+ocr300,1927-08-19,text50:du_rok,1927-08-19,,DU/1927/626,6,6,POLSKIEJ. 19 sierpnia N2 72. Rok 1927
DU,1927,73,1927-08-20,parser+ocr300,1927-08-20,text:du_rok,1927-08-20,,DU/1927/632,9,9,POLSKIEJ. 20 sierpnia NQ 73. Rok 1927
DU,1927,74,1927-08-26,parser+ocr300,1927-08-26,text:du_rok,1927-08-26,,DU/1927/641,15,15,LSKIEJ. . 26 sierpnia . m Rok 1927
DU,1927,75,1927-08-29,parser+ocr300,1927-08-29,text:du_rok,1927-08-29,,DU/1927/656,12,12,IEJ. j ' 29 sierpnia NQ 75. Rok 1927
DU,1927,76,1927-08-31,parser+ocr300,1927-08-31,text:du_rok,1927-08-31,,DU/1927/668,5,5,POLSKIEJ. 31 sierpnia NQ 76. Rok 1927
DU,1927,77,1927-09-02,parser+ocr300,1927-09-02,text:du_rok,1927-09-02,,DU/1927/673,3,3,POLSKlEJ. 2 września NQ· 77. - Rok 1927
DU,1927,78,1927-09-08,parser+ocr300,1927-09-08,text:du_rok,1927-09-08,,DU/1927/676,11,11,POLSKIEJ. 8 września N2 78. Rok 1927
DU,1927,79,1927-09-13,parser+ocr300,1927-09-13,text:du_rok,1927-09-13,,DU/1927/687,7,7,POLSKIEJ. 13 września NQ 79. Rok 1927
DU,1927,80,1927-09-15,parser+ocr300,1927-09-15,text:du_rok,1927-09-15,,DU/1927/694,5,5,IEJ. r . 15 września NQ 80. Rok 1927
DU,1927,81,1927-09-19,parser+ocr300,1927-09-19,text:du_rok,1927-09-19,,DU/1927/699,16,16,POLSKIEJ. 19 września Rok 1927
DU,1927,82,1927-09-23,parser+ocr300,1927-09-23,ocr:du_rok,1927-09-23,,DU/1927/715,21,21,OLSKIEJ. 23 września No 82. Rok 1927
DU,1927,83,1927-09-27,parser+ocr300,1927-09-27,text:du_rok,1927-09-27,,DU/1927/736,11,11,KIEJ. - 27 września N2 83. Rok 1927
DU,1927,84,1927-09-29,parser+ocr300,1927-09-29,text:du_rok,1927-09-29,,DU/1927/747,12,12,POLSKlEJ. 29 września NQ 84. T R E Ś Ć: --------~---~------------------------ Rok 1927
DU,1927,85,1927-09-30,parser+ocr300,1927-09-30,text:du_rok,1927-09-30,,DU/1927/759,9,9,POLSKlEJ. 30 września N285. ------------~~------------~-- Rok 1927
DU,1927,86,1927-10-05,parser+ocr300,1927-10-05,text:du_rok,1927-10-05,,DU/1927/768,8,8, OljITE~J 5 października NQ 86. POLSK1EJ. Rok 1927
DU,1927,87,1927-10-08,parser+ocr300,1927-10-08,text:du_rok,1927-10-08,,DU/1927/776,13,13,POLSKIEJ. 8 października }\[Q 87. Rok 1927
DU,1927,88,1927-10-13,parser+ocr300,1927-10-13,text:du_rok,1927-10-13,,DU/1927/789,7,7,POLSKIEJ. 13 października Rok 1927
DU,1927,89,1927-10-15,parser+ocr300,1927-10-15,text:du_rok,1927-10-15,,DU/1927/796,6,6, K l EJ. .15 października N2 89. Rok 1927
DU,1927,90,1927-10-18,parser+ocr300,1927-10-18,text:du_rok,1927-10-18,,DU/1927/802,15,15,OLSK1E~J. 18 października NQ 90. T R E Ś Ć: Rok 1927
DU,1927,91,1927-10-21,parser+ocr300,1927-10-21,text:du_rok,1927-10-21,,DU/1927/817,5,5,POLSKIEJ. 21 października NQ 91. T R E Ś Ć: --------------------------------Rok 1927
DU,1927,92,1927-10-25,parser+ocr300,1927-10-25,text:du_rok,1927-10-25,,DU/1927/822,12,12,POLSKIEJ. 25 października NQ 92. T R E Ś Ć: I Rok 1927
DU,1927,93,1927-10-28,parser+ocr300,1927-10-28,text:du_rok,1927-10-28,,DU/1927/834,6,6,POLSKIEJ. 28 października N2 93. Rok 1927
DU,1927,94,1927-10-31,obraz+parser,1927-10-31,text:du_rok,1927-10-31,1927-10-31,DU/1927/840,6,6,POLSKIEJ. 31 października Rok 1927
DU,1927,95,1927-11-02,parser+ocr300,1927-11-02,text:du_rok,1927-11-02,,DU/1927/846,4,4,POLSKIEJ. 2 listopada NQ 95. Rok 1927
DU,1927,96,1927-11-05,parser+ocr300,1927-11-05,text50:du_rok,1927-11-05,,DU/1927/850,5,5,"OLSKIEJ. ,5 listopada NQ 96. . Rok 1927"
DU,1927,97,1927-11-05,obraz+parser,1927-11-05,ocr:du_rok,1927-11-05,1927-11-05,DU/1927/855,4,4,OLSKIEJ. 5 listopada No 97. Rok 1927
DU,1927,98,1927-11-09,parser+ocr300,1927-11-09,text:du_rok,1927-11-09,,DU/1927/859,1,1,POLSKIEJ. 9 listopada N298. Rok 1927
DU,1927,99,1927-11-10,parser+ocr300,1927-11-10,text:du_rok,1927-11-10,,DU/1927/860,3,3,POLSKIEJ. 10 listopada N299. Rok 1927
DU,1927,100,1927-11-15,parser+ocr300,1927-11-15,text:du_rok,1927-11-15,,DU/1927/863,8,8,POLSKIEJ. 15 listopada NQ 100. Rok 1927
DU,1927,101,1927-11-19,parser+ocr300,1927-11-19,text:du_rok,1927-11-19,,DU/1927/871,11,11,POLSKlEJ. 19 listopada NQ 101 Rok 1927
DU,1927,102,1927-11-24,obraz×2,,none,,1927-11-24 1927-11-24,DU/1927/882,13,13,
DU,1927,103,1927-11-26,parser+ocr300,1927-11-26,text:du_rok,1927-11-26,,DU/1927/895,7,7,OLSKI EJ. 26 listopada NQ 103. Rok 1927
DU,1927,104,1927-11-29,parser+ocr300,1927-11-29,text:du_rok,1927-11-29,,DU/1927/902,4,4,POLSKlEJ. 29 listopada N2104. T R E Ś Ć: Rok 1927
DU,1927,105,1927-11-30,parser+ocr300,1927-11-30,text:du_rok,1927-11-30,,DU/1927/906,1,1,POLSKIEJ. 30 listopada N2 105. T R E Ś Ć: Rok 1927
DU,1927,106,1927-12-02,parser+ocr300,1927-12-02,text:du_rok,1927-12-02,,DU/1927/907,9,9,POLSKIEJ. 2 grudnia NQ 106. Rok 1927
DU,1927,107,1927-12-05,parser+ocr300,1927-12-05,text:du_rok,1927-12-05,,DU/1927/916,4,4, S Kl EJ. 5 grudnia NQ 107. Rok 1927
DU,1927,108,1927-12-07,parser+ocr300,1927-12-07,text:du_rok,1927-12-07,,DU/1927/920,3,3,• 7 grudnia N l I( us] 4 Rok 1927
DU,1927,109,1927-12-10,parser+ocr300,1927-12-10,ocr:du_rok,1927-12-10,,DU/1927/923,11,11,OLSKIEJ. 10 grudnia No 109. Rok 1927
DU,1927,110,1927-12-14,obraz+parser,1927-12-14,ocr:du_rok,1927-12-14,1927-12-14,DU/1927/934,5,5,"OLSKIEJ, 14 grudnia No 110. Rok 1927"
DU,1927,111,1927-12-15,parser+ocr300,1927-12-15,ocr:du_rok,1927-12-15,,DU/1927/939,8,8,OLSKIEJ. 15 grudnia No TIL Rok 1927
DU,1927,112,1927-12-19,parser+ocr300,1927-12-19,text:du_rok,1927-12-19,,DU/1927/947,7,7,19 grudnia N2 112. Rok 1927
DU,1927,113,1927-12-21,obraz+parser,1927-12-21,ocr:du_rok,1927-12-21,1927-12-21,DU/1927/954,14,13,POLSKIEJ. 21 grudnia No 113. Rok 1927
DU,1927,114,1927-12-23,obraz+parser,1927-12-23,text:du_rok,1927-12-23,1927-12-23,DU/1927/968,12,12,POLSKIEJ. 23 grudnia Rok 1927
DU,1927,115,1927-12-28,parser+ocr300,1927-12-28,text50:du_rok,1927-12-28,,DU/1927/980,1,1,"POLSKIEJ. 28 grudnia NQ 115. , Rok 1927"
DU,1927,116,1927-12-29,parser+ocr300,1927-12-29,text:du_rok,1927-12-29,,DU/1927/981,15,15,POLSKIEJ. 29 grudnia NQ 116. Rok 1927
DU,1927,117,1927-12-30,parser+ocr300,1927-12-30,text:du_rok,1927-12-30,,DU/1927/996,14,14,OSPOLIT~J 30 grudnia N2 117. POLSKlEJ. Rok 1927
DU,1927,118,1927-12-31,parser+ocr300,1927-12-31,text:du_rok,1927-12-31,,DU/1927/1010,14,14,OLSKI EJ. 31 grudnia NQ 118. *) Rok 1927
DU,1928,1,1928-01-04,parser+ocr300,1928-01-04,text:du_rok,1928-01-04,,DU/1928/1,5,5,POLSKIEJ \4 stycznia Rok 1928
DU,1928,2,1928-01-07,parser+ocr300,1928-01-07,ocr:du_rok,1928-01-07,,DU/1928/6,12,12, POLSKIEJ 7 stycznia Noe 2. Rok 1928
DU,1928,3,1928-01-10,parser+ocr300,1928-01-10,text:du_rok,1928-01-10,,DU/1928/18,6,6, POLSKIEJ 10 stycznia Rok 1928
DU,1928,4,1928-01-13,parser+ocr300,1928-01-13,text:du_rok,1928-01-13,,DU/1928/24,9,9, POLSKIEJ 13 stycznia N24. Rok 1928
DU,1928,5,1928-01-14,parser+ocr300,1928-01-14,text:du_rok,1928-01-14,,DU/1928/33,4,4,",PotSKIEJ 14 stycznia Rok 1928"
DU,1928,6,1928-01-18,parser+ocr300,1928-01-18,text:du_rok,1928-01-18,,DU/1928/37,2,2, POLSKIEJ 18 stycznia Rok 1928
DU,1928,7,1928-01-24,parser+ocr300,1928-01-24,text:du_rok,1928-01-24,,DU/1928/39,13,13,S;E(IEJ '.24 stycznia ·' N27. Rok 1928
DU,1928,8,1928-01-28,parser+ocr300,1928-01-28,text:du_rok,1928-01-28,,DU/1928/52,11,11,28 stycznia RZECZYPOSPOLITEJ POLSKIEJ N2 8. Rok 1928
DU,1928,9,1928-01-31,parser+ocr300,1928-01-31,text:du_rok,1928-01-31,,DU/1928/63,10,10, POLSKIEJ 31 stycznia Rok 1928
DU,1928,10,1928-02-04,parser+ocr300,1928-02-04,text:du_rok,1928-02-04,,DU/1928/73,13,13, POLSKIEJ 4 lutego Rok 1928
DU,1928,11,1928-02-06,parser+ocr300,1928-02-06,ocr:du_rok,1928-02-06,,DU/1928/86,7,7,POLSKIEJ 6 lutego No 11. Rok 1928
DU,1928,12,1928-02-07,parser+ocr300,1928-02-07,text:du_rok,1928-02-07,,DU/1928/93,1,1, POLSKIEJ 7 lutego N2 12. .T R E Ś Ć: Rok 1928
DU,1928,13,1928-02-07,parser+ocr300,1928-02-07,text:du_rok,1928-02-07,,DU/1928/94,5,5,POLSKIEJ ·7 lutego NQ 13. Rok 1928
DU,1928,14,1928-02-13,parser+ocr300,1928-02-13,text:du_rok,1928-02-13,,DU/1928/99,7,7,"J N214. 13 lutego "" POLSI<:IEJ lA. Rok 1928"
DU,1928,15,1928-02-14,parser+ocr300,1928-02-14,ocr:du_rok,1928-02-14,,DU/1928/106,10,10,POLSKIEJ 14 lutego No 15. Rok 1928
DU,1928,16,1928-02-17,parser+ocr300,1928-02-17,ocr:du_rok,1928-02-17,,DU/1928/116,22,22,POLSKIEJ 17 lutego No 16. : Rok 1928
DU,1928,17,1928-02-21,parser+ocr300,1928-02-21,ocr:du_rok,1928-02-21,,DU/1928/138,13,13,"POLSKIEJ 21 lutego ""Ne 17. j Rok 1928"
DU,1928,18,1928-02-24,parser+ocr300,1928-02-24,text:du_rok,1928-02-24,,DU/1928/151,16,16," f ,.' 24 lutego \~ tt N I K U<Sl J RZECZYPOSPOLTTEJ POLSKIEJ NQ 18. Rok 1928"
DU,1928,19,1928-02-27,parser+ocr300,1928-02-27,ocr:du_rok,1928-02-27,,DU/1928/167,1,1,POLSKIEJ 27 lutego No 19. Rok 1928
DU,1928,20,1928-02-28,parser+ocr300,1928-02-28,text:du_rok,1928-02-28,,DU/1928/168,6,6,OSPOLTT~J 28 lutego NQ 20. T R E Ś Ć: POLSKIEJ Rok 1928
DU,1928,21,1928-03-01,parser+ocr300,1928-03-01,text:du_rok,1928-03-01,,DU/1928/174,21,21,.1> :\' 1 marca 4 RzECZYPOSPOLITEJ POLSKIEJ NQ 21. T R E Ś Ć: c · Rok 1928
DU,1928,22,1928-03-03,parser+ocr300,1928-03-03,ocr:du_rok,1928-03-03,,DU/1928/195,7,7,POLSKIEJ 3 marca No ŻA. Rok 1928
DU,1928,23,1928-03-05,obraz+parser,1928-03-05,text:du_rok,1928-03-05,1928-03-05,DU/1928/202,2,2,aS t - 5 marca 4 RZECZYPOSPOLITEJ POLSKIEJ NQ 23. T R E Ś Ć: Rok 1928
DU,1928,24,1928-03-06,obraz+parser,1928-03-06,text:du_rok,1928-03-06,1928-03-06,DU/1928/204,5,5,l( r ~ .J 6 marca· NQ 24. T R E Ś Ć: Rok 1928
DU,1928,25,1928-03-07,parser+ocr300,1928-03-07,text:du_rok,1928-03-07,,DU/1928/209,17,17,SPOLTT~J 7 marca J. 4 Ip POLSKIEJ Rok 1928
DU,1928,26,1928-03-10,parser+ocr300,1928-03-10,text:du_rok,1928-03-10,,DU/1928/226,17,17,"- : .. '10 marca N226., T R E Ś Ć: CKtRrJ Rok 1928"
DU,1928,27,1928-03-12,parser+ocr300,1928-03-12,ocr:du_rok,1928-03-12,,DU/1928/243,14,14,POLSKIEJ 12 marca No 27. Rok 1928
DU,1928,28,1928-03-13,parser+ocr300,1928-03-13,text:du_rok,1928-03-13,,DU/1928/257,8,8, POLSKIEJ 13 marca NQ 28. Rok 1928
DU,1928,29,1928-03-14,obraz+parser,1928-03-14,text:du_rok,1928-03-14,1928-03-14,DU/1928/265,13,12," /."", \ 14 marca RZECZYPOSPOLITEJ POLSKIEJ N229. TREŚĆ: Rok 1928"
DU,1928,30,1928-03-15,parser+ocr300,1928-03-15,text:du_rok,1928-03-15,,DU/1928/278,12,12," IK ,': ·15 marca RZECZYPOSPOLITEJ POLSKIEJ N930.' T R E Ś Ć: • Rok 1928"
DU,1928,31,1928-03-17,parser+ocr300,1928-03-17,ocr:du_rok,1928-03-17,,DU/1928/290,16,16,POLSKIEJ 17 marca No 31. Rok 1928
DU,1928,32,1928-03-19,parser+ocr300,1928-03-19,text:du_rok,1928-03-19,,DU/1928/306,7,7,LSKIEJ . 19 marca . N232. T R E Ś Ć: Rok 1928
DU,1928,33,1928-03-20,parser+ocr300,1928-03-20,text:du_rok,1928-03-20,,DU/1928/313,3,3, POLSKIEJ 20 marca Rok 1928
DU,1928,34,1928-03-22,parser+ocr300,1928-03-22,text:du_rok,1928-03-22,,DU/1928/316,7,7,22 marca RZECZYPOSPOLITEJ POLSKIEJ NQ ' 34. T R E Ś Ć: Rok 1928
DU,1928,35,1928-03-23,parser+ocr300,1928-03-23,text:du_rok,1928-03-23,,DU/1928/323,4,4, POLSKIEJ 23 marca N2 35. T R E Ś Ć: ' Rok 1928
DU,1928,36,1928-03-24,parser+ocr300,1928-03-24,text:du_rok,1928-03-24,,DU/1928/327,22,22,It 24 marca RZECiYPOSPÓLITEJ POLSKIEJ NQ 36. Rok 1928
DU,1928,37,1928-03-25,parser+ocr300,1928-03-25,text:du_rok,1928-03-25,,DU/1928/349,3,3,..\J .'. 25 marca nZECZYPOSPOLITEJ POLSKIEJ NQ 37. T R E Ś Ć! Jt Rok 1928
DU,1928,38,1928-03-26,parser+ocr300,1928-03-26,text:du_rok,1928-03-26,,DU/1928/352,31,30,K TR~J J 26 marca NQ 38. J Rok 1928
DU,1928,39,1928-03-26,parser+ocr300,1928-03-26,text:du_rok,1928-03-26,,DU/1928/383,5,5, 1'4 ) . 26 marca RZ~CZYPOSPOLITEJ N2 39. T R E Ś C: POLSKIEJ Rok 1928
DU,1928,40,1928-03-26,parser+ocr300,1928-03-26,text:du_rok,1928-03-26,,DU/1928/388,7,7,26 marca RZECZYPOSPOLITEJ POLSKIEJ N240. T R E Ś Ć: Rok 1928
DU,1928,41,1928-03-30,parser+ocr300,1928-03-30,ocr50:du_rok,1928-03-30,,DU/1928/395,11,11, POLSKIEJ 30 marca K : No 41. Rok 1928
DU,1928,42,1928-03-31,obraz+ocr300,,none,1928-03-31,1928-03-31,DU/1928/406,13,13,
DU,1928,43,1928-04-02,parser+ocr300,1928-04-02,text:du_rok,1928-04-02,,DU/1928/419,5,5, POLSKIEJ 2 kwietnia N243. T R E Ś Ć: USTAWY: Rok 1928
DU,1928,44,1928-04-06,parser+ocr300,1928-04-06,ocr:du_rok,1928-04-06,,DU/1928/424,2,2,POLSKIEJ 6 kwietnia No 44. . Rok 1928
DU,1928,45,1928-04-12,parser+ocr300,1928-04-12,text:du_rok,1928-04-12,,DU/1928/426,23,23,S1'4 Ip 12 kwietnia RZECZYPOSPOLITEJ POLSKIEJ N245. Rok 1928
DU,1928,46,1928-04-18,parser+ocr300,1928-04-18,text:du_rok,1928-04-18,,DU/1928/449,10,10, POLSKIEJ 18 kwietnia NQ 46. Rok 1928
DU,1928,47,1928-04-21,parser+ocr300,1928-04-21,text:du_rok,1928-04-21,,DU/1928/459,12,12, POLSKIEJ 21 kwietnia N247. T .R E Ś Ć: ---------------------Rok 1928
DU,1928,48,1928-04-23,parser+ocr300,1928-04-23,text:du_rok,1928-04-23,,DU/1928/471,2,2, POLSKIEJ 23 kwietnia NQ 48. Rok 1928
DU,1928,49,1928-04-25,parser+ocr300,1928-04-25,ocr:du_rok,1928-04-25,,DU/1928/473,7,7,POLSKIEJ 25 kwietnia No 49. Rok 1928
DU,1928,50,1928-04-27,parser+ocr300,1928-04-27,text:du_rok,1928-04-27,,DU/1928/480,9,9,"JPOLSKIEJ 27 kwietnia ,NQ "" 50. Rok 1928"
DU,1928,51,,bez odczytu (do obrazu),,none,,,DU/1928/489,8,8,
DU,1928,52,1928-05-05,parser+ocr300,1928-05-05,ocr:du_rok,1928-05-05,,DU/1928/497,9,9,POLSKIEJ 5 maja No 52. Rok 1928
DU,1928,53,1928-05-11,parser+ocr300,1928-05-11,text:du_rok,1928-05-11,,DU/1928/506,7,7, POLSKIEJ 11 maja NQ 53. Rok 1928
DU,1928,54,1928-05-16,parser+ocr300,1928-05-16,ocr:du_rok,1928-05-16,,DU/1928/513,10,10,POLSKIEJ 16 maja No 54. . Rok 1928
DU,1928,55,1928-05-18,parser+ocr300,1928-05-18,text:du_rok,1928-05-18,,DU/1928/523,5,5,--~--~-- 18 maja - j N2 55. ' T R E Ś Ć: Rok 1928
DU,1928,56,1928-05-24,parser+ocr300,1928-05-24,ocr:du_rok,1928-05-24,,DU/1928/528,9,9,POLSKIEJ 24 maja No 56. Rok 1928
DU,1928,57,1928-05-31,parser+ocr300,1928-05-31,text:du_rok,1928-05-31,,DU/1928/537,9,9, POLSKIEJ 31 maja NQ 57. T R E Ś Ć: Rok 1928
DU,1928,58,1928-06-02,parser+ocr300,1928-06-02,text50:du_rok,1928-06-02,,DU/1928/546,7,7, EOLSKIEJ 2 czerwca N2 58. Rok 1928
DU,1928,59,1928-06-06,parser+ocr300,1928-06-06,ocr:du_rok,1928-06-06,,DU/1928/553,3,3,POLSKIEJ 6 czerwca M RO Rok 1928
DU,1928,60,1928-06-11,parser+ocr300,1928-06-11,text:du_rok,1928-06-11,,DU/1928/556,1,1," l: l . 11 czerwca , RZECZYPOSPOLITEJ POLSKIEJ N2' 60. Rok 1928"
DU,1928,61,1928-06-14,parser+ocr300,1928-06-14,ocr:du_rok,1928-06-14,,DU/1928/557,17,17,POLSKIEJ 14 czerwca No 61 Rok 1928
DU,1928,62,1928-06-19,parser+ocr300,1928-06-19,text:du_rok,1928-06-19,,DU/1928/574,2,2," \ , • , 19 czerwca RZECZYPOSPOLITEJ POLSKIEJ NQ 62. T R E Ś Ć: Rok 1928"
DU,1928,63,1928-06-22,parser+ocr300,1928-06-22,ocr:du_rok,1928-06-22,,DU/1928/576,8,8,POLSKIEJ 22 czerwca No 63. Rok 1928
DU,1928,64,1928-06-25,parser+ocr300,1928-06-25,text:du_rok,1928-06-25,,DU/1928/584,9,9,Us]' 25 czerwca 4 RZECZYPOSPOLITEJ POLSKIEJ N2 64. Rok 1928
DU,1928,65,1928-06-28,parser+ocr300,1928-06-28,ocr:du_rok,1928-06-28,,DU/1928/593,13,13,OLSKIEJ „28 czerwca No 65. Rok 1928
DU,1928,66,1928-06-30,parser+ocr300,1928-06-30,text:du_rok,1928-06-30,,DU/1928/606,16,16, POLSKIEJ 30 czerwca NQ 66. Rok 1928
DU,1928,67,1928-07-01,parser+ocr300,1928-07-01,text:du_rok,1928-07-01,,DU/1928/622,1,1,OSPOLTT~J 1 lipca NQ 67. T R E Ś Ć: J. 4. POLSKIEJ Rok 1928
DU,1928,68,1928-07-05,parser+ocr300,1928-07-05,text:du_rok,1928-07-05,,DU/1928/623,7,7,"'NQ 68. ,5 lipca • Rok 1928"
DU,1928,69,1928-07-12,parser+ocr300,1928-07-12,ocr:du_rok,1928-07-12,,DU/1928/630,11,11,POLSKIEJ 12 lipca Noe 69. Rok 1928
DU,1928,70,1928-07-14,parser+ocr300,1928-07-14,ocr:du_rok,1928-07-14,,DU/1928/641,2,2,"OLSKIEJ „14 lipca — - ""No 70. Rok 1928"
DU,1928,71,1928-07-20,obraz+parser,1928-07-20,text:du_rok,1928-07-20,1928-07-20,DU/1928/643,2,2," . ,~ · 20 lipca . 4 RZECZYPOSPOLITEJ ' POLSKIEJ N2 71. - Rok 1928"
DU,1928,72,1928-07-24,parser+ocr300,1928-07-24,text:du_rok,1928-07-24,,DU/1928/645,18,18,"\ 24 lipca ~ ~ , N l K ·U S '11 . J..4 RZECZYPOSPOLITEJ POLSKIEJ N2 72. / Rok 1928"
DU,1928,73,1928-07-31,parser+ocr300,1928-07-31,ocr:du_rok,1928-07-31,,DU/1928/663,6,6,POLSKIEJ 31 lipca No 73. Rok 1928
DU,1928,74,1928-08-06,parser+ocr300,1928-08-06,text:du_rok,1928-08-06,,DU/1928/669,4,4,I( 6 sierpnia Us l' 4 RZECZYPO SPOLITEJ POLSKIEJ NQ 74. T R E Ś Ć: Rok 1928
DU,1928,75,1928-08-11,parser+ocr300,1928-08-11,ocr:du_rok,1928-08-11,,DU/1928/673,2,2,POLSKIEJ 11 sierpnia No 75. Rok 1928
DU,1928,76,1928-08-17,parser+ocr300,1928-08-17,text:du_rok,1928-08-17,,DU/1928/675,13,13,"LSKIEJ , 17 SIerpnIa NQ 76. > l i I Rok 1928"
DU,1928,77,1928-08-20,parser+ocr300,1928-08-20,text:du_rok,1928-08-20,,DU/1928/688,2,2," POLSKIEJ 20 sierpnia ,NQ 77. Rok 1928"
DU,1928,78,1928-08-24,parser+ocr300,1928-08-24,text50:du_rok,1928-08-24,,DU/1928/690,6,6, POLSKIEJ 24 sierpnia N2 78. Rok 1928
DU,1928,79,1928-08-28,parser+ocr300,1928-08-28,ocr:du_rok,1928-08-28,,DU/1928/696,5,5,"POLSKIEJ 28 sierpnia . No 79. "" Rok 1928"
DU,1928,80,1928-09-01,parser+ocr300,1928-09-01,text:du_rok,1928-09-01,,DU/1928/701,7,7,LSKIEJ A l września N2 80. Rok 1928
DU,1928,81,1928-09-07,parser+ocr300,1928-09-07,ocr50:du_rok,1928-09-07,,DU/1928/708,16,16,POLSKIEJ 7 września No 81. Rok 1928
DU,1928,82,1928-09-14,parser+ocr300,1928-09-14,ocr:du_rok,1928-09-14,,DU/1928/724,5,5,POLSKIEJ 14 września No 82. Rok 1928
DU,1928,83,1928-09-19,obraz+parser,1928-09-19,text:du_rok,,1928-09-19,DU/1928/729,10,10,"-----~ , 19 Września NQ 83. Rok 1928"
DU,1928,84,1928-09-22,obraz+parser,1928-09-22,ocr:du_rok,,1928-09-22,DU/1928/739,8,8,POLSKIEJ 22 września No 84. Rok 1928
DU,1928,85,1928-09-29,obraz×2 (odczyty maszynowe inne),1928-09-01,text:du_rok,,1928-09-29 1928-09-29,DU/1928/747,10,10,";'./ 29 I września . c:;, f{,ZECZYPOSPOLITEJ POLSKIEJ · N28S. , .Rok 1928"
DU,1928,86,1928-10-05,parser+ocr300,1928-10-05,ocr:du_rok,1928-10-05,,DU/1928/757,4,4,POLSKIEJ 5 października No 86. Rok 1928
DU,1928,87,1928-10-12,parser+ocr300,1928-10-12,text:du_rok,1928-10-12,,DU/1928/761,15,15,"' .. , 4 12 października I RZECZYPOSPOLITEJPOLSKlEi NQ 87. T R E Ś Ć: Rok 1928"
DU,1928,88,1928-10-19,obraz+parser,1928-10-19,ocr:du_rok,1928-10-19,1928-10-19,DU/1928/776,6,6,POLSKIEJ 19 października No 88. Rok 1928
DU,1928,89,1928-10-24,parser+ocr300,1928-10-24,text:du_rok,1928-10-24,,DU/1928/782,4,4,1>\ 24 października ~l\NIK . Us l' 4 RZECZY'OSPOLITEJ POLSKIEJ' NQ 89. • T R E Ś Ć: Rok 1928
DU,1928,90,1928-10-26,obraz+parser,1928-10-26,text:du_rok,1928-10-26,1928-10-26,DU/1928/786,11,11, P0LSKIEJ 26 października NQ 90. Rok 1928
DU,1928,91,1928-10-30,parser+ocr300,1928-10-30,text:du_rok,1928-10-30,,DU/1928/797,7,7, POLSKIEJ 30 października Rok 1928
DU,1928,92,1928-11-06,parser+ocr300,1928-11-06,ocr:du_rok,1928-11-06,,DU/1928/804,20,20,POLSKIEJ 6 listopada No 92. Rok 1928
DU,1928,93,1928-11-12,parser+ocr300,1928-11-12,text:du_rok,1928-11-12,,DU/1928/824,7,7, POLSKIEJ 12 listopada Rok 1928
DU,1928,94,1928-11-16,parser+ocr300,1928-11-16,text:du_rok,1928-11-16,,DU/1928/831,8,8, POLSKIEJ 16 listopada N294. TRESĆ: Rok 1928
DU,1928,95,1928-11-22,parser+ocr300,1928-11-22,text:du_rok,1928-11-22,,DU/1928/839,5,5, POLSKIEJ 22 listopada Rok 1928
DU,1928,96,1928-12-01,parser+ocr300,1928-12-01,text:du_rok,1928-12-01,,DU/1928/844,16,16,US 1 grudnia r. ·4 RZECZYPOSPOLITEJ POLSKIEJ NQ 96. Rok 1928
DU,1928,97,1928-12-05,parser+ocr300,1928-12-05,text:du_rok,1928-12-05,,DU/1928/860,7,7,1>\ 5 grudnia ~ ~ 'N I K u s . . l' 4 RZECZYPOSPOLITEJ POLSKIEJ NQ 97. Rok 1928
DU,1928,103,1928-12-29,obraz+parser,1928-12-29,text:du_rok,1928-12-29,1928-12-29,DU/1928/917,17,1, NQ 103. 29 grudnia T ) .... ' n ?''' - ~M tI: t. r z Q' h ~ • Rok 1928
DU,1928,104,1928-12-30,obraz+parser,1928-12-30,text:du_rok,1928-12-30,1928-12-30,DU/1928/934,17,8,", ~\ 30 grudnia ~ 11N I K U S l'Ą , RZECZYPOSPOLITEJ POLSKIEJ NQ 104. Ip ( Rok 1928"
DU,1928,105,1928-12-31,parser+ocr300,1928-12-31,text:du_rok,1928-12-31,,DU/1928/951,10,10,"' -,' > 31 grudnia RZECZYPOSPOLITEJ POLSKIEJ NQ 105*). Rok 1928"
DU,1929,1,,bez odczytu (do obrazu),,none,,brak winiety na s. 1,DU/1929/1,15,15,
DU,1929,2,1929-01-14,parser+ocr300,1929-01-14,text:du_rok,1929-01-14,,DU/1929/16,6,6, POLSKIEJ 14 stycznia N22. T R E Ś Ć: UMOWI\ Rok 1929
DU,1929,3,,bez odczytu (do obrazu),,none,,,DU/1929/22,11,10,
DU,1929,4,1929-01-24,parser+ocr300,1929-01-24,text:du_rok,1929-01-24,,DU/1929/33,11,11, POLSKIEJ 24 stycznia NQ 4. T R E Ś Ć: USTI\WY: Rok 1929
DU,1929,5,,bez odczytu (do obrazu),,none,,,DU/1929/44,10,9,
DU,1929,6,1929-01-29,parser+ocr300,1929-01-29,text:du_rok,1929-01-29,,DU/1929/54,2,2, POLSKIEJ 29 stycznia NQ 6. Rok 1929
DU,1929,7,,bez odczytu (do obrazu),,none,,,DU/1929/56,10,8,
DU,1929,8,1929-02-09,obraz+ocr300,,none,1929-02-09,1929-02-09,DU/1929/66,8,8,
DU,1929,9,1929-02-15,parser+ocr300,1929-02-15,ocr:du_rok,1929-02-15,,DU/1929/74,6,6,POLSKIEJ 15 lutego No 9. Rok 1929
DU,1929,10,1929-02-20,parser+ocr300,1929-02-20,text:du_rok,1929-02-20,,DU/1929/80,7,7,OLSKIEJ . 20 lutego NQ 10. T R E Ś Ć: Rok 1929
DU,1929,11,1929-02-27,parser+ocr300,1929-02-27,ocr:du_rok,1929-02-27,,DU/1929/87,10,9,POLSKIEJ 27 lutego No Ti. Rok 1929
DU,1929,12,1929-03-06,parser+ocr300,1929-03-06,text:du_rok,1929-03-06,,DU/1929/97,8,8, POLSKIEJ 6 marca NQ 12. T R E $ Ć: Rok 1929
DU,1929,13,,bez odczytu (do obrazu),,none,,brak winiety na s. 1,DU/1929/105,13,12,
DU,1929,14,1929-03-13,parser+ocr300,1929-03-13,text:du_rok,1929-03-13,,DU/1929/118,6,6, POLSKIEJ 13 marca NQ 14. Rok 1929
DU,1929,15,1929-03-16,parser+ocr300,1929-03-16,text:du_rok,1929-03-16,,DU/1929/124,7,7, POLSKIEJ 16 marca NQ 15. Rok 1929
DU,1929,16,1929-03-22,parser+ocr300,1929-03-22,text:du_rok,1929-03-22,,DU/1929/131,8,8, POLSKIEJ 22 marca N216. T R E Ś Ć: USTf\WY: Rok 1929
DU,1929,17,1929-03-25,parser+ocr300,1929-03-25,text:du_rok,1929-03-25,,DU/1929/139,4,3,S l' . 4 25 marca RZ ECZYP OSPOLITEJ POLSKIEJ NQ 17. Rok 1929
DU,1929,18,,bez odczytu (do obrazu),,none,,brak winiety na s. 1,DU/1929/143,26,26,
DU,1929,19,,bez odczytu (do obrazu),,none,,brak winiety na s. 1,DU/1929/169,14,14,
DU,1929,20,,bez odczytu (do obrazu),,none,,brak winiety na s. 1,DU/1929/183,29,29,
DU,1929,21,1929-04-04,parser+ocr300,1929-04-04,ocr:du_rok,1929-04-04,,DU/1929/212,7,7,POLSKIEJ 4 kwietnia No 21. Rok 1929
DU,1929,22,1929-04-11,parser+ocr300,1929-04-11,text:du_rok,1929-04-11,,DU/1929/219,9,3, POLSKIEJ 11 kwietnia NQ 22. T R E Ś Ć: ROZPORZ1\DZENIE RI\DY MINISTRÓW Rok 1929
DU,1929,23,,bez odczytu (do obrazu),,none,,,DU/1929/228,17,1,
DU,1929,24,,bez odczytu (do obrazu),,none,,,DU/1929/245,10,1,
DU,1929,45,,bez odczytu (do obrazu),,none,,brak winiety na s. 1,DU/1929/372,10,1,
DU,1929,61,1929-08-27,parser+ocr300,1929-08-27,text:du_rok,1929-08-27,,DU/1929/470,4,1, POLSKIEJ 27 sierpnia Rok 1929
DU,1929,63,1929-09-04,parser+ocr300,1929-09-04,text:du_rok,1929-09-04,,DU/1929/489,6,4, POLSKIEJ 4 września N263. Rok 1929
DU,1929,65,,bez odczytu (do obrazu),,none,,brak winiety na s. 1,DU/1929/501,10,2,
DU,1929,76,1929-11-15,parser+ocr300,1929-11-15,text:du_rok,1929-11-15,,DU/1929/572,4,1, POLSKIEJ 15 listopada NQ 76. Rok 1929
DU,1929,87,1929-12-21,parser+ocr300,1929-12-21,text:du_rok,1929-12-21,,DU/1929/655,8,1,- - - .. 21 grudnia N287. Rok 1929
DU,1930,4,1930-01-29,parser+ocr300,1930-01-29,text:du_rok,1930-01-29,,DU/1930/27,16,8,POLITE~J 29 stycznia N24. 'Il Ip POLSKIEJ Rok 1930
DU,1930,5,1930-02-03,obraz+parser (trzeci odczyt inny),1930-02-03,ocr:du_rok,1930-02-08,1930-02-03,DU/1930/43,5,1,"OLSKIEJ ""3 lutego ""No 5. Rok 1930"
DU,1930,7,1930-02-11,parser+ocr300,1930-02-11,ocr:du_rok,1930-02-11,,DU/1930/54,6,1,POLSKIEJ 11 lutego No 7. Rok 1930
DU,1930,9,1930-02-07,obraz+parser,1930-02-07,text:du_rok,1930-02-07,1930-02-07,DU/1930/63,2,1,7 lutego • RZECZYPOSPOLITEJ POLSKIEJ N29. T R E Ś Ć: Rok 1930
DU,1930,10,1930-02-19,parser+ocr300,1930-02-19,text:du_rok,1930-02-19,,DU/1930/65,7,1, POLSKIEJ 19 lutego I N2 10. Rok 1930
DU,1930,13,1930-02-28,obraz+parser,1930-02-28,text:du_rok,1930-02-28,1930-02-28,DU/1930/89,13,2,"y . ~\ 28 lutego ~~NIK , US]' Ą RZECZYPOSPOLITEJ POLSKIEJ NQ 13. Rok 1930"
DU,1930,18,1930-03-15,parser+ocr300,1930-03-15,text:du_rok,1930-03-15,,DU/1930/136,12,2, ~ N I K 15 marca RZECZYPOSPOLITEJ POLSKIEJ N218. Rok 1930
DU,1930,26,1930-04-10,parser+ocr300,1930-04-10,text:du_rok,1930-04-10,,DU/1930/228,5,1,' . . 4 10 kwietnia RZECZYPOSPOLITEJ POLSKIEJ N226. Rok 1930
DU,1930,50,1930-07-16,parser+ocr300,1930-07-16,text:du_rok,1930-07-16,,DU/1930/417,11,1," POLSKIEJ 16 lipca ' 'NQ 50. , Rok 1930"
DU,1931,29,1931-03-31,obraz+parser,1931-03-31,text50:du_rok,1931-03-31,1931-03-31,DU/1931/192,15,4, POLSKIEJ 31 marca NQ 29. Rok 1931
DU,1931,56,1931-06-27,obraz+parser,1931-06-27,text:du_rok,1931-06-27,1931-06-27,DU/1931/448,13,1,SPOLITEJ 27 czerwca N2 56. POLSKIEJ Rok 1931
DU,1931,61,1931-07-15,parser+ocr300,1931-07-15,ocr:du_rok,1931-07-15,,DU/1931/492,7,1,POLSKIEJ 15 lipca * No 61. Rok 1931
DU,1931,64,1931-07-29,obraz+parser,1931-07-29,text:du_rok,1931-07-29,1931-07-29,DU/1931/513,22,1, POLSKIEJ 29 lipca N2 64. Rok 1931
DU,1932,36,1932-04-28,parser+ocr300,1932-04-28,text:du_rok,1932-04-28,,DU/1932/362,13,1, POLSKIEJ 28 kwietnia NQ 36. Rok 1932
DU,1932,53,1932-06-28,parser+ocr300,1932-06-28,text:du_rok,1932-06-28,,DU/1932/510,19,1,"~\ zł 28 czerwca , ~ ~ Nl K It RZECZYPOSPOLIT~J NQ 53. T R E Ś ć: KONl1ENCJE: POLSKIEJ Rok 1932"
DU,1932,64,1932-07-27,obraz+parser,1932-07-27,text:du_rok,1932-07-27,1932-07-27,DU/1932/597,10,1,27 lipca RZECZYPOSPOLITEJ POLSKIEJ N2 64. Rok 1932
DU,1932,65,1932-07-30,parser+ocr300,1932-07-30,text:du_rok,1932-07-30,,DU/1932/607,7,1, POLSKIEJ 30 lipca NQ 65. Rok 1932
DU,1932,94,1932-10-29,parser+ocr300,1932-10-29,text50:du_rok,1932-10-29,,DU/1932/806,15,1,1>\ 29 października ~ ~ N I K USr ! 1/ RZECZYPOSPOLITEJ POLSKIEJ NQ 94. Rok 1932
DU,1932,100,1932-11-15,parser+ocr300,1932-11-15,text:du_rok,1932-11-15,,DU/1932/843,11,1, POLSKIEJ 15 listopada Rok 1932
DU,1932,105,1932-11-30,parser+ocr300,1932-11-30,text:du_rok,1932-11-30,,DU/1932/874,6,6,SPOL1TPJJ 30 listopada N2 105. POT1SKTFjJ Rok 1932
DU,1932,106,1932-12-03,parser+ocr300,1932-12-03,text:du_rok,1932-12-03,,DU/1932/880,6,6,POTJSKTEJ 3 grudnia NQ 106. Rok 1932
DU,1932,107,1932-12-05,obraz×2,,none,,1932-12-05 1932-12-05,DU/1932/886,2,2,
DU,1932,108,1932-12-07,parser+ocr300,1932-12-07,text:du_rok,1932-12-07,,DU/1932/888,6,6,"OSPOLTT~J 7 grudnia NQ 108. POl,SKlEJ Rok 1932"
DU,1932,109,1932-12-10,parser+ocr300,1932-12-10,ocr:du_rok,1932-12-10,,DU/1932/894,11,9,POLSKIEJ 10 grudnia Ne 109 Rok 1932
DU,1932,110,1932-12-14,parser+ocr300,1932-12-14,ocr:du_rok,1932-12-14,,DU/1932/905,8,8,POLSKIEJ 14 grudnia Noe 110. : Rok 1932
DU,1932,111,1932-12-16,parser+ocr300,1932-12-16,text:du_rok,1932-12-16,,DU/1932/913,21,21, I K USr 16 grudnia 4 RZECZYPOSPOLITEJ POLSKIEJ NQ 111. T R E Ś ć: Rok 1932
DU,1932,112,1932-12-19,parser+ocr300,1932-12-19,text:du_rok,1932-12-19,,DU/1932/934,1,1,1 [( 19 grudnia USr 4 RZECZYPOSPOLiTEJ POLSKIEJ N2 112. Rok 1932
DU,1932,113,1932-12-21,parser+ocr300,1932-12-21,ocr:du_rok,1932-12-21,,DU/1932/935,6,6,POLSKIEJ 21 grudnia No 113. Rok 1932
DU,1932,114,1932-12-23,parser+ocr300,1932-12-23,text:du_rok,1932-12-23,,DU/1932/941,9,9,I K 23 grudnia RZECZYPOSPOLITEJ POLSKIEJ N2 114. Rok 1932
DU,1932,115,1932-12-24,parser+ocr300,1932-12-24,text:du_rok,1932-12-24,,DU/1932/950,8,8, I( Us]' 24 grudnia RZECZYPOSPOLITEJ POLSKIEJ N9 115. T R E ś Ć. USTAWA 4 Rok 1932
DU,1932,116,1932-12-28,parser+ocr300,1932-12-28,text:du_rok,1932-12-28,,DU/1932/958,8,8,r ·4 Ip 28 grudnia RZECZYPOSPOLITEJ POLSKIEJ NQ 116. .~ T R E Ś ć: Rok 1932
DU,1932,117,1932-12-30,parser+ocr300,1932-12-30,ocr:du_rok,1932-12-30,,DU/1932/966,2,2,POLSKIEJ 30 grudnia No 117. Rok 1932
DU,1932,118,1932-12-31,parser+ocr300,1932-12-31,text:du_rok,1932-12-31,,DU/1932/968,8,8,POTJSKTEJ 31 grudnia N2 118. Rok 1932
DU,1932,119,1932-12-31,parser+ocr300,1932-12-31,ocr:du_rok,1932-12-31,,DU/1932/976,3,3,POLSKIEJ 31 grudnia j No 119.) Rok 1932
DU,1933,59,1933-07-31,parser+ocr300,1933-07-31,text50:du_rok,1933-07-31,,DU/1933/441,9,1, POLSKIEJ 31 lipca NQ 59. Rok 1933
DU,1933,75,1933-10-04,obraz+parser,1933-10-04,text:du_rok,1933-10-04,1933-10-04,DU/1933/543,4,2,I I{ 4 października RZECZYPOSPOLITEJ POLSKIEJ N275. T R E ś Ćs Rok 1933
DU,1933,76,1933-10-07,parser+ocr300,1933-10-07,text:du_rok,1933-10-07,,DU/1933/547,5,1,Ip 7 października RZECZYPOSPOLITEJ POLSKIEJ NQ 76. Rok 1933
DU,1934,32,1934-04-15,parser+ocr300,1934-04-15,text:du_rok,1934-04-15,,DU/1934/284,14,1,US'f 15 kwietnia 4 RZECZYPOSPOLITEJ POLSKIEJ N2 32. T R E Ś ć: Rok 1934
DU,1934,69,1934-07-31,obraz+parser,1934-07-31,text:du_rok,1934-07-31,1934-07-31,DU/1934/636,35,1, POLSKIEJ 31 lipca NQ 69. Rok 1934
DU,1934,73,1934-08-20,parser+ocr300,1934-08-20,text:du_rok,1934-08-20,,DU/1934/695,6,1,----------20 sierpnia N273. Rok 1934
DU,1935,18,1935-03-21,parser+ocr300,1935-03-21,text:du_rok,1935-03-21,,DU/1935/99,6,1,"1>\ 21 marca ~ ~ N I K US;"" . ./. ' 4 RZECZYPOSPOLITEJ POLSKIEJ NQ 18. Ił"" Rok 1935"
DU,1935,34,1935-05-08,parser+ocr300,1935-05-08,text:du_rok,1935-05-08,,DU/1935/242,9,3,~\ 8 maja ~ ~ N I K US r 4 It RZECZYPOSPOLITEJ POLSKIEJ NQ 34. Rok 1935
DU,1935,47,1935-07-10,parser+ocr300,1935-07-10,text:du_rok,1935-07-10,,DU/1935/319,5,1,~ \ 10 lipca 11~NIK p . RZECZYPOSPOLITEJ POLSKIEJ NQ 47. Rok 1935
DU,1935,52,1935-07-20,parser+ocr300,1935-07-20,text:du_rok,1935-07-20,,DU/1935/339,3,1,"Us,! 20 lipca <1 RZECZYPOSPOLITEJ POLSKIEJ NQ 52. Rok 1935"
DU,1935,88,1935-12-04,parser+ocr300,1935-12-04,text:du_rok,1935-12-04,,DU/1935/542,21,1,OSPOLJT~J 4 grudnia NQ 88. T R E Ś C: USr 4 POLSKTEJ Rok 1935
DU,1937,53,1937-07-16,parser+ocr300,1937-07-16,text:warszawa,1937-07-16,,DU/1937/413,10,1, POLSKIEJ Warszawa. dnia 16 lipca 1937
DU,1937,58,1937-07-31,parser+ocr300,1937-07-31,text:warszawa,1937-07-31,,DU/1937/458,6,1," POLSKIEJ Warszawa, dnia 31 lipca 1937"
DU,1937,90,1937-12-31,parser+ocr300,1937-12-31,text:warszawa,1937-12-31,,DU/1937/645,5,1," POLSKIEJ Warszawa, dnia 31 grudnia 1937"
DU,1938,25,1938-04-13,obraz+parser,1938-04-13,text:warszawa,1938-04-13,1938-04-13,DU/1938/219,4,1," POLSKIEJ Warszawa, dnia 13 kwietnia 1938"
DU,1939,30,1939-04-04,parser+ocr300,1939-04-04,text:warszawa,1939-04-04,,DU/1939/200,5,1,"L SKI E J Warszawa, dnia 4 kwietnia 1939"
DU,1944,1,1944-08-15,obraz×2,,none,,1944-08-15 1944-08-15,DU/1944/1,3,3,
DU,1944,2,,bez odczytu (do obrazu),,none,,,DU/1944/4,5,5,
DU,1944,3,1944-08-31,obraz×2,,none,,1944-08-31 1944-08-31,DU/1944/9,7,7,
DU,1944,4,1944-09-13,obraz×2,,none,,1944-09-13 1944-09-13,DU/1944/16,6,6,
DU,1944,5,1944-09-20,obraz×2,,none,,1944-09-20 1944-09-20,DU/1944/22,5,5,
DU,1944,6,1944-09-30,obraz×2,,none,,1944-09-30 1944-09-30,DU/1944/27,3,3,
DU,1944,7,1944-10-12,obraz×2,,none,,1944-10-12 1944-10-12,DU/1944/30,11,11,
DU,1944,9,1944-10-25,obraz×2,,none,,1944-10-25 1944-10-25,DU/1944/42,8,8,
DU,1944,10,1944-11-03,obraz×2,,none,,1944-11-03 1944-11-03,DU/1944/50,4,4,
DU,1944,11,1944-11-13,obraz×2,,none,,1944-11-13 1944-11-13,DU/1944/54,8,8,
DU,1944,12,1944-11-24,obraz×2,,none,,1944-11-24 1944-11-24,DU/1944/62,7,7,
DU,1944,13,1944-12-02,obraz×2,,none,,1944-12-02 1944-12-02,DU/1944/69,4,4,
DU,1944,14,1944-12-11,obraz×2,,none,,1944-12-11 1944-12-11,DU/1944/73,7,7,
DU,1944,15,1944-12-27,obraz×2,,none,,1944-12-27 1944-12-27,DU/1944/80,8,8,
DU,1944,16,1944-12-29,obraz×2,,none,,1944-12-29 1944-12-29,DU/1944/88,3,3,
DU,1944,17,1944-12-30,obraz×2,,none,,1944-12-30 1944-12-30,DU/1944/91,3,3,
DU,1944,18,1944-12-30,obraz×2,,none,,1944-12-30 1944-12-30,DU/1944/94,3,3,
DU,1944,19,1944-12-31,obraz×2,,none,,1944-12-31 1944-12-31,DU/1944/97,3,3,
DU,1945,1,,bez odczytu (do obrazu),,none,,,DU/1945/1,4,4,
DU,1945,2,,bez odczytu (do obrazu),,none,,,DU/1945/5,2,2,
DU,1945,3,,bez odczytu (do obrazu),,none,,,DU/1945/7,7,7,
DU,1945,4,,bez odczytu (do obrazu),,none,,,DU/1945/14,3,3,
DU,1945,5,1945-02-06,parser+ocr300,1945-02-06,text:warszawa,1945-02-06,,DU/1945/17,4,4,"LSKIEJ I Warszawa, dnia 6 lutego 1945"
DU,1945,6,1945-02-15,parser+ocr300,1945-02-15,text:warszawa,1945-02-15,,DU/1945/21,7,7," POLSKIEJ Warszawa, dnia 15 lutego 1945"
DU,1945,7,1945-03-10,obraz+parser,1945-03-10,ocr:warszawa,1945-03-10,1945-03-10 1945-03-10,DU/1945/28,8,8,"POLSKIEJ Warszawa, dnia 10 marca 1945"
DU,1945,8,1945-03-20,parser+ocr300,1945-03-20,text:warszawa,1945-03-20,,DU/1945/36,8,8," S K I Ej Warszawa, dnia 20 marca 1945"
DU,1945,9,1945-03-22,parser+ocr300,1945-03-22,text:warszawa,1945-03-22,,DU/1945/44,7,7,"S I{ I EJ Warszawa, dnia 22 marca 1945"
DU,1945,10,1945-03-29,parser+ocr300,1945-03-29,ocr:warszawa,1945-03-29,,DU/1945/51,3,3,"LSKIEJ - Warszawa, dnia 29 marca 1945"
DU,1945,11,1945-04-07,parser+ocr300,1945-04-07,text:warszawa,1945-04-07,,DU/1945/54,9,9," . , , Warszawa, dnia 7 kwIetnia 1945"
DU,1945,12,1945-04-14,parser+ocr300,1945-04-14,text:warszawa,1945-04-14,,DU/1945/63,9,9,"SKI·EJ 1 Warsza~, dnia 14 kwietnia 1945"
DU,1945,13,1945-04-15,parser+ocr300,1945-04-15,ocr:warszawa,1945-04-15,,DU/1945/72,6,6,"POLSKIEJ Warszawa, dnia 15 kwietnia 1945"
DU,1945,14,1945-04-17,parser+ocr300,1945-04-17,text:warszawa,1945-04-17,,DU/1945/78,9,9,"OLSKIEJ . Warszawa, dnia 17 kwietnia 1945"
DU,1945,15,1945-04-18,parser+ocr300,1945-04-18,ocr:warszawa,1945-04-18,,DU/1945/87,3,3,"POLSKIEJ Warszawa, dnia 18 kwietnia 1945"
DU,1945,16,1945-04-30,parser+ocr300,1945-04-30,ocr:warszawa,1945-04-30,,DU/1945/90,2,2,"POLSKIEJ Warszawa, dnia 30 kwietnia 1945"
DU,1945,17,1945-05-07,parser+ocr300,1945-05-07,text:warszawa,1945-05-07,,DU/1945/92,6,6,"OLSKI~J ~ Warszawa, ,dnia 7 maja 1945"
DU,1945,18,1945-05-12,parser+ocr300,1945-05-12,ocr:warszawa,1945-05-12,,DU/1945/98,11,11,"POLSKIEJ Warszawa, dnia 12 maja 1945"
DU,1945,19,1945-05-22,parser+ocr300,1945-05-22,ocr:warszawa,1945-05-22,,DU/1945/109,3,3,"POLSKIEJ Warszawa, dnia 22 maja 1945"
DU,1945,20,1945-05-28,parser+ocr300,1945-05-28,text:warszawa,1945-05-28,,DU/1945/112,3,3," POLSKIEJ Warszawa, dnia 28 maja 1945"
DU,1945,21,1945-06-11,obraz+parser,1945-06-11,ocr:warszawa,,1945-06-11,DU/1945/115,16,16,"POLSKIEJ Warszawa, dnia 11 czerwca 1945"
DU,1945,22,1945-06-20,parser+ocr300,1945-06-20,ocr:warszawa,1945-06-20,,DU/1945/131,1,1,"KIEJ | | Warszawa, dnia 20 czerwca 1945"
DU,1945,23,1945-07-14,parser+ocr300,1945-07-14,text:warszawa,1945-07-14,,DU/1945/132,5,5," PÓLSKlEJ Warszawa"" dnia 14 lipca 1945"
DU,1945,24,1945-07-27,parser+ocr300,1945-07-27,ocr:warszawa,1945-07-27,,DU/1945/137,9,9,"POLSKIEJ Warszawa, dnia 27 lipca 1945"
DU,1945,25,1945-07-31,parser+ocr300,1945-07-31,text:warszawa,1945-07-31,,DU/1945/146,12,12,"KIEJ > . Warszawa, dnia 31 lipca 1945"
DU,1945,26,1945-08-09,parser+ocr300,1945-08-09,ocr:warszawa,1945-08-09,,DU/1945/158,4,4,"POLSKIEJ Warszawa, dnia 9 Sierpnia 1945"
DU,1945,27,1945-08-18,parser+ocr300,1945-08-18,ocr:warszawa,1945-08-18,,DU/1945/162,10,10,"POLSKIEJ Warszawa, dnia 18 sierpnia 1945"
DU,1945,28,1945-08-21,parser+ocr300,1945-08-21,text:warszawa,1945-08-21,,DU/1945/172,1,1," POLSKIEJ Warszawa, dnia 21 sierpnia 1945"
DU,1945,29,1945-08-27,parser+ocr300,1945-08-27,text:warszawa,1945-08-27,,DU/1945/173,5,5,"LS""K IEJ' Warszawa, dnia 27 sierpnia 1945"
DU,1945,30,1945-08-30,parser+ocr300,1945-08-30,ocr:warszawa,1945-08-30,,DU/1945/178,5,5,"POLSKIEJ Warszawa, dnia 30 sierpnia 1945"
DU,1945,31,1945-08-31,obraz+parser,1945-08-31,text:warszawa,,1945-08-31,DU/1945/183,11,11,"LSKIEJ ó Warszawa, dnia 31 sierpnia 1945"
DU,1945,32,1945-08-31,parser+ocr300,1945-08-31,ocr:warszawa,1945-08-31,,DU/1945/194,2,2,"POLSKIEJ Warszawa, dnia 31 sierpnia 1945"
DU,1945,33,1945-09-17,parser+ocr300,1945-09-17,text:warszawa,1945-09-17,,DU/1945/196,6,6,"P'qLSKIEJ Warszawa, dnia 17 września 1945"
DU,1945,34,1945-09-19,parser+ocr300,1945-09-19,text:warszawa,1945-09-19,,DU/1945/202,8,8,"OSPOLITEJ Warszawa, dnia 19 września 1945"
DU,1945,35,1945-09-25,parser+ocr300,1945-09-25,ocr:warszawa,1945-09-25,,DU/1945/210,5,5,"POLSKIEJ Warszawa, dnia 25 września 1945"
DU,1945,36,1945-09-25,parser+ocr300,1945-09-25,ocr:warszawa,1945-09-25,,DU/1945/215,2,2,"POLSKIEJ Warszawa, dnia 25 września 1945"
DU,1945,37,1945-09-26,parser+ocr300,1945-09-26,ocr:warszawa,1945-09-26,,DU/1945/217,3,3,"POLSKIEJ Warszawa, dnia 26 września 1945"
DU,1945,38,1945-09-26,parser+ocr300,1945-09-26,ocr:warszawa,1945-09-26,,DU/1945/220,1,1,"LSKIEJ e Warszawa, dnia 26 września 1945"
DU,1945,39,1945-09-27,parser+ocr300,1945-09-27,ocr:warszawa,1945-09-27,,DU/1945/221,1,1,"EELAREEJ Warszawa, dnia 27 września 1945"
DU,1945,40,1945-10-06,parser+ocr300,1945-10-06,ocr:warszawa,1945-10-06,,DU/1945/222,6,6,"POLSKIEJ Warszawa, dnia 6 października 1945"
DU,1945,41,1945-10-08,obraz+parser,1945-10-08,ocr:warszawa,1945-10-08,1945-10-08,DU/1945/228,4,4,"POLSKIEJ Warszawa, dnia 8 października 1945"
DU,1945,42,1945-10-08,parser+ocr300,1945-10-08,ocr:warszawa,1945-10-08,,DU/1945/232,3,3,"POLSKIEJ Warszawa, dnia 8 października 1945"
DU,1945,43,1945-10-13,parser+ocr300,1945-10-13,ocr:warszawa,1945-10-13,,DU/1945/235,13,13,"POLSKIEJ Warszawa, dnia 13 października 1945"
DU,1945,44,1945-10-19,parser+ocr300,1945-10-19,ocr:warszawa,1945-10-19,,DU/1945/248,8,8,"POLSKIEJ Warszawa, dnia 19 października 1945"
DU,1945,45,1945-10-23,parser+ocr300,1945-10-23,ocr:warszawa,1945-10-23,,DU/1945/256,3,3,"POLSKIEJ Warszawa, dnia 23 października 1945"
DU,1945,46,1945-10-29,obraz+ocr300,,none,1945-10-29,1945-10-29,DU/1945/259,8,8,
DU,1945,47,1945-10-31,parser+ocr300,1945-10-31,text:warszawa,1945-10-31,,DU/1945/267,3,3," POLSKIEJ Wars~awa, dnia 31 października 1945"
DU,1945,48,1945-11-07,parser+ocr300,1945-11-07,ocr:warszawa,1945-11-07,,DU/1945/270,4,4,"POLSKIEJ Warszawa, dnia 7 listopada 1945"
DU,1945,49,1945-11-15,parser+ocr300,1945-11-15,text:warszawa,1945-11-15,,DU/1945/274,4,4," POLSKIEJ Warszawa, dnia 15 listopada 1945"
DU,1945,50,1945-11-21,parser+ocr300,1945-11-21,ocr:warszawa,1945-11-21,,DU/1945/278,15,15,"POLSKIEJ Warszawa, dnia 21 listopada 1945"
DU,1945,51,1945-11-27,parser+ocr300,1945-11-27,ocr:warszawa,1945-11-27,,DU/1945/293,4,4,"POLSKIEJ Warszawa, dnia 27 listopada 1945"
DU,1945,52,1945-12-07,parser+ocr300,1945-12-07,text:warszawa,1945-12-07,,DU/1945/297,3,3,"OLSKIEJ , Warszawa, dnia 7 grudnia 1945"
DU,1945,53,1945-12-07,parser+ocr300,1945-12-07,text:warszawa,1945-12-07,,DU/1945/300,4,4," 0__ 4 Warszawa, dnia 7 grudnia 1945"
DU,1945,54,1945-12-10,parser+ocr300,1945-12-10,text:warszawa,1945-12-10,,DU/1945/304,1,1,"OLSKIEJ . Warszawa, dnia 10 grudnia 1945"
DU,1945,55,1945-12-15,parser+ocr300,1945-12-15,text:warszawa,1945-12-15,,DU/1945/305,5,5," POLSKIEJ Warszawa, dnia 15 grudnia 1945"
DU,1945,56,1945-12-16,parser+ocr300,1945-12-16,text:warszawa,1945-12-16,,DU/1945/310,10,10,"POI~SKIEJ Warszawa, dnia 16 grudnia 1945"
DU,1945,57,1945-12-17,parser+ocr300,1945-12-17,ocr:warszawa,1945-12-17,,DU/1945/320,14,14,"POLSKIEJ Warszawa, dnia 17 grudnia 1945"
DU,1945,58,1945-12-28,parser+ocr300,1945-12-28,text:warszawa,1945-12-28,,DU/1945/334,6,6," EJ _~_~ Warsżawa, dnia 28 grudnia 1945"
DU,1946,1,,bez odczytu (do obrazu),,none,,,DU/1946/1,4,4,
DU,1946,2,1946-01-29,parser+ocr300,1946-01-29,ocr:warszawa,1946-01-29,,DU/1946/5,12,9,"LSKIEJ - Warszawa, dnia 29 stycznia 1946"
DU,1946,3,1946-02-05,parser+ocr300,1946-02-05,text:warszawa,1946-02-05,,DU/1946/17,10,9," POLSKIEJ Warszawa, dnia 5 lutego 1946"
DU,1946,4,1946-02-13,parser+ocr300,1946-02-13,ocr:warszawa,1946-02-13,,DU/1946/27,17,17,"OLSKIEJ. Warszawa, dnia 13 lutego 1946"
DU,1946,5,1946-02-18,parser+ocr300,1946-02-18,text:warszawa,1946-02-18,,DU/1946/44,8,8," POLSKIEJ Warszawa, dnia 18 lutego 1946"
DU,1946,6,1946-03-04,parser+ocr300,1946-03-04,text:warszawa,1946-03-04,,DU/1946/52,6,6," POLSKIEJ Warszawa, dnia 4 marca 1946"
DU,1946,7,1946-03-13,parser+ocr300,1946-03-13,text:warszawa,1946-03-13,,DU/1946/58,6,6," POLSKIEJ Warszawa, dnia 13 marca 1946"
DU,1946,8,1946-03-22,parser+ocr300,1946-03-22,text:warszawa,1946-03-22,,DU/1946/64,1,1,"POLSKIEJ 'Warszawa, dnia 22 marca 1946"
DU,1946,9,1946-03-29,parser+ocr300,1946-03-29,text:warszawa,1946-03-29,,DU/1946/65,6,6," ~' }n . Warszawa, dnia 29 marca 1946"
DU,1946,10,1946-03-30,parser+ocr300,1946-03-30,text:warszawa,1946-03-30,,DU/1946/71,2,2," POLSKIEJ Warszawa, dnia 30 marca 1946"
DU,1946,11,1946-03-31,parser+ocr300,1946-03-31,text:warszawa,1946-03-31,,DU/1946/73,3,3," POLSKIEJ Warszawa, dnia 31 marca 1946"
DU,1946,12,1946-04-17,parser+ocr300,1946-04-17,text:warszawa,1946-04-17,,DU/1946/76,11,11," POLSKIEJ Warszawa, dnia 17 kwietnia 1946"
DU,1946,13,1946-04-19,parser+ocr300,1946-04-19,text:warszawa,1946-04-19,,DU/1946/87,12,12,",SKIEJ • Warszawa~ dnia 19 kwietnia 1946"
DU,1946,14,,bez odczytu (do obrazu),,none,,,DU/1946/99,5,5,
DU,1946,15,1946-05-10,parser+ocr300,1946-05-10,text:warszawa,1946-05-10,,DU/1946/104,5,5," POLSKIEJ Warszawa, dnia 10 maja 1946"
DU,1946,16,1946-05-21,parser+ocr300,1946-05-21,text:warszawa,1946-05-21,,DU/1946/109,5,5," POLSKIEJ Warszawa, dnia 21 maja 1946"
DU,1946,17,1946-05-22,obraz+ocr300,,none,1946-05-22,1946-05-22,DU/1946/114,4,4,
DU,1946,18,1946-05-23,parser+ocr300,1946-05-23,ocr:warszawa,1946-05-23,,DU/1946/118,7,7,"POLSKIEJ Warszawa, dnia 23 maja 1946"
DU,1946,19,1946-05-24,parser+ocr300,1946-05-24,text:warszawa,1946-05-24,,DU/1946/125,10,9,"T EJ ' ) Warszawa, dnia 24 maja 1946"
DU,1946,20,,bez odczytu (do obrazu),,none,,,DU/1946/135,2,2,
DU,1946,21,1946-05-31,parser+ocr300,1946-05-31,text:warszawa,1946-05-31,,DU/1946/137,2,2,"KIEJ .. Warszawa, dnia 31 maja 1946"
DU,1946,22,1946-06-05,parser+ocr300,1946-06-05,ocr:warszawa,1946-06-05,,DU/1946/139,10,10,"POLSKIEJ Warszawa, dnia 5 czerwca 1946"
DU,1946,23,,bez odczytu (do obrazu),,none,,,DU/1946/149,6,6,
DU,1946,24,1946-06-07,parser+ocr300,1946-06-07,text:warszawa,1946-06-07,,DU/1946/155,7,7," POLSKIEJ Warszawa, dnia 7 czerwca 1946"
DU,1946,25,1946-06-17,parser+ocr300,1946-06-17,text:warszawa,1946-06-17,,DU/1946/162,1,1," POLSKIEJ Warszawa, dnia 17 czerwca 1946"
DU,1946,26,1946-06-18,parser+ocr300,1946-06-18,ocr:warszawa,1946-06-18,,DU/1946/163,10,10,"POLSKIEJ Warszawa, dnia 18 czerwca 1946"
DU,1946,27,1946-06-21,parser+ocr300,1946-06-21,text:warszawa,1946-06-21,,DU/1946/173,2,2," POLSKIEJ Warszawa, dnia 21 czerwca 1946"
DU,1946,28,1946-06-28,parser+ocr300,1946-06-28,ocr:warszawa,1946-06-28,,DU/1946/175,12,12,"POLSKIEJ Warszawa, dnia 28 czerwca 1946"
DU,1946,29,1946-07-06,parser+ocr300,1946-07-06,text:warszawa,1946-07-06,,DU/1946/187,5,5," POLSKIEJ Warszawa, dnia 6 lipca 1946"
DU,1946,30,1946-07-12,parser+ocr300,1946-07-12,text:warszawa,1946-07-12,,DU/1946/192,3,3," POLSKIEJ Warszawa, dnia 12 lipca 1946"
DU,1946,31,1946-07-17,parser+ocr300,1946-07-17,text:warszawa,1946-07-17,,DU/1946/195,5,5,"·POLSKIEJ Warszawa, dnia 17 lipca 1946"
DU,1946,32,1946-07-29,parser+ocr300,1946-07-29,text:warszawa,1946-07-29,,DU/1946/200,6,6,"POLSK IEJ Warszawa, dnia 29 lipca 1946"
DU,1946,33,1946-07-30,parser+ocr300,1946-07-30,ocr:warszawa,1946-07-30,,DU/1946/206,1,1,"POLSKIEJ Warszawa, dnia 30 lipca 1946"
DU,1946,34,,bez odczytu (do obrazu),,none,,nieczytelny,DU/1946/207,9,9,
DU,1946,35,1946-08-14,parser+ocr300,1946-08-14,ocr:warszawa,1946-08-14,,DU/1946/216,7,7,"POLSKIEJ Warszawa, dnia 14 sierpnia 1946"
DU,1946,36,1946-08-19,obraz+parser,1946-08-19,text:warszawa,1946-08-19,1946-08-19,DU/1946/223,3,3,"KIEJ P.. Warszawa, dnia 19 sierpnia 1946"
DU,1946,37,1946-08-22,obraz+parser,1946-08-22,text:warszawa,1946-08-22,1946-08-22,DU/1946/226,5,5,"P-OLSKIEJ Warszawa, dnia 22 sierpnia 1946"
DU,1946,38,1946-08-29,parser+ocr300,1946-08-29,ocr:warszawa,1946-08-29,,DU/1946/231,2,1,"POLSKIEJ Warszawa, dnia 29 sierpnia 1946"
DU,1946,39,1946-08-30,parser+ocr300,1946-08-30,text:warszawa,1946-08-30,,DU/1946/233,3,3," POLSKIEJ Warsz.wa, dnia 30 sierpnia 1946"
DU,1946,40,1946-09-10,parser+ocr300,1946-09-10,text:warszawa,1946-09-10,,DU/1946/236,1,1," 'L SKIEJ Warszawa, dnia 10 września 1946"
DU,1946,41,1946-09-11,parser+ocr300,1946-09-11,text:warszawa,1946-09-11,,DU/1946/237,10,10," POLSKIEJ Warszawa, dnia 11 września 1946"
DU,1946,42,1946-09-12,parser+ocr300,1946-09-12,text:warszawa,1946-09-12,,DU/1946/247,1,1,"SKIEJ / Warszawa, dnia 12 września 1946"
DU,1946,43,1946-09-20,parser+ocr300,1946-09-20,text:warszawa,1946-09-20,,DU/1946/248,8,8,"POLSKIEJ' Warszawa, dnia 20 września 1946"
DU,1946,44,1946-09-27,parser+ocr300,1946-09-27,ocr:warszawa,1946-09-27,,DU/1946/256,4,4,"POLSKIEJ Warszawa, dnia 27 września 1946"
DU,1946,45,1946-09-28,parser+ocr300,1946-09-28,ocr:warszawa,1946-09-28,,DU/1946/260,2,2,"POLSKIEJ Warszawa, dnia 28 września 1946"
DU,1946,46,1946-09-30,parser+ocr300,1946-09-30,text:warszawa,1946-09-30,,DU/1946/262,3,3," POLSKIEJ Warszawa, dnia 30 września 1946"
DU,1946,47,1946-10-10,parser+ocr300,1946-10-10,ocr:warszawa,1946-10-10,,DU/1946/265,9,9,"POLSKIEJ Warszawa, dnia 10 października 1946"
DU,1946,48,1946-10-11,parser+ocr300,1946-10-11,ocr:warszawa,1946-10-11,,DU/1946/274,1,1,"POLSKIEJ Warszawa, dnia 11 października 1946"
DU,1946,49,1946-10-14,parser+ocr300,1946-10-14,text:warszawa,1946-10-14,,DU/1946/275,9,9," POLSKIEJ Warszawa, dnia 14 października 1946"
DU,1946,50,1946-10-16,parser+ocr300,1946-10-16,ocr:warszawa,1946-10-16,,DU/1946/284,1,1,"POLSKIEJ Warszawa, dnia 16 października 1946"
DU,1946,51,1946-10-17,obraz+parser,1946-10-17,ocr:warszawa,1946-10-17,1946-10-17,DU/1946/285,10,10,"POLSKIEJ Warszawa, dnia 17 października 1946"
DU,1946,52,1946-10-18,parser+ocr300,1946-10-18,text:warszawa,1946-10-18,,DU/1946/295,2,2," POLSKIEJ Warszawa, dnia 18 października 1946"
DU,1946,53,1946-10-21,parser+ocr300,1946-10-21,text:warszawa,1946-10-21,,DU/1946/297,6,6," POLSKIEJ Warszawa, dnia 21 paidziernika 1946"
DU,1946,54,1946-10-31,parser+ocr300,1946-10-31,ocr:warszawa,1946-10-31,,DU/1946/303,7,7,"POLSKIEJ Warszawa, dnia 31 października 1946"
DU,1946,55,1946-11-08,parser+ocr300,1946-11-08,text:warszawa,1946-11-08,,DU/1946/310,8,8," POLSKIEJ Warszawa, dnia 8 listopada 1946"
DU,1946,56,1946-11-09,parser+ocr300,1946-11-09,ocr:warszawa,1946-11-09,,DU/1946/318,1,1,"POLSKIEJ Warszawa, dnia 9 listopada 1946"
DU,1946,57,1946-11-15,parser+ocr300,1946-11-15,ocr:warszawa,1946-11-15,,DU/1946/319,3,3,"POLSKIEJ Warszawa, dnia 15 listopada 1946"
DU,1946,58,1946-11-16,parser+ocr300,1946-11-16,ocr:warszawa,1946-11-16,,DU/1946/322,1,1,"POLSKIEJ Warszawa, dnia 16 listopada 1946"
DU,1946,59,1946-11-17,parser+ocr300,1946-11-17,ocr:warszawa,1946-11-17,,DU/1946/323,5,5,"POLSKIEJ Warszawa, dnia 17 listopada 1946"
DU,1946,60,1946-11-20,parser+ocr300,1946-11-20,ocr:warszawa,1946-11-20,,DU/1946/328,9,9,"POLSKIEJ Warszawa, dnia 20 listopada 1946"
DU,1946,61,1946-11-21,parser+ocr300,1946-11-21,ocr:warszawa,1946-11-21,,DU/1946/337,5,4,"POLSKIEJ Warszawa, dnia 21 listopada 1946"
DU,1946,62,1946-11-25,parser+ocr300,1946-11-25,text:warszawa,1946-11-25,,DU/1946/342,3,3," POLSKIEJ Warszawa, dnia 25 listopada 1946"
DU,1946,63,1946-11-28,parser+ocr300,1946-11-28,ocr:warszawa,1946-11-28,,DU/1946/345,4,4,"POLSKIEJ Warszawa, dnia 28 listopada 1946"
DU,1946,65,1946-11-30,parser+ocr300,1946-11-30,text:warszawa,1946-11-30,,DU/1946/365,1,1," POLSKIEJ Warszawa, dnia 30 listopada 1946"
DU,1946,66,1946-12-12,parser+ocr300,1946-12-12,text:warszawa,1946-12-12,,DU/1946/366,3,3," POLSKIEJ Warszawa, dnia 12 grudnia 1946"
DU,1946,67,1946-12-14,parser+ocr300,1946-12-14,text:warszawa,1946-12-14,,DU/1946/369,3,3,"POLSKIEJi Warszawa, dnia 14 grudnia 1946"
DU,1946,68,1946-12-15,parser+ocr300,1946-12-15,text:warszawa,1946-12-15,,DU/1946/372,4,4,"O LSKI EJ Warszawa, dnia 15 grudnia 1946"
DU,1946,69,1946-12-15,parser+ocr300,1946-12-15,ocr:warszawa,1946-12-15,,DU/1946/376,2,2,"POLSKIEJ Warszawa, dnia 15 grudnia 1946"
DU,1946,70,1946-12-20,parser+ocr300,1946-12-20,text:warszawa,1946-12-20,,DU/1946/378,11,11,"L SK I EJ Warszawa, dnia 20 grudnia 1946"
DU,1946,71,1946-12-28,parser+ocr300,1946-12-28,ocr:warszawa,1946-12-28,,DU/1946/389,5,5,"POLSKIEJ Warszawa, dnia 28 grudnia 1946"
DU,1946,72,1946-12-30,parser+ocr300,1946-12-30,text:warszawa,1946-12-30,,DU/1946/394,2,2," POLSKIEJ Warszawa, dnia 30 grudnia 1946"
DU,1946,73,1946-12-31,parser+ocr300,1946-12-31,ocr:warszawa,1946-12-31,,DU/1946/396,4,4,"IK USTAW Warszawa, dnia 31 grudnia 1946"
DU,1947,1,1947-01-04,parser+ocr300,1947-01-04,ocr:warszawa,1947-01-04,,DU/1947/1,1,1,"LSKIEJ | Warszawa, dnia 4 stycznia 1947"
DU,1947,2,1947-01-15,obraz+parser,1947-01-15,ocr:warszawa,1947-01-15,1947-01-15 1947-01-15,DU/1947/2,10,10,"KIEJ. i Warszawa, dnia 15 stycznia 1947"
DU,1947,3,1947-01-16,parser+ocr300,1947-01-16,text:warszawa,1947-01-16,,DU/1947/12,5,5,"O L SKlEJ Warszawa, dnia 16 stycznia 1947"
DU,1947,4,1947-01-17,obraz×2,,none,,1947-01-17 1947-01-17,DU/1947/17,2,2,
DU,1947,5,1947-01-25,parser+ocr300,1947-01-25,text:warszawa,1947-01-25,,DU/1947/19,11,11," POLSKIEJ Warszawa, dnia 25 stycznia 1947"
DU,1947,6,1947-01-30,parser+ocr300,1947-01-30,text:warszawa,1947-01-30,,DU/1947/30,5,5,"SKIEJ · Warszawa, dnia 30 stycznia 1947"
DU,1947,7,1947-01-31,parser+ocr300,1947-01-31,text:warszawa,1947-01-31,,DU/1947/35,3,3," POLSKIEJ Warszawa, dnia 31 stycznia 1947"
DU,1947,8,1947-02-03,parser+ocr300,1947-02-03,text:warszawa,1947-02-03,,DU/1947/38,5,5,"LSKIEJ • Warszawa, dnia 3 lutego 1947"
DU,1947,9,1947-02-04,parser+ocr300,1947-02-04,text:warszawa,1947-02-04,,DU/1947/43,1,1,"POLSKIEJ \Varszawa, ' dnia 4 lutego 1947"
DU,1947,10,1947-02-05,parser+ocr300,1947-02-05,text:warszawa,1947-02-05,,DU/1947/44,2,2," POLSKIEJ Warszawa, dnia 5 lutego 1947"
DU,1947,11,1947-02-07,parser+ocr300,1947-02-07,text:warszawa,1947-02-07,,DU/1947/46,1,1," POLSKIEJ Warsżawa, dnia 7 lutego 1947"
DU,1947,12,1947-02-08,parser+ocr300,1947-02-08,text:warszawa,1947-02-08,,DU/1947/47,2,2,"LSKIEJ' • Warsz~wa, dnia 8 lutego 1947"
DU,1947,13,1947-02-10,parser+ocr300,1947-02-10,text:warszawa,1947-02-10,,DU/1947/49,2,2,"POLSI{IEJ Warszawa, dnia 10 lutego 1947"
DU,1947,14,1947-02-12,parser+ocr300,1947-02-12,ocr:warszawa,1947-02-12,,DU/1947/51,7,7,"POLSKIEJ Warszawa, dnia 12 lutego 1947"
DU,1947,15,1947-02-15,parser+ocr300,1947-02-15,ocr:warszawa,1947-02-15,,DU/1947/58,3,3,"U RT W - Warszawa, dnia 15 lutego 1947"
DU,1947,16,1947-02-19,parser+ocr300,1947-02-19,text:warszawa,1947-02-19,,DU/1947/61,6,6," POLSKIEJ Warszawa, dnia 19 lutego 1947"
DU,1947,17,1947-02-20,parser+ocr300,1947-02-20,ocr:warszawa,1947-02-20,,DU/1947/67,4,4,"POLSKIEJ Warszawa, dnia 20 lutego 1947"
DU,1947,18,1947-02-20,parser+ocr300,1947-02-20,text:warszawa,1947-02-20,,DU/1947/71,1,1,"POLSKIEJ ,Warszawa, dnia 20 lutego 1947"
DU,1947,19,1947-02-22,parser+ocr300,1947-02-22,text:warszawa,1947-02-22,,DU/1947/72,6,6,"POLSI{IEJ Warszawa, dnia 22 lutego 1947"
DU,1947,20,1947-02-25,obraz+parser,1947-02-25,text:warszawa,1947-02-25,1947-02-25,DU/1947/78,5,4,"PbLSKIEJ \Varszawa, dnia 25 lutego 1947"
DU,1947,21,1947-03-01,obraz+parser,1947-03-01,text:warszawa,1947-03-01,1947-03-01,DU/1947/83,5,5," POLSKIEJ Warszawa, dnia l marca 1947"
DU,1947,22,1947-03-04,parser+ocr300,1947-03-04,text:warszawa,1947-03-04,,DU/1947/88,2,2," POLSKIEJ Warszawa, dnia 4 marca 1947"
DU,1947,23,1947-03-06,parser+ocr300,1947-03-06,text:warszawa,1947-03-06,,DU/1947/90,2,2," POLSKIEJ Warszawa, dnia 6 marca 1947"
DU,1947,24,1947-03-11,parser+ocr300,1947-03-11,text:warszawa,1947-03-11,,DU/1947/92,4,4,"POLSKIEJ \Varszawa, dnia 11 marca 1947"
DU,1947,26,1947-03-21,parser+ocr300,1947-03-21,text:warszawa,1947-03-21,,DU/1947/100,4,4," POLSKIEJ Warszama, dnia 21 marca 1947"
DU,1947,27,1947-03-22,parser+ocr300,1947-03-22,ocr:warszawa,1947-03-22,,DU/1947/104,6,6,"POLSKIEJ Warszawa, dnia 22 marca 1947"
DU,1947,28,1947-03-25,parser+ocr300,1947-03-25,text:warszawa,1947-03-25,,DU/1947/110,12,12," POLSKIEJ Warszama, dnia 25 marca 1947"
DU,1947,29,1947-03-27,parser+ocr300,1947-03-27,text:warszawa,1947-03-27,,DU/1947/122,5,5,"POLSKIEJ ,Warszawa, dnia 27 marca 1947"
DU,1947,30,1947-03-29,parser+ocr300,1947-03-29,text:warszawa,1947-03-29,,DU/1947/127,3,3," POLSKIEJ Warszawa, dnia 29 marca 1947"
DU,1947,31,1947-03-31,parser+ocr300,1947-03-31,text:warszawa,1947-03-31,,DU/1947/130,7,7,"OLSKIEJ ' Warszawa, dnia 31 marca 1947"
DU,1947,32,1947-04-16,parser+ocr300,1947-04-16,ocr:warszawa,1947-04-16,,DU/1947/137,12,12,"POLSKIEJ Warszawa, dnia 16 kwietnia 1947"
DU,1947,33,1947-04-17,parser+ocr300,1947-04-17,text:warszawa,1947-04-17,,DU/1947/149,3,3,"POLSKIEJ lVarszawa, dnia 17 kwietnia 1947"
DU,1947,34,1947-04-25,parser+ocr300,1947-04-25,ocr:warszawa,1947-04-25,,DU/1947/152,15,15,"POLSKIEJ Warszawa, dnia 25 kwietnia 1947"
DU,1947,35,1947-04-26,parser+ocr300,1947-04-26,text:warszawa,1947-04-26,,DU/1947/167,2,2,"POLSKIEJ 'Varszama, dnia 26 kwietnia 1947"
DU,1947,36,1947-04-28,parser+ocr300,1947-04-28,text:warszawa,1947-04-28,,DU/1947/169,6,6,"POLSI{IEJ Warszawa, dnia 28 kwietnia 1947"
DU,1947,37,1947-05-09,parser+ocr300,1947-05-09,ocr:warszawa,1947-05-09,,DU/1947/175,8,8,"POLSKIEJ Warszawa, dnia 9 maja 1947"
DU,1947,38,1947-05-21,parser+ocr300,1947-05-21,text:warszawa,1947-05-21,,DU/1947/183,10,10," POLSKIEJ Warszawa, dnia 21 maja 1947"
DU,1947,39,1947-05-30,parser+ocr300,1947-05-30,ocr:warszawa,1947-05-30,,DU/1947/193,5,5,"POLSKIEJ Warszawa, dnia 30 maja 1947"
DU,1947,40,1947-06-04,parser+ocr300,1947-06-04,ocr:warszawa,1947-06-04,,DU/1947/198,2,2,"POLSKIEJ Warszawa, dnia 4 czerwca 1947"
DU,1947,42,1947-06-09,obraz+ocr300,,none,1947-06-09,1947-06-09,DU/1947/208,10,10,
DU,1947,44,1947-06-14,parser+ocr300,1947-06-14,ocr:warszawa,1947-06-14,,DU/1947/228,3,3,"LSKIEJ s Warszawa, dnia 14 czerwca 1947"
DU,1947,45,1947-06-20,parser+ocr300,1947-06-20,text:warszawa,1947-06-20,,DU/1947/231,11,11," POLSKIEJ Warszawa, dnia 20 czerwca 1947"
DU,1947,46,1947-06-21,parser+ocr300,1947-06-21,text:warszawa,1947-06-21,,DU/1947/242,2,2," POLSKIEJ Warszawa, dnia 21 czerwca 1947"
DU,1947,47,1947-06-28,parser+ocr300,1947-06-28,text:warszawa,1947-06-28,,DU/1947/244,2,2," POLSKIEJ Warszawa, dnia 28 czerwca 1947"
DU,1947,48,1947-06-30,parser+ocr300,1947-06-30,text:warszawa,1947-06-30,,DU/1947/246,6,5,",.' '~ . Warszawa, dnia 30 czerwca 1947"
DU,1947,49,1947-07-15,parser+ocr300,1947-07-15,text:warszawa,1947-07-15,,DU/1947/252,5,5,".POLSKIEJ Warszawa, dnia 15 lipca 1947"
DU,1947,50,1947-07-21,obraz×2,,none,,1947-07-21 1947-07-21,DU/1947/257,1,1,
DU,1947,51,1947-07-31,parser+ocr300,1947-07-31,text:warszawa,1947-07-31,,DU/1947/258,6,6,"S KIEJ \ Warszawa, dnia 31 lipca 1947"
DU,1947,52,1947-08-08,parser+ocr300,1947-08-08,ocr:warszawa,1947-08-08,,DU/1947/264,21,19,"POLSKIEJ Warszawa, dnia 8 sierpnia 1947"
DU,1947,53,1947-08-16,parser+ocr300,1947-08-16,ocr:warszawa,1947-08-16,,DU/1947/285,6,6,"POLSKIEJ Warszawa, dnia 16 sierpnia 1947"
DU,1947,54,1947-08-20,parser+ocr300,1947-08-20,text:warszawa,1947-08-20,,DU/1947/291,5,5," POLSKIEJ Warszawa, dnia 20 sierpnia 1947"
DU,1947,55,1947-08-22,parser+ocr300,1947-08-22,text:warszawa,1947-08-22,,DU/1947/296,8,8," POLSKIEJ Warszawa, dnia 22 sierpnia 1947"
DU,1947,56,1947-08-28,parser+ocr300,1947-08-28,text:warszawa,1947-08-28,,DU/1947/304,6,6,"LSKIEJ / Warszawa, dnia 28 sierpnia 1947"
DU,1947,57,1947-09-01,obraz×2,,none,,1947-09-01 1947-09-01,DU/1947/310,3,3,
DU,1947,58,1947-09-05,parser+ocr300,1947-09-05,text:warszawa,1947-09-05,,DU/1947/313,1,1," POLSKIEJ Warszawa, dnia 5 września 1947"
DU,1947,59,1947-09-17,parser+ocr300,1947-09-17,text:warszawa,1947-09-17,,DU/1947/314,13,13,"POLSI{IEJ Warszawa, dnia 17 września 1947"
DU,1947,60,1947-09-20,parser+ocr300,1947-09-20,text:warszawa,1947-09-20,,DU/1947/327,10,10,"POLSKIEJ"" Warszawa, dnia 20 września 1947"
DU,1947,61,1947-09-29,parser+ocr300,1947-09-29,text:warszawa,1947-09-29,,DU/1947/337,22,22,"IEJ I I Warszawa, dnia 29 września 1947"
DU,1947,62,1947-10-07,parser+ocr300,1947-10-07,text:warszawa,1947-10-07,,DU/1947/359,6,6," POLSKIEJ Warszawa, dnia 7 października 1947"
DU,1947,63,1947-10-14,parser+ocr300,1947-10-14,ocr:warszawa,1947-10-14,,DU/1947/365,8,8,"IEJ |T) Warszawa, dnia 14 października 1947"
DU,1947,64,1947-10-16,parser+ocr300,1947-10-16,text:warszawa,1947-10-16,,DU/1947/373,3,3," POLSKIEJ Warszawa, dnia 16 października 1947"
DU,1947,65,1947-10-28,parser+ocr300,1947-10-28,ocr:warszawa,1947-10-28,,DU/1947/376,24,24,"POLSKIEJ Warszawa, dnia 28 października 1947"
DU,1947,66,1947-10-30,parser+ocr300,1947-10-30,ocr:warszawa,1947-10-30,,DU/1947/400,16,16,"OLSKIEJ. Warszawa, dnia 30 października 1947"
DU,1947,67,1947-10-31,parser+ocr300,1947-10-31,text:warszawa,1947-10-31,,DU/1947/416,6,6," POLSKIEJ Warszawa, dnia 31 października 1947"
DU,1947,68,1947-11-06,parser+ocr300,1947-11-06,text:warszawa,1947-11-06,,DU/1947/422,6,6,"POLSKIEJ \Varszawa, dnia 6 listopada 1947"
DU,1947,69,1947-11-07,parser+ocr300,1947-11-07,ocr:warszawa,1947-11-07,,DU/1947/428,2,2,"POLSKIEJ Warszawa, dnia 7 listopada 1947"
DU,1947,70,1947-11-21,parser+ocr300,1947-11-21,ocr:warszawa,1947-11-21,,DU/1947/430,7,7,"POLSKIEJ Warszawa, dnia 21 listopada 1947"
DU,1947,71,1947-11-22,parser+ocr300,1947-11-22,text:warszawa,1947-11-22,,DU/1947/437,7,7,"POLSKIEJ \VarszaUJa, dnia 22 listopada 1947"
DU,1947,73,1947-12-10,parser+ocr300,1947-12-10,text:warszawa,1947-12-10,,DU/1947/457,12,12," POLSKIEJ Warszawa, dnia 10 grudnia 1947"
DU,1947,74,1947-12-16,parser+ocr300,1947-12-16,ocr:warszawa,1947-12-16,,DU/1947/469,11,11,"LSKIEJ * Warszawa, dnia 16 grudnia 1947"
DU,1947,75,1947-12-22,parser+ocr300,1947-12-22,text:warszawa,1947-12-22,,DU/1947/480,7,7," POLSKIEJ Warszawa, dnia 22 grudnia 1947"
DU,1947,76,1947-12-31,parser+ocr300,1947-12-31,text:warszawa,1947-12-31,,DU/1947/487,5,5,"POLSI{IEJ Warszawa, dnia 31 grudnia 1947"
DU,1948,1,1948-01-02,parser+ocr300,1948-01-02,text:warszawa,1948-01-02,,DU/1948/1,1,1," POLSKIEJ Warszawa, dnia 2 stycznia 1948"
DU,1948,2,1948-01-15,parser+ocr300,1948-01-15,text:warszawa,1948-01-15,,DU/1948/2,12,12," POLSKIEJ Warszawa, dnia 15 stycznia 1948"
DU,1948,3,1948-01-23,parser+ocr300,1948-01-23,ocr:warszawa,1948-01-23,,DU/1948/14,9,9,"POLSKIEJ Warszawa, dnia 23 stycznia 1948"
DU,1948,4,1948-01-28,parser+ocr300,1948-01-28,text:warszawa,1948-01-28,,DU/1948/23,10,10," POLSKIEJ Warszawa, dnia 28 stycznia 1948"
DU,1948,5,1948-02-06,parser+ocr300,1948-02-06,ocr:warszawa,1948-02-06,,DU/1948/33,8,8,"POLSKIEJ Warszawa, dnia 6 lutego 1948"
DU,1948,6,1948-02-10,parser+ocr300,1948-02-10,ocr:warszawa,1948-02-10,,DU/1948/41,6,6,"POLSRIEJ Warszawa, dnia 10 lutego 1948"
DU,1948,7,1948-02-14,parser+ocr300,1948-02-14,text:warszawa,1948-02-14,,DU/1948/47,11,11,"LSRIEJ • Warszawa, dnia 14 lutego 1948"
DU,1948,8,1948-02-19,parser+ocr300,1948-02-19,text:warszawa,1948-02-19,,DU/1948/58,1,1," POLSKIEJ Warszawa, dnia 19 lutego 1948"
DU,1948,9,1948-02-21,parser+ocr300,1948-02-21,text:warszawa,1948-02-21,,DU/1948/59,9,9," POLSKIEJ Warszawa, dnia 21 lutego 1948"
DU,1948,10,1948-02-27,parser+ocr300,1948-02-27,text:warszawa,1948-02-27,,DU/1948/68,11,9," POLSKIEJ Warszawa, dnia 27 lutego 1948"
DU,1948,11,1948-03-11,parser+ocr300,1948-03-11,ocr:warszawa,1948-03-11,,DU/1948/79,11,11,"POLSRIEJ Warszawa, dnia Il marca 1948"
DU,1948,12,1948-03-12,parser+ocr300,1948-03-12,text:warszawa,1948-03-12,,DU/1948/90,11,11," . /' , WarSzawa, dnia 12 marca 1948"
DU,1948,13,1948-03-19,parser+ocr300,1948-03-19,text:warszawa,1948-03-19,,DU/1948/101,5,5," POLSKIEJ Warszawa, dnia 19 marca 1948"
DU,1948,15,1948-03-20,parser+ocr300,1948-03-20,text:warszawa,1948-03-20,,DU/1948/107,2,2," POLSKIEJ Warszawa, dnia 20 marca 1948"
DU,1948,16,1948-03-20,obraz+parser,1948-03-20,text:warszawa,1948-03-20,1948-03-20,DU/1948/109,6,6," POLSKIEJ Warszawa, dnia 20 marca 1948"
DU,1948,17,1948-03-31,parser+ocr300,1948-03-31,text:warszawa,1948-03-31,,DU/1948/115,8,8,"SKIEJ ,. Warszawa, dnia 31 marca 1948"
DU,1948,18,1948-04-10,obraz+parser,1948-04-10,text:warszawa,,1948-04-10,DU/1948/123,11,11," POLSKIEJ Warszawa,' dnia 10 kwietnia 1948"
DU,1948,19,1948-04-14,parser+ocr300,1948-04-14,text:warszawa,1948-04-14,,DU/1948/134,1,1,"SKIEJ . Warszawa, dnia 14 kwietnia 1948"
DU,1948,20,1948-04-16,parser+ocr300,1948-04-16,ocr:warszawa,1948-04-16,,DU/1948/135,4,4,"POLSKIEJ Warszawa, dnia 16 kwietnia 1948"
DU,1948,21,1948-04-22,parser+ocr300,1948-04-22,text:warszawa,1948-04-22,,DU/1948/139,13,13,"LSKIEJ' . Warszawa, dnia 22 kwietnia 1948"
DU,1948,22,1948-04-26,parser+ocr300,1948-04-26,text:warszawa,1948-04-26,,DU/1948/152,1,1,"OLSKIEJ • Warszawa, dnia 26 kwietnia 1948"
DU,1948,23,1948-04-27,parser+ocr300,1948-04-27,text:warszawa,1948-04-27,,DU/1948/153,7,7," POLSKIEJ Warszawa, dnia 27 kwietnia 1948"
DU,1948,25,1948-05-05,parser+ocr300,1948-05-05,ocr:warszawa,1948-05-05,,DU/1948/169,7,7,"POLSKIEJ Warszawa, dnia 5 maja 1948"
DU,1948,26,1948-05-14,obraz+ocr300,,none,1948-05-14,1948-05-14,DU/1948/176,6,6,
DU,1948,27,,bez odczytu (do obrazu),,none,,,DU/1948/182,7,7,
DU,1948,28,,bez odczytu (do obrazu),,none,,,DU/1948/189,2,2,
DU,1948,30,1948-06-18,parser+ocr300,1948-06-18,text:warszawa,1948-06-18,,DU/1948/199,7,7," POLSKIEJ Warszawa, dnia 18 czerwca 1948"
DU,1948,31,1948-06-30,parser+ocr300,1948-06-30,text:warszawa,1948-06-30,,DU/1948/206,5,5,"OLSR I EJ Warszawa, dnia 30 czerwca 1948"
DU,1948,32,1948-07-07,obraz+parser,1948-07-07,ocr:warszawa,1948-07-07,1948-07-07,DU/1948/211,11,9,"POLSKIEJ Warszawa, dnia 7 lipca 1948"
DU,1948,33,1948-07-10,obraz×2,,none,,1948-07-10 1948-07-10,DU/1948/222,3,3,
DU,1948,34,1948-07-23,parser+ocr300,1948-07-23,text:warszawa,1948-07-23,,DU/1948/225,15,6," POLSKIEJ Warszawa, dnia 23 lipca 1948"
DU,1948,35,1948-07-31,parser+ocr300,1948-07-31,ocr:warszawa,1948-07-31,,DU/1948/240,6,6,"POLSKIEJ Warszawa, dnia 31 lipca 1948"
DU,1948,37,1948-08-06,obraz×2,,none,,1948-08-06 1948-08-06,DU/1948/261,16,16,
DU,1948,38,1948-08-17,parser+ocr300,1948-08-17,text:warszawa,1948-08-17,,DU/1948/277,9,9," POLSKIEJ Warszawa, dnia 17 sierpnia 1948"
DU,1948,39,1948-08-19,parser+ocr300,1948-08-19,ocr:warszawa,1948-08-19,,DU/1948/286,4,4,"POLSKIEJ Warszawa, dnia 19 sierpnia 1948"
DU,1948,40,1948-08-24,parser+ocr300,1948-08-24,text:warszawa,1948-08-24,,DU/1948/290,7,7," POLSKIEJ Warszawa, dnia 24 sierpnia 1948"
DU,1948,41,1948-08-26,parser+ocr300,1948-08-26,ocr:warszawa,1948-08-26,,DU/1948/297,7,7,"POLSKIEJ Warszawa, dnia 26 sierpnia 1948"
DU,1948,42,1948-09-01,parser+ocr300,1948-09-01,text:warszawa,1948-09-01,,DU/1948/304,4,4," POLSKIEJ Warszawa, dnia 1 września 1948"
DU,1948,43,1948-09-18,parser+ocr300,1948-09-18,text:warszawa,1948-09-18,,DU/1948/308,5,5,"----------Warszawa, ' dnia 18 września 1948"
DU,1948,44,1948-09-29,parser+ocr300,1948-09-29,text:warszawa,1948-09-29,,DU/1948/313,22,22,"OLSKIEJ· Warszawa, dnia 29 września 1948"
DU,1948,45,1948-09-30,parser+ocr300,1948-09-30,ocr:warszawa,1948-09-30,,DU/1948/335,3,3,"POLSKIEJ Warszawa, dnia 30 września 1948"
DU,1948,46,1948-10-06,parser+ocr300,1948-10-06,text:warszawa,1948-10-06,,DU/1948/338,8,8," POLSKIEJ Warszawa, dnia 6 października 1948"
DU,1948,47,1948-10-07,parser+ocr300,1948-10-07,ocr:warszawa,1948-10-07,,DU/1948/346,12,12,"POLSKIEJ Warszawa, dnia 7 października 1948"
DU,1948,48,1948-10-11,parser+ocr300,1948-10-11,ocr:warszawa,1948-10-11,,DU/1948/358,10,10,"POLSKIEJ Warszawa, dnia 11 października 1948"
DU,1948,49,1948-10-18,parser+ocr300,1948-10-18,text:warszawa,1948-10-18,,DU/1948/368,13,13," POLSKIEJ Warszawa, dnia 18 października 1948"
DU,1948,50,1948-10-30,parser+ocr300,1948-10-30,text:warszawa,1948-10-30,,DU/1948/381,18,18," POLSKlEJ Warszawa, dnia 30 października 1948"
DU,1948,51,1948-11-06,parser+ocr300,1948-11-06,text:warszawa,1948-11-06,,DU/1948/399,11,11," POLSKIEJ Warszawa, dnia 6 listopada 1948"
DU,1948,52,1948-11-12,parser+ocr300,1948-11-12,ocr:warszawa,1948-11-12,,DU/1948/410,8,8,"POLSKIEJ Warszawa, dnia 12 listopada 1948"
DU,1948,54,1948-11-20,parser+ocr300,1948-11-20,text:warszawa,1948-11-20,,DU/1948/425,9,9," POLSKIEJ Warszawa, dnia 20 listopada 1948"
DU,1948,55,1948-11-29,obraz×2,,none,,1948-11-29 1948-11-29,DU/1948/434,7,7,
DU,1948,56,1948-12-04,parser+ocr300,1948-12-04,ocr:warszawa,1948-12-04,,DU/1948/441,10,10,"POLSKIEJ Warszawa, dnia 4 grudnia 1948"
DU,1948,57,,bez odczytu (do obrazu),,none,,,DU/1948/451,7,1,
DU,1948,58,1948-12-13,obraz+parser,1948-12-13,text:warszawa,1948-12-13,1948-12-13,DU/1948/458,10,9," POLSKIEJ Warszawa, dnia 13 grudnia 1948"
DU,1948,59,1948-12-17,parser+ocr300,1948-12-17,ocr:warszawa,1948-12-17,,DU/1948/468,2,2,"POLSKIEJ Warszawa, dnia 17 grudnia 1948"
DU,1948,60,1948-12-20,parser+ocr300,1948-12-20,text:warszawa,1948-12-20,,DU/1948/470,7,7,"OLSR.I EJ Warszawa, dnia 20 grudnia 1948"
DU,1948,61,1948-12-29,parser+ocr300,1948-12-29,text:warszawa,1948-12-29,,DU/1948/477,3,3,"LITEJ 'f Warszawa, dnia 29 grudnia 1948"
DU,1948,62,1948-12-31,parser+ocr300,1948-12-31,ocr:warszawa,1948-12-31,,DU/1948/480,14,14,"POLSKIEJ Warszawa, dnia 31 grudnia 1948"
DU,1948,63,1948-12-31,parser+ocr300,1948-12-31,text:warszawa,1948-12-31,,DU/1948/494,3,3," . .. . Warszawa, dnia 31 grudnia 1948"
DU,1949,1,1949-01-03,parser+ocr300,1949-01-03,text:warszawa,1949-01-03,,DU/1949/1,3,3," POLSKIEJ Warszawa, dnia 3 stycznia 1949"
DU,1949,2,1949-01-11,parser+ocr300,1949-01-11,text:warszawa,1949-01-11,,DU/1949/4,4,4,"POLSR lEJ Warszawa, dnia 11 stycznia 1949"
DU,1949,3,1949-01-14,parser+ocr300,1949-01-14,text:warszawa,1949-01-14,,DU/1949/8,12,12,",OL SKlEJ WarszaUJa, dnia 14 stycznia 1949"
DU,1949,4,1949-01-21,parser+ocr300,1949-01-21,text:warszawa,1949-01-21,,DU/1949/20,9,9,"POLSKIEJ \Varszawa, dnia 21 stycznia 1949"
DU,1949,5,1949-01-27,parser+ocr300,1949-01-27,text:warszawa,1949-01-27,,DU/1949/29,3,3,L S KI EJ Warszawa. dnia 27 stycznia 1949
DU,1949,6,1949-02-12,parser+ocr300,1949-02-12,ocr:warszawa,1949-02-12,,DU/1949/32,7,7,"POLSKIEJ Warszawa, dnia 12 lutego 1949"
DU,1949,7,1949-02-16,parser+ocr300,1949-02-16,text:warszawa,1949-02-16,,DU/1949/39,5,5," POLSKIEJ Warszawa, dnia 16 lutego 1949"
DU,1949,8,1949-02-18,obraz+ocr300 (trzeci odczyt inny),1949-02-13,text:warszawa,1949-02-18,1949-02-18,DU/1949/44,4,4,"S K I E J Warszawa, dnia 13 lutego 1949"
DU,1949,9,1949-02-23,parser+ocr300,1949-02-23,text:warszawa,1949-02-23,,DU/1949/48,11,6,"----~, > Warszawa, dnia 23 lutego 1949"
DU,1949,10,1949-03-05,parser+ocr300,1949-03-05,text:warszawa,1949-03-05,,DU/1949/59,7,7,"POLS!{IEJ Warszawa, dnia 5 marca 1949"
DU,1949,11,1949-03-11,parser+ocr300,1949-03-11,text:warszawa,1949-03-11,,DU/1949/66,7,7," POLSKIEJ Warszawa, dnia 11 marca 1949"
DU,1949,12,1949-03-12,parser+ocr300,1949-03-12,text:warszawa,1949-03-12,,DU/1949/73,1,1," POLSKIEJ Warszawa, dnia 12 marca 1949"
DU,1949,13,1949-03-19,parser+ocr300,1949-03-19,text:warszawa,1949-03-19,,DU/1949/74,8,8," POLSKIEJ Warszawa, dnia 19 marca 1949"
DU,1949,14,1949-03-27,parser+ocr300,1949-03-27,text:warszawa,1949-03-27,,DU/1949/82,14,14," POLSKIEJ WarszaUJa, dnia 27 marca 1949"
DU,1949,15,1949-03-29,parser+ocr300,1949-03-29,text:warszawa,1949-03-29,,DU/1949/96,4,4," POLSKIEJ Warszawa, dnia 29 marca 1949"
DU,1949,16,1949-03-29,parser+ocr300,1949-03-29,text:warszawa,1949-03-29,,DU/1949/100,5,5," POLSKIEJ Warszawa, dnia 29 marca 1949"
DU,1949,17,1949-03-31,parser+ocr300,1949-03-31,text:warszawa,1949-03-31,,DU/1949/105,4,4," POLSKIEJ Warszawa, dnia 31 marca 1949"
DU,1949,18,1949-04-04,parser+ocr300,1949-04-04,text:warszawa,1949-04-04,,DU/1949/109,22,21," POLSKIEJ Warszawa, dnia 4 kwietnia 1949"
DU,1949,19,1949-04-08,obraz×2,,none,,1949-04-08 1949-04-08,DU/1949/131,2,2,
DU,1949,20,1949-04-09,parser+ocr300,1949-04-09,text:warszawa,1949-04-09,,DU/1949/133,2,2," POLSKIEJ Warszawa, dnia 9 kwietnia 1949"
DU,1949,21,1949-04-14,parser+ocr300,1949-04-14,text:warszawa,1949-04-14,,DU/1949/135,16,16," POLSKIEJ Warszawa, dnia 14 kwietnia 1949"
DU,1949,22,1949-04-19,parser+ocr300,1949-04-19,text:warszawa,1949-04-19,,DU/1949/151,1,1," POLSKIEJ Warszawa, dnia 19 kwietnia 1949"
DU,1949,23,1949-04-19,parser+ocr300,1949-04-19,text:warszawa,1949-04-19,,DU/1949/152,6,6," POLSKIEJ Warszawa, dnia 19 kwietnia 1949"
DU,1949,24,1949-04-28,obraz+ocr300 (trzeci odczyt inny),1949-04-23,text:warszawa,1949-04-28,1949-04-28,DU/1949/158,15,15," POLSKIEJ Warszawa, dnia 23 kwietnia 1949"
DU,1949,25,1949-04-29,parser+ocr300,1949-04-29,text:warszawa,1949-04-29,,DU/1949/173,16,15," POLSKIEJ Warszawa, dnia 29 kwietnia 1949"
DU,1949,26,1949-04-30,parser+ocr300,1949-04-30,text:warszawa,1949-04-30,,DU/1949/189,8,8,"OLSKIEJ 'tVarszawa, dnia 30 kwietnia 1949"
DU,1949,27,1949-05-04,parser+ocr300,1949-05-04,text:warszawa,1949-05-04,,DU/1949/197,7,7," POLSKIEJ Warszawa, dnia 4 maja 1949"
DU,1949,28,1949-05-09,parser+ocr300,1949-05-09,text:warszawa,1949-05-09,,DU/1949/204,8,8,"-------- Warszawa, dnia 9 maja 1949"
DU,1949,29,1949-05-13,obraz+parser,1949-05-13,text:warszawa,1949-05-13,1949-05-13,DU/1949/212,4,4," POLSKIEJ Warszawa, dnia 13 maja 1949"
DU,1949,30,1949-05-13,parser+ocr300,1949-05-13,text:warszawa,1949-05-13,,DU/1949/216,3,3," POLSKIEJ Warszawa, dnia 13 maja 1949"
DU,1949,31,1949-05-17,parser+ocr300,1949-05-17,text:warszawa,1949-05-17,,DU/1949/219,18,18," POLSKIEJ Warszawa, dnia 17 maja 1949"
DU,1949,32,1949-05-19,parser+ocr300,1949-05-19,text:warszawa,1949-05-19,,DU/1949/237,6,5," POLSKIEJ Warszawa, dnia 19 maja 1949"
DU,1949,33,1949-05-24,parser+ocr300,1949-05-24,text:warszawa,1949-05-24,,DU/1949/243,2,2," POLSKIEJ Warszawa, dnia 24 maja 1949"
DU,1949,34,1949-05-28,parser+ocr300,1949-05-28,text:warszawa,1949-05-28,,DU/1949/245,10,10," POLSKIEJ Warszawa, dnia 28 maja 1949"
DU,1949,35,1949-06-10,parser+ocr300,1949-06-10,text:warszawa,1949-06-10,,DU/1949/255,2,2," li I E J Warszawa, dnia 10 czerwca 1949"
DU,1949,36,1949-06-20,parser+ocr300,1949-06-20,text:warszawa,1949-06-20,,DU/1949/257,16,16," POLSKIEJ Warszawa, dnia 20 czerwca 1949"
DU,1949,37,1949-06-22,parser+ocr300,1949-06-22,text:warszawa,1949-06-22,,DU/1949/273,1,1,"POLSKIE'J Warszawa, dnia 22 czerwca 1949"
DU,1949,38,1949-06-28,parser+ocr300,1949-06-28,text:warszawa,1949-06-28,,DU/1949/274,5,5," SK I E'J Warszawa, dnia 28 czerwca 1949"
DU,1949,39,1949-06-30,parser+ocr300,1949-06-30,text:warszawa,1949-06-30,,DU/1949/279,4,4," SRI EJ \'Varszawa, dnia 30 czerwca 1949"
DU,1949,40,1949-07-12,parser+ocr300,1949-07-12,text:warszawa,1949-07-12,,DU/1949/283,10,10," POLSKIEJ Warszawa, dnia 12 lipca 1949"
DU,1949,41,1949-07-15,parser+ocr300,1949-07-15,text:warszawa,1949-07-15,,DU/1949/293,11,11," POLSKIEJ Warszawa, dnia 15 lipca 1949"
DU,1949,42,1949-07-20,parser+ocr300,1949-07-20,text:warszawa,1949-07-20,,DU/1949/304,19,19," POLSKIEJ Warszawa, dnia 20 lipca 1949"
DU,1949,43,1949-07-29,parser+ocr300,1949-07-29,ocr:warszawa,1949-07-29,,DU/1949/323,6,6,"POLSRIEJ Warszawa, dnia 29 lipca 1949"
DU,1949,44,1949-08-02,parser+ocr300,1949-08-02,text:warszawa,1949-08-02,,DU/1949/329,3,3," POLSKIEJ Warszawa, dnia 2 sierpnia 1949"
DU,1949,45,1949-08-06,parser+ocr300,1949-08-06,text:warszawa,1949-08-06,,DU/1949/332,4,4,"POLSKIEJ \Varszswa, dnia 6 sierpnia 1949"
DU,1949,46,1949-08-10,parser+ocr300,1949-08-10,text:warszawa,1949-08-10,,DU/1949/336,17,17," POLSKIEJ Warszawa, dnia 10 sierpnia 1949"
DU,1949,47,1949-08-20,parser+ocr300,1949-08-20,text:warszawa,1949-08-20,,DU/1949/353,14,14," POLSKIEJ Warszawa, dnia 20 sierpnia 1949"
DU,1949,48,1949-08-22,parser+ocr300,1949-08-22,text:warszawa,1949-08-22,,DU/1949/367,2,2," POLSKIEJ Warszawa, dnia 22 sierpnia 1949"
DU,1949,49,1949-09-01,parser+ocr300,1949-09-01,text:warszawa,1949-09-01,,DU/1949/369,9,9," POLSKIEJ Warszawa, dnia I września 1949"
DU,1949,50,1949-09-08,obraz+parser (trzeci odczyt inny),1949-09-08,text:warszawa,1949-09-06,1949-09-08,DU/1949/378,2,2," POLSKIEJ Warszawa, dnia 8 września 1949"
DU,1949,51,1949-09-27,parser+ocr300,1949-09-27,text:warszawa,1949-09-27,,DU/1949/380,15,15," POLSKIEJ WarszaUJa, dnia 27 września 1949"
DU,1949,52,1949-09-30,parser+ocr300,1949-09-30,text:warszawa,1949-09-30,,DU/1949/395,8,8," POLSKlEJ Warszawa, dnia 30 września 1949"
DU,1949,53,1949-10-14,parser+ocr300,1949-10-14,text:warszawa,1949-10-14,,DU/1949/403,17,17," POLSKIEJ Warszawa, dnia 14 października 1949"
DU,1949,54,1949-10-27,parser+ocr300,1949-10-27,text:warszawa,1949-10-27,,DU/1949/420,13,13,"POLSKIEJ \Varszawa, dnia 27 października 1949"
DU,1949,55,1949-11-02,parser+ocr300,1949-11-02,ocr:warszawa,1949-11-02,,DU/1949/433,10,10,"POLSRIEJ Warszawa, dnia 2 listopada 1949"
DU,1949,56,1949-11-02,parser+ocr300,1949-11-02,text:warszawa,1949-11-02,,DU/1949/443,4,4," POLSKIEJ Warszawa, dnia 2 listopada 1949"
DU,1949,57,1949-11-08,parser+ocr300,1949-11-08,text:warszawa,1949-11-08,,DU/1949/447,1,1,"----------WarszaUJa, dnia 8 listopada 1949"
DU,1949,58,1949-11-15,parser+ocr300,1949-11-15,text:warszawa,1949-11-15,,DU/1949/448,12,12,"EJ , ..' Warszawa, dnia 15 listopada 1949"
DU,1949,59,1949-11-30,parser+ocr300,1949-11-30,text:warszawa,1949-11-30,,DU/1949/460,2,2," POLSKIEJ Warszawa, dnia 30 listopada 1949"
DU,1949,60,1949-12-13,obraz+parser,1949-12-13,text:warszawa,,1949-12-13,DU/1949/462,14,14,"SKIEJ - Warszawa, dnia 13 grudnia 1949"
DU,1949,61,1949-12-19,parser+ocr300,1949-12-19,text:warszawa,1949-12-19,,DU/1949/476,11,11,"'POLSKIEJ Warszawa, dnia 19 grudnia 1949"
DU,1949,62,1949-12-23,parser+ocr300,1949-12-23,text:warszawa,1949-12-23,,DU/1949/487,6,6,"POLSKIEJ \Varszawa, dnia 23 grudnia 1949"
DU,1949,63,1949-12-29,parser+ocr300,1949-12-29,text:warszawa,1949-12-29,,DU/1949/493,18,16,S R I E~J Warszawa. dnia 29 grudnia 1949
DU,1949,64,1949-12-30,parser+ocr300,1949-12-30,text:warszawa,1949-12-30,,DU/1949/511,13,13," POLSKIEJ Warszawa, dnia 30 grudnia 1949"
DU,1949,65,1949-12-31,parser+ocr300,1949-12-31,text:warszawa,1949-12-31,,DU/1949/524,14,13,"POLSKIEJ \Varszawa, dnia 31 grudnia 1949"
DU,1949,66,1949-12-31,parser+ocr300,1949-12-31,text:warszawa,1949-12-31,,DU/1949/538,1,1," POLSKIEJ Warszawa, dnia 31 grudnia 1949"
DU,1950,1,1950-01-13,parser+ocr300,1950-01-13,text:warszawa,1950-01-13,,DU/1950/1,3,3,"-------~ Warszawa, dnia 13 stycznia 1950"
DU,1950,2,1950-01-27,parser+ocr300,1950-01-27,text:warszawa,1950-01-27,,DU/1950/4,15,15," POLSKIEJ Warszawa, dnia 27 stycznia 1950"
DU,1950,3,1950-02-07,parser+ocr300,1950-02-07,text:warszawa,1950-02-07,,DU/1950/19,12,12," POLSKIEJ Warszawa, dnia 7 lutego 1950"
DU,1950,4,1950-02-11,parser+ocr300,1950-02-11,text:warszawa,1950-02-11,,DU/1950/31,8,8," POLSKIEJ Warszawa, dnia 11 lutego 1950"
DU,1950,5,1950-02-17,parser+ocr300,1950-02-17,text:warszawa,1950-02-17,,DU/1950/39,7,7," POLSKIEJ Warszawa, dnia 17 lutego 1950"
DU,1950,7,1950-03-15,parser+ocr300,1950-03-15,text:warszawa,1950-03-15,,DU/1950/63,22,22," POLSKIEJ Warszatua, dnia 15 marca 1950"
DU,1950,8,1950-03-22,parser+ocr300,1950-03-22,text:warszawa,1950-03-22,,DU/1950/85,2,2," POLSKIEJ Warszawa, dnia 22 marca 1950"
DU,1950,9,1950-03-23,parser+ocr300,1950-03-23,text:warszawa,1950-03-23,,DU/1950/87,14,13," POLSKIEJ Warszawa, dnia 23 marca 1950"
DU,1950,10,1950-03-30,parser+ocr300,1950-03-30,text:warszawa,1950-03-30,,DU/1950/101,11,11," POLSKIEJ Warszawa, dnia 30 marca 1950"
DU,1950,11,1950-03-31,parser+ocr300,1950-03-31,text:warszawa,1950-03-31,,DU/1950/112,4,4," POLSKIEJ Warszawa, dnia 31 marca 1950"
DU,1950,12,1950-04-07,parser+ocr300,1950-04-07,ocr:warszawa,1950-04-07,,DU/1950/116,6,6,"POLSKIEJ Warszawa, dnia 7 kwietnia 1950"
DU,1950,13,1950-04-08,parser+ocr300,1950-04-08,text:warszawa,1950-04-08,,DU/1950/122,7,3," POLSKIEJ Warszawa, dnia 8 kwietnia 1950"
DU,1950,14,1950-04-13,parser+ocr300,1950-04-13,ocr:warszawa,1950-04-13,,DU/1950/129,5,5,"POLSKIEJ Warszawa, dnia 13 kwietnia 1950"
DU,1950,15,1950-04-17,parser+ocr300,1950-04-17,text:warszawa,1950-04-17,,DU/1950/134,4,4,"POLSKIEJ lVarszawa, dnia 17 kwietnia 1950"
DU,1950,16,1950-04-20,parser+ocr300,1950-04-20,text:warszawa,1950-04-20,,DU/1950/138,1,1," POLSKIEJ Warszawa, dnia 20 kwietnia 1950"
DU,1950,17,1950-04-24,parser+ocr300,1950-04-24,text:warszawa,1950-04-24,,DU/1950/139,13,12, POLSKIEJ Warszawa. dnia 24 kwietnia 1950
DU,1950,18,1950-04-26,parser+ocr300,1950-04-26,text:warszawa,1950-04-26,,DU/1950/152,4,4," POLSKIEJ Warszawa, dnia 26 kwietnia 1950"
DU,1950,19,1950-04-28,obraz+parser,1950-04-28,ocr:warszawa,,1950-04-28,DU/1950/156,12,11,"IEJ — ; Warszawa, dnia 28 kwietnia 1950"
DU,1950,20,1950-05-05,parser+ocr300,1950-05-05,text:warszawa,1950-05-05,,DU/1950/168,11,11,"P()LSKIEJ Warszawa, dnia 5 maja 1950"
DU,1950,22,1950-05-23,obraz+parser,1950-05-23,text:warszawa,1950-05-23,1950-05-23,DU/1950/188,11,11," POLSKIEJ Warszawa, dnia 23 maja 1950"
DU,1950,23,1950-05-31,parser+ocr300,1950-05-31,text:warszawa,1950-05-31,,DU/1950/199,11,11,"OSPOLITEJ Warszawa, dnia 31 maja 1950"
DU,1950,24,1950-06-10,parser+ocr300,1950-06-10,text:warszawa,1950-06-10,,DU/1950/210,13,13,"KIEJ .,- Warszawa, dnia 10 czerwca 1950"
DU,1950,25,1950-06-20,parser+ocr300,1950-06-20,text:warszawa,1950-06-20,,DU/1950/223,10,10," POLSKIEJ Warszawa, dnia 20 czerwca 1950"
DU,1950,26,1950-07-03,parser+ocr300,1950-07-03,text:warszawa,1950-07-03,,DU/1950/233,17,17," POLSKIEJ Warszawa, dnia 3 lipca 1950"
DU,1950,27,1950-07-05,parser+ocr300,1950-07-05,text:warszawa,1950-07-05,,DU/1950/250,5,5," POLSKIEJ Warszawa, dnia 5 lipca 1950"
DU,1950,28,1950-07-06,parser+ocr300,1950-07-06,ocr:warszawa,1950-07-06,,DU/1950/255,14,14,"POLSKIEJ Warszawa, dnia 6 lipca 1950"
DU,1950,30,1950-07-27,parser+ocr300,1950-07-27,text:warszawa,1950-07-27,,DU/1950/275,10,10, POLSKIEJ Warszatua. dnia 27 lipca 1950
DU,1950,31,1950-07-31,parser+ocr300,1950-07-31,text:warszawa,1950-07-31,,DU/1950/285,8,8,", . , \Varszawa, dnia 31 lipca 1950"
DU,1950,32,1950-08-03,parser+ocr300,1950-08-03,text:warszawa,1950-08-03,,DU/1950/293,4,4," POLSKIEJ Warszawa, dnia 3 sierpnia 1950"
DU,1950,33,1950-08-14,parser+ocr300,1950-08-14,text:warszawa,1950-08-14,,DU/1950/297,11,11," POLSKIEJ WarszaUJa, dnia 14 sierpnia 1950"
DU,1950,34,1950-08-22,parser+ocr300,1950-08-22,text:warszawa,1950-08-22,,DU/1950/308,5,5," POLSKIEJ Warszawa, dnia 22 sierpnia 1950"
DU,1950,35,1950-08-23,parser+ocr300,1950-08-23,text:warszawa,1950-08-23,,DU/1950/313,9,9," POLSKIEJ Warszawa, dnia 23 sierpnia 1950"
DU,1950,36,1950-08-26,parser+ocr300,1950-08-26,text:warszawa,1950-08-26,,DU/1950/322,22,10,"OLS KI EJ Warszawa, dnia 26 sierpnia 1950"
DU,1950,37,1950-08-30,parser+ocr300,1950-08-30,text:warszawa,1950-08-30,,DU/1950/344,2,2," POLSKIEJ Warszawa, dnia 30 sierpnia 1950"
DU,1950,38,1950-09-01,obraz×2,,none,,1950-09-01 1950-09-01,DU/1950/346,7,7,
DU,1950,39,1950-09-07,parser+ocr300,1950-09-07,ocr:warszawa,1950-09-07,,DU/1950/353,10,10,"POLSKIEJ Warszawa, dnia 7 września 1950"
DU,1950,40,1950-09-13,parser+ocr300,1950-09-13,text:warszawa,1950-09-13,,DU/1950/363,2,2," POLSKIEJ Warszawa, dnia 13 września 1950"
DU,1950,41,1950-09-19,parser+ocr300,1950-09-19,text:warszawa,1950-09-19,,DU/1950/365,10,10,".LSK I EJ Warszawa, dnia 19 września 1950"
DU,1950,42,1950-09-26,parser+ocr300,1950-09-26,text:warszawa,1950-09-26,,DU/1950/375,13,13," POLSKIEJ Warszama, dnia 26 września 1950"
DU,1950,43,1950-09-30,parser+ocr300,1950-09-30,text:warszawa,1950-09-30,,DU/1950/388,8,8," POLSKIEJ Warszawa, dnia 30 września 1950"
DU,1950,44,1950-10-04,parser+ocr300,1950-10-04,text:warszawa,1950-10-04,,DU/1950/396,15,15," POLSKIEJ Warszawa, dnia 4 października 1950"
DU,1950,45,1950-10-07,parser+ocr300,1950-10-07,text:warszawa,1950-10-07,,DU/1950/411,10,10," POLSKIEJ Warszawa, dnia 7 października 1950"
DU,1950,46,1950-10-14,parser+ocr300,1950-10-14,text:warszawa,1950-10-14,,DU/1950/421,7,7," POLSKIEJ Warszawa, dnia 14 października 1950"
DU,1950,47,1950-10-21,parser+ocr300,1950-10-21,text:warszawa,1950-10-21,,DU/1950/428,7,7," POLSKIEJ Warszawa, dnia 21 października 1950"
DU,1950,48,1950-10-27,parser+ocr300,1950-10-27,text:warszawa,1950-10-27,,DU/1950/435,4,4," POLSKIEJ Warszawa, dnia 27 października 1950"
DU,1950,49,1950-10-28,parser+ocr300,1950-10-28,text:warszawa,1950-10-28,,DU/1950/439,19,19," POLSKIEJ WarszaUJa, dnia 28 października 1950"
DU,1950,50,1950-10-29,parser+ocr300,1950-10-29,ocr:warszawa,1950-10-29,,DU/1950/458,7,7,"POLSKIEJ Warszawa, dnia 29 października 1950"
DU,1950,51,1950-11-21,parser+ocr300,1950-11-21,text:warszawa,1950-11-21,,DU/1950/465,15,14," POLSKIEJ Warszawa, dnia 21 listopada 1950"
DU,1950,52,1950-11-27,parser+ocr300,1950-11-27,text:warszawa,1950-11-27,,DU/1950/480,4,4,POLSKI~J Warszawa. dnia 27 listopada 1950
DU,1950,53,1950-11-29,parser+ocr300,1950-11-29,text:warszawa,1950-11-29,,DU/1950/484,7,7," POLSKIEJ Warszawa, dnia 29 listopada 1950"
DU,1950,54,1950-12-04,parser+ocr300,1950-12-04,ocr:warszawa,1950-12-04,,DU/1950/491,6,6,"POLSKIEJ Warszawa, dnia 4 grudnia 1950"
DU,1950,55,1950-12-12,parser+ocr300,1950-12-12,text:warszawa,1950-12-12,,DU/1950/497,6,6," POLSKIEJ Warszawa, dnia 12 grudnia 1950"
DU,1950,56,1950-12-21,parser+ocr300,1950-12-21,text:warszawa,1950-12-21,,DU/1950/503,4,4,SKIEJ .. Warszawa. dnia 21 grudnia 1950
DU,1950,57,1950-12-23,parser+ocr300,1950-12-23,text:warszawa,1950-12-23,,DU/1950/507,14,14,POLSKIEJ \Varszawa. dnia 23 grudnia 1950
DU,1950,58,1950-12-31,parser+ocr300,1950-12-31,text:warszawa,1950-12-31,,DU/1950/521,16,16," POLSKIEJ Warszawa, dnia 31 grudnia 1950"
DU,1951,1,1951-01-08,obraz+ocr300,,none,1951-01-08,1951-01-08,DU/1951/1,6,5,
DU,1951,2,1951-01-16,parser+ocr300,1951-01-16,ocr:warszawa,1951-01-16,,DU/1951/7,10,10,"POLSKIEJ Warszawa, dnia 16 stycznia 1951"
DU,1951,3,1951-01-17,parser+ocr300,1951-01-17,text:warszawa,1951-01-17,,DU/1951/17,8,8," POLSKIEJ Warszawa, dnia 17 stycznia 1951"
DU,1951,4,1951-01-19,obraz+parser,1951-01-19,ocr:warszawa,1951-01-19,1951-01-19,DU/1951/25,13,12,"POLSKIEJ Warszawa, dnia 19 stycznia 1951"
DU,1951,5,1951-01-25,parser+ocr300,1951-01-25,text:warszawa,1951-01-25,,DU/1951/38,14,13,"L S'KI EJ Warszawa, dnia 25 stycznia 1951"
DU,1951,6,1951-01-26,parser+ocr300,1951-01-26,text:warszawa,1951-01-26,,DU/1951/52,6,6,"L S KI EJ Warszawa"" dnia 26 stycznia 1951"
DU,1951,7,1951-01-31,obraz+parser,1951-01-31,ocr:warszawa,,1951-01-31,DU/1951/58,3,3,"KIEJ : 2 Warszawa, dnia 31 stycznia 1951"
DU,1951,8,1951-02-10,parser+ocr300,1951-02-10,text:warszawa,1951-02-10,,DU/1951/61,7,6," POLSKIEJ Warszawa, ""dnia 10 lutego 1951"
DU,1951,9,1951-02-19,parser+ocr300,1951-02-19,text:warszawa,1951-02-19,,DU/1951/68,7,7," POLSKIEJ Warszawa, dnia 19 lutego 1951"
DU,1951,10,1951-02-27,parser+ocr300,1951-02-27,text:warszawa,1951-02-27,,DU/1951/75,6,6,"L 'S RIEJ Warszawa, dnia 27 lutego 1951"
DU,1951,11,1951-02-28,parser+ocr300,1951-02-28,text:warszawa,1951-02-28,,DU/1951/81,13,13," POLSKIEJ WarszaUJa, dnia 28 lutego 1951"
DU,1951,13,1951-03-12,parser+ocr300,1951-03-12,text:warszawa,1951-03-12,,DU/1951/100,6,6," POLSKIEJ Warszawa, dnia 12 marca 1951"
DU,1951,14,1951-03-14,obraz+parser,1951-03-14,text:warszawa,,1951-03-14,DU/1951/106,12,12,"POLSKIEJ \Varszawa, dnia 14 marca 1951"
DU,1951,15,1951-03-17,obraz+ocr300,,none,1951-03-17,1951-03-17,DU/1951/118,8,8,
DU,1951,16,1951-03-27,parser+ocr300,1951-03-27,text:warszawa,1951-03-27,,DU/1951/126,6,6, POLSKIEJ Warszawa. dnia 27 marca 1951
DU,1951,18,1951-03-31,parser+ocr300,1951-03-31,text:warszawa,1951-03-31,,DU/1951/140,9,9," POLSKIEJ Warszama, dnia 31 marca 1951"
DU,1951,19,1951-04-10,parser+ocr300,1951-04-10,text:warszawa,1951-04-10,,DU/1951/149,10,10,"POLS-KIEJ Warszawa, dnia 10 kwietnia 1951"
DU,1951,20,1951-04-14,parser+ocr300,1951-04-14,text:warszawa,1951-04-14,,DU/1951/159,6,6,"POLSKIEJ .Warszawa, dnia 14 kwietnia 1951"
DU,1951,21,1951-04-20,parser+ocr300,1951-04-20,text:warszawa,1951-04-20,,DU/1951/165,7,7," POLSKIEJ Warszawa, dnia 20 kwietnia 1951"
DU,1951,22,1951-04-20,parser+ocr300,1951-04-20,text:warszawa,1951-04-20,,DU/1951/172,3,3," POLSKIEJ Warszawa, dnia 20 kwietnia 1951"
DU,1951,23,1951-04-26,parser+ocr300,1951-04-26,ocr:warszawa,1951-04-26,,DU/1951/175,9,9,"POLSKIEJ Warszawa, dnia 26 kwietnia 1951"
DU,1951,24,1951-05-09,parser+ocr300,1951-05-09,ocr:warszawa,1951-05-09,,DU/1951/184,1,1,"POLSKIEJ Warszawa, dnia 9 maja 1951"
DU,1951,25,1951-05-10,parser+ocr300,1951-05-10,text:warszawa,1951-05-10,,DU/1951/185,9,9," POLSKIEJ Warszawa, dnia 10 maja 1951"
DU,1951,26,1951-05-12,parser+ocr300,1951-05-12,ocr:warszawa,1951-05-12,,DU/1951/194,5,5,"POLSKIEJ Warszawa, dnia 12 maja 1951"
DU,1951,27,1951-05-15,parser+ocr300,1951-05-15,text:warszawa,1951-05-15,,DU/1951/199,15,15,"O 'LSRIEJ Warszawa, dnia 15 maja 1951"
DU,1951,28,1951-05-29,parser+ocr300,1951-05-29,text:warszawa,1951-05-29,,DU/1951/214,11,11,"LSKIEJ / Warszawa, dnia 29 maja 1951"
DU,1951,29,1951-06-06,obraz+ocr300,,none,1951-06-06,1951-06-06,DU/1951/225,9,9,
DU,1951,30,1951-06-09,parser+ocr300,1951-06-09,text:warszawa,1951-06-09,,DU/1951/234,5,5," POLSKIEJ Warszawa, dnia 9 czerwca 1951"
DU,1951,32,1951-06-18,obraz+ocr300 (trzeci odczyt inny),1951-06-13,text:warszawa,1951-06-18,1951-06-18,DU/1951/247,8,8,"LSK I E J Warszawa, dnia 13 czerwca 1951"
DU,1951,33,1951-06-18,parser+ocr300,1951-06-18,text:warszawa,1951-06-18,,DU/1951/255,5,5,"-------- Warszawa, dnia 18 czerwca 1951"
DU,1951,34,1951-06-27,parser+ocr300,1951-06-27,text:warszawa,1951-06-27,,DU/1951/260,6,6,"J I, ,,~ Warsza,a, dnia 27 czerwca 1951"
DU,1951,35,1951-06-30,obraz+parser,1951-06-30,text:warszawa,1951-06-30,1951-06-30,DU/1951/266,10,10,"POLSKIE J Warszawa, dnia 30 czerwca 1951"
DU,1951,36,1951-07-11,parser+ocr300,1951-07-11,text:warszawa,1951-07-11,,DU/1951/276,4,4,"POLl'TE'J Warszawa, dnia 11 lipca 1951"
DU,1951,37,1951-07-18,parser+ocr300,1951-07-18,ocr:warszawa,1951-07-18,,DU/1951/280,3,3,"POLSKIEJ Warszawa, dnia 18 lipca 1951"
DU,1951,38,1951-07-23,parser+ocr300,1951-07-23,text:warszawa,1951-07-23,,DU/1951/283,12,12, POLSKIEJ Warszawa~ dnia 23 lipca 1951
DU,1951,39,1951-07-24,parser+ocr300,1951-07-24,text:warszawa,1951-07-24,,DU/1951/295,5,5," POLSKIEJ Warszawa, dnia 24 lipca 1951"
DU,1951,40,1951-07-30,parser+ocr300,1951-07-30,text:warszawa,1951-07-30,,DU/1951/300,8,8," POLSKIEJ Warszawa, . dnia 30 lipca 1951"
DU,1951,41,1951-08-08,parser+ocr300,1951-08-08,text:warszawa,1951-08-08,,DU/1951/308,12,12,"OL I TE J Warszawa, dnia 8 sierpnia 1951"
DU,1951,42,1951-08-13,parser+ocr300,1951-08-13,text:warszawa,1951-08-13,,DU/1951/320,6,6," POLSKIEJ Warszawa, dnia 13 sierpnia 1951"
DU,1951,43,1951-08-28,parser+ocr300,1951-08-28,text:warszawa,1951-08-28,,DU/1951/326,3,3," J~ I E J Warszawa, dnia 28 sierpnia 1951"
DU,1951,44,,bez odczytu (do obrazu),,none,,,DU/1951/329,3,3,
DU,1951,45,1951-09-01,parser+ocr300,1951-09-01,text:warszawa,1951-09-01,,DU/1951/332,7,7," POLSKIEJ Warszawa, dnia l września 1951"
DU,1951,46,1951-09-07,parser+ocr300,1951-09-07,text:warszawa,1951-09-07,,DU/1951/339,3,3,"L S KI EJ Warszawa, dnia 7 września 1951"
DU,1951,47,1951-09-08,obraz+ocr300,,none,1951-09-08,1951-09-08,DU/1951/342,7,7,
DU,1951,48,1951-09-20,parser+ocr300,1951-09-20,text:warszawa,1951-09-20,,DU/1951/349,7,7," S K'I EJ Warszawa, dnia 20 września 1951"
DU,1951,49,1951-09-24,parser+ocr300,1951-09-24,ocr:warszawa,1951-09-24,,DU/1951/356,5,5,"POLSKIEJ Warszawa, dnia 24 września 1951"
DU,1951,50,1951-09-28,parser+ocr300,1951-09-28,text:warszawa,1951-09-28,,DU/1951/361,3,3,"L l T E J Warszawa, dnia 28 września 1951"
DU,1951,51,1951-10-10,parser+ocr300,1951-10-10,text:warszawa,1951-10-10,,DU/1951/364,4,4,"SKIEJ ,/ Warszawa, dnia 10 października 1951"
DU,1951,52,1951-10-11,parser+ocr300,1951-10-11,text:warszawa,1951-10-11,,DU/1951/368,4,4," S·R l EJ Warszawa, dnia 11 października 1951"
DU,1951,53,1951-10-20,parser+ocr300,1951-10-20,text:warszawa,1951-10-20,,DU/1951/372,6,6," K I E ·j Warszawa, dnia 20 października 1951"
DU,1951,54,1951-10-22,parser+ocr300,1951-10-22,text:warszawa,1951-10-22,,DU/1951/378,4,4,"SKIEJ Ol Warszawa, dnia 22 paźdZiernika 1951"
DU,1951,55,1951-10-27,parser+ocr300,1951-10-27,ocr:warszawa,1951-10-27,,DU/1951/382,3,3,"POLSKIEJ Warszawa, dnia 27 października 1951"
DU,1951,56,1951-11-05,parser+ocr300,1951-11-05,text:warszawa,1951-11-05,,DU/1951/385,6,6," POLSKIEJ Warszawa, dnia 5 listopada 1951"
DU,1951,58,1951-11-13,parser+ocr300,1951-11-13,text:warszawa,1951-11-13,,DU/1951/399,6,6," POLSKIEJ Warszawa, dnia 13 listopada 1951"
DU,1951,59,1951-11-23,parser+ocr300,1951-11-23,text:warszawa,1951-11-23,,DU/1951/405,5,5,"OSPOLITEJ Warszawa, dnia 23 listopada 1951"
DU,1951,60,1951-11-26,parser+ocr300,1951-11-26,text:warszawa,1951-11-26,,DU/1951/410,6,6,"LS R I EJ Warszawa, dnia 26 listopada 1951"
DU,1951,61,1951-11-30,parser+ocr300,1951-11-30,text:warszawa,1951-11-30,,DU/1951/416,7,7,"OLSKIEJ • Warszawa, dnia 30 listopada 1951"
DU,1951,62,1951-12-13,parser+ocr300,1951-12-13,text:warszawa,1951-12-13,,DU/1951/423,7,7," POLSKIEJ Warszawa, dnia 13 grudnia 1951"
DU,1951,63,1951-12-15,parser+ocr300,1951-12-15,text:warszawa,1951-12-15,,DU/1951/430,6,6," LS.K lEJ Warszawa, dnia l5 grudnia 1951"
DU,1951,64,1951-12-22,parser+ocr300,1951-12-22,text:warszawa,1951-12-22,,DU/1951/436,9,9," POLSKIEJ Warszawa, dnia 22 grudnia 1951"
DU,1951,65,1951-12-28,parser+ocr300,1951-12-28,text:warszawa,1951-12-28,,DU/1951/445,7,7," POLSKIEJ Warszawa, dnia 28 grudnia 1951"
DU,1951,66,1951-12-29,parser+ocr300,1951-12-29,text:warszawa,1951-12-29,,DU/1951/452,13,13," POLSKIEJ Warszawa, dnia 29 grudnia 1951"
DU,1951,67,1951-12-31,obraz+parser,1951-12-31,text:warszawa,1951-12-31,1951-12-31,DU/1951/465,4,4," POLSKIEJ Warszawa, dnia 31 grudnia 1951"
DU,1952,1,1952-01-04,parser+ocr300,1952-01-04,text:warszawa,1952-01-04,,DU/1952/1,8,8," .Il S Warszawa, dnia 4 stycznia 1952"
DU,1952,2,1952-01-16,parser+ocr300,1952-01-16,text:warszawa,1952-01-16,,DU/1952/9,4,4,"POLS1\IEJ Warszawa, dnia 16 stycznia 1952"
DU,1952,3,1952-01-22,parser+ocr300,1952-01-22,text:warszawa,1952-01-22,,DU/1952/13,12,12,"'POLSKIEJ Warszawa, dnia 22 stycznia 1952"
DU,1952,4,1952-01-31,parser+ocr300,1952-01-31,text:warszawa,1952-01-31,,DU/1952/25,9,9," POLSKIEJ Warszawa, dnia 31 stycznia 1952"
DU,1952,5,1952-02-04,parser+ocr300,1952-02-04,text:warszawa,1952-02-04,,DU/1952/34,4,4, POLSKIEJ Warszawa. dnia 4 lutego 1952
DU,1952,6,1952-02-07,parser+ocr300,1952-02-07,text:warszawa,1952-02-07,,DU/1952/38,3,3," POLSKIEJ Warszarna, dnia 7 lutego 1952"
DU,1952,7,1952-02-13,parser+ocr300,1952-02-13,text:warszawa,1952-02-13,,DU/1952/41,5,5,"OLS K IEJ Warszawa, dnia 13 lutego 1952"
DU,1952,8,1952-02-15,parser+ocr300,1952-02-15,text:warszawa,1952-02-15,,DU/1952/46,2,2," POLSKIEJ Warszawa, dnia 15 lutego 1952"
DU,1952,9,1952-02-23,parser+ocr300,1952-02-23,ocr:warszawa,1952-02-23,,DU/1952/48,4,4,"LSRIEJ * Warszawa, dnia 23 lutego 1952"
DU,1952,10,1952-02-29,obraz×2,,none,,1952-02-29 1952-02-29,DU/1952/52,11,11,
DU,1952,11,,bez odczytu (do obrazu),,none,,,DU/1952/63,8,8,
DU,1952,12,1952-03-14,parser+ocr300,1952-03-14,text:warszawa,1952-03-14,,DU/1952/71,6,6," S'K I EJ Warszawa, dnia 14 marca 1952"
DU,1952,13,1952-03-26,parser+ocr300,1952-03-26,text:warszawa,1952-03-26,,DU/1952/77,7,5," POLSKIEJ Warszawa, dnia 26 marca 1952"
DU,1952,14,1952-03-28,parser+ocr300,1952-03-28,text:warszawa,1952-03-28,,DU/1952/84,7,7," POLSKIEJ Warszawa, dnia 28 marca 1952"
DU,1952,15,1952-03-31,parser+ocr300,1952-03-31,ocr:warszawa,1952-03-31,,DU/1952/91,5,5,"POLSKIEJ Warszatva, dnia 31 marca 1952"
DU,1952,16,1952-04-05,parser+ocr300,1952-04-05,text:warszawa,1952-04-05,,DU/1952/96,4,4, POLSKIEJ Warszawa. dnia 5 kwietnia 1952
DU,1952,17,1952-04-11,obraz+parser,1952-04-11,ocr:warszawa,1952-04-11,1952-04-11,DU/1952/100,8,8,"POLSKIEJ Warszawa, dnia 11 kwietnia 1952"
DU,1952,18,1952-04-12,parser+ocr300,1952-04-12,ocr:warszawa,1952-04-12,,DU/1952/108,5,5,"OLSKRIEJ Warszawa, dnia 12 kwietnia 1952"
DU,1952,19,1952-04-26,parser+ocr300,1952-04-26,text:warszawa,1952-04-26,,DU/1952/113,15,15," POLSKIEJ Warszawa, dnia 26 kwietnia 1952"
DU,1952,20,1952-04-29,parser+ocr300,1952-04-29,ocr:warszawa,1952-04-29,,DU/1952/128,5,5,"OTLSRLEJ Warszawa, dnia 29 kwietnia 1952"
DU,1952,21,1952-05-05,parser+ocr300,1952-05-05,ocr:warszawa,1952-05-05,,DU/1952/133,9,9,"AEJ o a Warszawa, dnia 5 maja 1952"
DU,1952,22,1952-05-05,parser+ocr300,1952-05-05,text:warszawa,1952-05-05,,DU/1952/142,3,3," POLSKLEJ Warszawa, dnia 5 maja 1952"
DU,1952,23,1952-05-13,parser+ocr300,1952-05-13,ocr:warszawa,1952-05-13,,DU/1952/145,17,17,"POLSKIEJ Warszawa, dnia 13 maja 1952"
DU,1952,24,1952-05-17,parser+ocr300,1952-05-17,text:warszawa,1952-05-17,,DU/1952/162,7,7, POLSKIEJ Warszawa. dnia 17 maja 1952
DU,1952,25,1952-05-22,parser+ocr300,1952-05-22,text:warszawa,1952-05-22,,DU/1952/169,8,8,"LSKIEJ / WarszaUJa, dnia 22 maja 1952"
DU,1952,26,1952-05-24,parser+ocr300,1952-05-24,text:warszawa,1952-05-24,,DU/1952/177,6,6," POLSKIEJ Warszama, dnia 24 maja 1952"
DU,1952,27,1952-05-31,parser+ocr300,1952-05-31,text:warszawa,1952-05-31,,DU/1952/183,7,7," POLSKIEJ Warszawa, dnia 31 maja 1952"
DU,1952,28,1952-06-11,parser+ocr300,1952-06-11,ocr:warszawa,1952-06-11,,DU/1952/190,4,4,"OLSKIEJ] Warszawa, dnia 1l czerwca 1952"
DU,1952,29,1952-06-25,parser+ocr300,1952-06-25,text:warszawa,1952-06-25,,DU/1952/194,8,8,"OLSK I EJ Warszawa, dnia 25 czerwca 1952"
DU,1952,30,1952-06-30,parser+ocr300,1952-06-30,text:warszawa,1952-06-30,,DU/1952/202,4,4," POLSKIEJ Warszawa, dnia 30 czerwca 1952"
DU,1952,31,1952-07-15,parser+ocr300,1952-07-15,text:warszawa,1952-07-15,,DU/1952/206,8,8," POLSKJEJ Warszawa, dnia 15 lipca 1952"
DU,1952,32,1952-07-21,parser+ocr300,1952-07-21,ocr:warszawa,1952-07-21,,DU/1952/214,18,18,"POLSKIEJ Warszawa, dnia 21 lipca 1952"
DU,1952,33,1952-07-23,obraz+parser,1952-07-23,text:warszawa,1952-07-23,1952-07-23,DU/1952/232,2,2,J LUDOWEJ Warszawa. dnia 23 lipca 1952
DU,1952,34,1952-07-31,parser+ocr300,1952-07-31,ocr:warszawa,1952-07-31,,DU/1952/234,12,12," LUDOWEJ Warszawa, dnia 31 lipca 1952"
DU,1952,35,1952-08-05,parser+ocr300,1952-08-05,text:warszawa,1952-08-05,,DU/1952/246,2,2,"J LUDOWEJ Warszawa, dnia 5 sierpnia 1952"
DU,1952,36,1952-08-13,parser+ocr300,1952-08-13,ocr:warszawa,1952-08-13,,DU/1952/248,7,7," LUDOWEJ Warszawa, dnia 13 sierpnia 1952"
DU,1952,37,,bez odczytu (do obrazu),,none,,,DU/1952/255,6,6,
DU,1952,38,1952-09-13,obraz+parser,1952-09-13,ocr:warszawa,1952-09-13,1952-09-13,DU/1952/261,9,9," LUDOWEJ Warszawa, dnia 13 września 1952"
DU,1952,39,1952-09-27,parser+ocr300,1952-09-27,ocr:warszawa,1952-09-27,,DU/1952/270,6,6," LUDOWEJ Warszawa, dnia 27 września 1952"
DU,1952,40,1952-10-10,parser+ocr300,1952-10-10,ocr:warszawa,1952-10-10,,DU/1952/276,2,2," LUDOWEJ Warszawa, dnia 10 października 1952"
DU,1952,41,1952-10-21,parser+ocr300,1952-10-21,ocr:warszawa,1952-10-21,,DU/1952/278,13,13," LUDOWEJ Warszawa, dnia 21 października 1952"
DU,1952,42,1952-10-29,parser+ocr300,1952-10-29,text:warszawa,1952-10-29,,DU/1952/291,6,6," LUDOvVEJ Warszawa, dnia 29 października 1952"
DU,1952,43,1952-11-06,parser+ocr300,1952-11-06,ocr:warszawa,1952-11-06,,DU/1952/297,3,3," LUDOWEJ Warszawa, dnia 6 listopada 1952"
DU,1952,44,1952-11-12,parser+ocr300,1952-11-12,text:warszawa,1952-11-12,,DU/1952/300,4,4," LUDOWEJ \Varszarua, dnia 12 listopada 1952"
DU,1952,45,1952-11-17,parser+ocr300,1952-11-17,text:warszawa,1952-11-17,,DU/1952/304,5,5,"J LUDOWEJ Warszawa, dnia 17 listopada 1952"
DU,1952,46,1952-12-01,parser+ocr300,1952-12-01,text:warszawa,1952-12-01,,DU/1952/309,7,6,"J LUDOWEJ Warszama, dnia l grudnia 1952"
DU,1952,47,1952-12-12,parser+ocr300,1952-12-12,text:warszawa,1952-12-12,,DU/1952/316,2,2,"UDOWEJ , \Varszawa, dnia 12 grudnia 1952"
DU,1952,48,1952-12-17,parser+ocr300,1952-12-17,text:warszawa,1952-12-17,,DU/1952/318,6,6,"UDO\VEJ \iVarszaUJa, dnia 17 grudnia 1952"
DU,1952,49,1952-12-23,parser+ocr300,1952-12-23,text:warszawa,1952-12-23,,DU/1952/324,6,6,", LUDOWEJ Warszawa, dnia 23 grudnia 1952"
DU,1952,50,1952-12-24,parser+ocr300,1952-12-24,text:warszawa,1952-12-24,,DU/1952/330,5,5,"LU'D OWEJ Warszawa, dnia 24 grudnia 1952"
DU,1952,51,1952-12-27,parser+ocr300,1952-12-27,text:warszawa,1952-12-27,,DU/1952/335,4,4,"J LUDOWEJ Warszawa, dnia 27 grudnia 1952"
DU,1952,52,1952-12-30,parser+ocr300,1952-12-30,text:warszawa,1952-12-30,,DU/1952/339,7,7,"J LUDOWEJ Warszawa, dnia 30 grudnia 1952"
DU,1952,53,1952-12-31,parser+ocr300,1952-12-31,text:warszawa,1952-12-31,,DU/1952/346,4,4,"J LUDOWEJ Warszawa, dnia 31 grudnia 1952"
DU,1953,1,1953-01-08,parser+ocr300,1953-01-08,ocr:warszawa,1953-01-08,,DU/1953/1,1,1," LUDOWEJ Warszawa, dnia 8 stycznia 1953"
DU,1953,2,1953-01-10,obraz+parser,1953-01-10,ocr:warszawa,,1953-01-10,DU/1953/2,2,2," LUDOWEJ Warszawa, dnia 10 stycznia 1953"
DU,1953,3,1953-01-15,parser+ocr300,1953-01-15,text:warszawa,1953-01-15,,DU/1953/4,3,3,"J LUDOWEJ Warszawa, dnia 15 stycznia 1953"
DU,1953,4,1953-01-16,parser+ocr300,1953-01-16,ocr:warszawa,1953-01-16,,DU/1953/7,1,1," LUDOWEJ Warszawa, dnia 16 stycznia 1953"
DU,1953,5,1953-01-20,parser+ocr300,1953-01-20,text:warszawa,1953-01-20,,DU/1953/8,5,5,"J LUDOWEJ Warszawa, dnia 20 stycznia 1953"
DU,1953,6,1953-01-23,parser+ocr300,1953-01-23,text:warszawa,1953-01-23,,DU/1953/13,3,3," LUDOWEJ \Varszawa, dnia 23 stycznia 1953"
DU,1953,7,1953-01-26,parser+ocr300,1953-01-26,ocr:warszawa,1953-01-26,,DU/1953/16,4,4," LUDOWEJ Warszawa, dnia 26 stycznia 1953"
DU,1953,8,1953-01-31,parser+ocr300,1953-01-31,text:warszawa,1953-01-31,,DU/1953/20,6,6,"J LUDOWEJ Warszawa, dnia 31 stycznia 1953"
DU,1953,9,1953-02-07,parser+ocr300,1953-02-07,ocr:warszawa,1953-02-07,,DU/1953/26,5,5," LUDOWEJ Warszawa, dnia 7 lutego 1953"
DU,1953,10,1953-02-10,parser+ocr300,1953-02-10,text:warszawa,1953-02-10,,DU/1953/31,9,9," LUDO\VEJ Warszawa, dnia 10 lutego 1953"
DU,1953,11,1953-02-14,parser+ocr300,1953-02-14,text:warszawa,1953-02-14,,DU/1953/40,4,4,"J LUDOWEJ Warszawa, dnia 14 lutego 1953"
DU,1953,12,1953-02-27,parser+ocr300,1953-02-27,text:warszawa,1953-02-27,,DU/1953/44,7,7,"LUDO\tVEJ Warszawa, dnia 27 lutego 1953"
DU,1953,13,1953-03-08,parser+ocr300,1953-03-08,text:warszawa,1953-03-08,,DU/1953/51,4,4," LUDOvVEJ Warszawa, dnia 8 marca 1953"
DU,1953,14,1953-03-13,parser+ocr300,1953-03-13,text:warszawa,1953-03-13,,DU/1953/55,6,6,"J LUDOWEJ Warszawa, dnia 13 marca 1953"
DU,1953,15,1953-03-16,parser+ocr300,1953-03-16,text:warszawa,1953-03-16,,DU/1953/61,2,2,"J LUDOWEJ Warszawa, dnia 16 marca 1953"
DU,1953,16,1953-03-19,parser+ocr300,1953-03-19,text:warszawa,1953-03-19,,DU/1953/63,5,5," LUDOvVEJ WarszalUa, dnia 19 marca 1953"
DU,1953,17,1953-03-23,parser+ocr300,1953-03-23,text:warszawa,1953-03-23,,DU/1953/68,2,2,"J LUDOWEJ WarszaUJa, dnia 23 marca 1953"
DU,1953,18,1953-03-30,parser+ocr300,1953-03-30,text:warszawa,1953-03-30,,DU/1953/70,4,4,"J LUDOWEJ Warszawa, dnia 30 marca 1953"
DU,1953,19,1953-03-31,parser+ocr300,1953-03-31,text:warszawa,1953-03-31,,DU/1953/74,3,3,"J LUDOWEJ Warszawa, dnia 31 marca 1953"
DU,1953,20,1953-04-09,parser+ocr300,1953-04-09,ocr:warszawa,1953-04-09,,DU/1953/77,2,2," LUDOWEJ Warszawa, dnia 9 kwietnia 1953"
DU,1953,21,1953-04-13,parser+ocr300,1953-04-13,text:warszawa,1953-04-13,,DU/1953/79,5,5,"J LUDOWEJ Warszawa, dnia 13 kwietnia 1953"
DU,1953,22,1953-04-23,obraz+parser,1953-04-23,ocr:warszawa,,1953-04-23,DU/1953/84,6,6," LUDOWEJ Warszawa, dnia 23 kwietnia 1953"
DU,1953,23,1953-04-24,parser+ocr300,1953-04-24,ocr:warszawa,1953-04-24,,DU/1953/90,6,6," LUDOWEJ Warszawa, dnia 24 kwietnia 1953"
DU,1953,24,1953-04-30,parser+ocr300,1953-04-30,text:warszawa,1953-04-30,,DU/1953/96,2,2,"J LUDOWEJ WarszaUJa, dnia 30 kwietnia 1953"
DU,1953,25,1953-05-04,parser+ocr300,1953-05-04,text:warszawa,1953-05-04,,DU/1953/98,3,3,"J LUDOWEJ Warszawa, dnia 4 maja 1953"
DU,1953,26,1953-05-09,parser+ocr300,1953-05-09,text:warszawa,1953-05-09,,DU/1953/101,3,3," LUDO\VEJ Warszawa, dnia 9 maja 1953"
DU,1953,27,1953-05-23,parser+ocr300,1953-05-23,text:warszawa,1953-05-23,,DU/1953/104,5,5,"J LUDOWEJ Warszawa, dnia 23 maja 1953"
DU,1953,28,1953-05-30,parser+ocr300,1953-05-30,text:warszawa,1953-05-30,,DU/1953/109,4,4,"J LUDOWEJ Warszawa, dnia 30 maja 1953"
DU,1953,29,1953-06-01,parser+ocr300,1953-06-01,text:warszawa,1953-06-01,,DU/1953/113,1,1, LUDO'WEJ Warszawa. dnia l czerwca 1953
DU,1953,30,1953-06-12,parser+ocr300,1953-06-12,ocr:warszawa,1953-06-12,,DU/1953/114,8,8," LUDOWEJ Warszawa, dnia 12 czerwca 1953"
DU,1953,31,1953-06-13,parser+ocr300,1953-06-13,ocr:warszawa,1953-06-13,,DU/1953/122,5,5," LUDOWEJ Warszawa, dnia 13 czerwca 1953"
DU,1953,32,1953-06-27,parser+ocr300,1953-06-27,text:warszawa,1953-06-27,,DU/1953/127,6,6,"J LUDOWEJ Warszawa, dnia 27 czerwca 1953"
DU,1953,33,1953-07-04,parser+ocr300,1953-07-04,text:warszawa,1953-07-04,,DU/1953/133,9,9," LUDOWEJ \Varszawa, dnia 4 lipca 1953"
DU,1953,34,1953-07-07,parser+ocr300,1953-07-07,ocr:warszawa,1953-07-07,,DU/1953/142,4,4," LUDOWEJ Warszawa, dnia 7 lipca 1953"
DU,1953,35,1953-07-17,parser+ocr300,1953-07-17,text:warszawa,1953-07-17,,DU/1953/146,7,7,"J LUDOWEJ Warszawa, dnia 17 lipca 1953"
DU,1953,36,1953-07-27,parser+ocr300,1953-07-27,text:warszawa,1953-07-27,,DU/1953/153,2,2," LUDOWEJ \Varszawa, dnia 27 lipca 1953"
DU,1953,37,1953-08-07,obraz+parser,1953-08-07,ocr:warszawa,1953-08-07,1953-08-07,DU/1953/155,4,4," LUDOWEJ Warszawa, dnia 7 sierpnia 1953"
DU,1953,38,1953-08-18,parser+ocr300,1953-08-18,ocr:warszawa,1953-08-18,,DU/1953/159,11,11,"UDOWEJ . Warszawa, dnia 18 sierpnia 1953"
DU,1953,39,1953-08-25,parser+ocr300,1953-08-25,text:warszawa,1953-08-25,,DU/1953/170,3,3,"J LUDOWEJ Warszawa, dnia 25 sierpnia 1953"
DU,1953,40,1953-09-03,parser+ocr300,1953-09-03,text:warszawa,1953-09-03,,DU/1953/173,6,6,"J LUDOWEJ Warszawa, dnia 3 września 1953"
DU,1953,41,1953-09-12,parser+ocr300,1953-09-12,ocr:warszawa,1953-09-12,,DU/1953/179,19,19," LUDOWEJ Warszawa, dnia 12 września 1953"
DU,1953,42,1953-09-21,parser+ocr300,1953-09-21,text:warszawa,1953-09-21,,DU/1953/198,12,12,LUD()WE.J Warszawa. dnia 21 września 1953
DU,1953,43,1953-09-30,parser+ocr300,1953-09-30,text:warszawa,1953-09-30,,DU/1953/210,6,6, LUDOWEJ \Varszawa. dnia 30 września 1953
DU,1953,44,1953-10-05,parser+ocr300,1953-10-05,text:warszawa,1953-10-05,,DU/1953/216,2,2,"J LUDOWEJ Warszawa, dnia 5 października 1953"
DU,1953,45,1953-10-15,parser+ocr300,1953-10-15,text:warszawa,1953-10-15,,DU/1953/218,5,5,() \tv EJ Warszawa. dnia 15 października 1953
DU,1953,46,1953-10-24,parser+ocr300,1953-10-24,text:warszawa,1953-10-24,,DU/1953/223,9,9,"J LUDOWEJ Warszawa, dnia 24 października 1953"
DU,1953,47,1953-10-30,parser+ocr300,1953-10-30,text:warszawa,1953-10-30,,DU/1953/232,2,2," 'LUDOWEJ Warszawa, dnia 30 października 1953"
DU,1953,48,1953-11-16,parser+ocr300,1953-11-16,ocr:warszawa,1953-11-16,,DU/1953/234,5,5,"DOWEJ - Warszawa, dnia 16 listopada 1953"
DU,1953,49,1953-12-02,parser+ocr300,1953-12-02,ocr:warszawa,1953-12-02,,DU/1953/239,5,5," LUDOWEJ Warszawa, dnia 2 grudnia 1953"
DU,1953,50,1953-12-11,parser+ocr300,1953-12-11,ocr:warszawa,1953-12-11,,DU/1953/244,11,11," LUDOWEJ Warszawa, dnia 11 grudnia 1953"
DU,1953,51,1953-12-31,parser+ocr300,1953-12-31,text:warszawa,1953-12-31,,DU/1953/255,8,8,"LUDOWEJ '\Varszawa, dnia 31 grudnia 1953"
DU,1954,1,1954-01-02,parser+ocr300,1954-01-02,ocr:warszawa,1954-01-02,,DU/1954/1,3,3," LUDOWEJ Warszawa, dnia 2 stycznia 1954"
DU,1954,2,1954-01-09,parser+ocr300,1954-01-09,text:warszawa,1954-01-09,,DU/1954/4,2,2,"J LUDOWEJ Warszawa, dnia 9 stycznia 1954"
DU,1954,3,1954-01-15,parser+ocr300,1954-01-15,text:warszawa,1954-01-15,,DU/1954/6,2,2," 'LUDOWEJ Warszawa, dnia 15 stycznia 1954"
DU,1954,4,1954-01-19,parser+ocr300,1954-01-19,text:warszawa,1954-01-19,,DU/1954/8,4,4,"J LUDOWEJ Warszawa, dnia 19 stycznia 1954"
DU,1954,5,1954-02-03,parser+ocr300,1954-02-03,text:warszawa,1954-02-03,,DU/1954/12,3,3," LUDOWEJ \Varszawa, dnia 3 lutego 1954"
DU,1954,6,1954-02-04,parser+ocr300,1954-02-04,ocr:warszawa,1954-02-04,,DU/1954/15,6,6," LUDOWEJ Warszawa, dnia 4 lutego 1954"
DU,1954,7,1954-02-08,parser+ocr300,1954-02-08,text:warszawa,1954-02-08,,DU/1954/21,5,5,"DOvVEJ / Warszawa, dnia 8 lutego 1954"
DU,1954,8,1954-02-09,parser+ocr300,1954-02-09,text:warszawa,1954-02-09,,DU/1954/26,1,1,"O\VEJ I Warszawa, dnia 9 lutego 1954"
DU,1954,9,1954-02-23,parser+ocr300,1954-02-23,ocr:warszawa,1954-02-23,,DU/1954/27,8,8," LUDOWEJ Warszawa, dnia 23 lutego 1954"
DU,1954,10,1954-03-01,parser+ocr300,1954-03-01,ocr:warszawa,1954-03-01,,DU/1954/35,3,3,"J LUDOWEJ Warszawa, dnia I marca 1954"
DU,1954,11,1954-03-11,parser+ocr300,1954-03-11,ocr:warszawa,1954-03-11,,DU/1954/38,3,3," LUDOWEJ Warszawa, dnia 11 marca 1954"
DU,1954,12,1954-03-27,parser+ocr300,1954-03-27,text:warszawa,1954-03-27,,DU/1954/41,6,6,"J Nr 12 Warszawa, dnia 27 marca 1954"
DU,1954,13,1954-04-03,parser+ocr300,1954-04-03,text:warszawa,1954-04-03,,DU/1954/47,5,5,"J LUDOWEJ Warszawa, dnia 3 kwietnia 1954"
DU,1954,14,1954-04-12,parser+ocr300,1954-04-12,ocr:warszawa,1954-04-12,,DU/1954/52,4,4," LUDOWEJ Warzsawa, dnia 12 kwietnia 1954"
DU,1954,15,1954-04-16,parser+ocr300,1954-04-16,text:warszawa,1954-04-16,,DU/1954/56,3,3,"-- --'- \Varszawa, dnia 16 kwietnia 1954"
DU,1954,16,1954-04-21,parser+ocr300,1954-04-21,text:warszawa,1954-04-21,,DU/1954/59,3,3,"J LUDOWEJ Warszawa, dnia 21 kwietnia 1954"
DU,1954,17,1954-04-24,parser+ocr300,1954-04-24,text:warszawa,1954-04-24,,DU/1954/62,6,6," _ - - - Warszawa, dnia 24 kwietnia 1954"
DU,1954,19,1954-04-29,parser+ocr300,1954-04-29,text:warszawa,1954-04-29,,DU/1954/72,3,3,"J LUDOWEJ Warszawa, dnia 29 kwietnia 1954"
DU,1954,20,1954-04-30,parser+ocr300,1954-04-30,ocr:warszawa,1954-04-30,,DU/1954/75,1,1," LUDOWEJ Warszawa, dnia 30 kwietnia 1954"
DU,1954,21,1954-05-06,parser+ocr300,1954-05-06,text:warszawa,1954-05-06,,DU/1954/76,2,2,"UDOWE,T , Warszawa, dnia 6 maja 1954"
DU,1954,22,1954-05-12,parser+ocr300,1954-05-12,text:warszawa,1954-05-12,,DU/1954/78,4,4,"-- -_. - Warszawa, dnia 12 maja 1954"
DU,1954,23,1954-05-15,parser+ocr300,1954-05-15,ocr:warszawa,1954-05-15,,DU/1954/82,5,5," ""Nr 23 Warszawa, dnia 15 maja 1954"
DU,1954,24,1954-05-27,parser+ocr300,1954-05-27,ocr:warszawa,1954-05-27,,DU/1954/87,6,6," LUDOWEJ Warszawa, dnia 27 maja 1954"
DU,1954,25,1954-06-09,parser+ocr300,1954-06-09,text:warszawa,1954-06-09,,DU/1954/93,10,10,"J LUDOWEJ Warszawa, dnia 9 czerwca 1954"
DU,1954,26,1954-06-11,parser+ocr300,1954-06-11,text:warszawa,1954-06-11,,DU/1954/103,4,4,"- Nr 26 Warszawa, dnia II czerwca 1954"
DU,1954,27,1954-06-14,parser+ocr300,1954-06-14,ocr:warszawa,1954-06-14,,DU/1954/107,2,2," LUDOWEJ Warszawa, dnia 14 czerwca 1954"
DU,1954,28,1954-06-16,parser+ocr300,1954-06-16,text:warszawa,1954-06-16,,DU/1954/109,1,1,"DOWEJ ... Warszawa, dnia 16 czerwca 1954"
DU,1954,29,1954-06-29,parser+ocr300,1954-06-29,ocr:warszawa,1954-06-29,,DU/1954/110,6,6," LUDOWEJ Warszawa, dnia 29 czerwca 1954"
DU,1954,30,1954-06-30,parser+ocr300,1954-06-30,text:warszawa,1954-06-30,,DU/1954/116,4,4,"LUDOWEJ , Warszawa, dnia 30 czerwca 1954"
DU,1954,31,1954-07-07,parser+ocr300,1954-07-07,text:warszawa,1954-07-07,,DU/1954/120,8,8,"J LUDOWEJ Warszawa, dnia 7 lipca 1954"
DU,1954,32,1954-07-17,parser+ocr300,1954-07-17,text:warszawa,1954-07-17,,DU/1954/128,8,8,"_ Nr 32 Warszawa, dnia 17 lipca 1954"
DU,1954,33,1954-07-20,parser+ocr300,1954-07-20,text:warszawa,1954-07-20,,DU/1954/136,6,6,"LUDOvVEJ \Varszama, dnia 20 lipca 1954"
DU,1954,34,1954-07-21,parser+ocr300,1954-07-21,text:warszawa,1954-07-21,,DU/1954/142,3,3,"Nr 34 , \Var'szawa, dnia 21 lipca 1954"
DU,1954,35,1954-07-28,parser+ocr300,1954-07-28,ocr:warszawa,1954-07-28,,DU/1954/145,7,7," LUDOWEJ Warszawa, dnia 28 lipca 1954"
DU,1954,36,1954-08-12,parser+ocr300,1954-08-12,text:warszawa,1954-08-12,,DU/1954/152,7,7,"-- Nr 36 Warszawa, dnia 12 sierpnia 1954"
DU,1954,37,1954-08-25,obraz+parser,1954-08-25,text:warszawa,1954-08-25,1954-08-25,DU/1954/159,7,7,"J Nr 37 Warszawa, dnia 25 sierpnia 1954"
DU,1954,38,1954-08-31,parser+ocr300,1954-08-31,text:warszawa,1954-08-31,,DU/1954/166,4,4," Nr 38 \Varszawa, dnia 31 sierpnia 1954"
DU,1954,39,1954-09-02,parser+ocr300,1954-09-02,text:warszawa,1954-09-02,,DU/1954/170,4,4,"UDOWEJ ""\Varszawa, dnia 2 września 1954"
DU,1954,40,1954-09-11,parser+ocr300,1954-09-11,text:warszawa,1954-09-11,,DU/1954/174,7,7,"LUDOVVEJ 'Varszawa, dnia II września 1954"
DU,1954,41,1954-09-22,parser+ocr300,1954-09-22,text:warszawa,1954-09-22,,DU/1954/181,6,6,"J LUDOWEJ Warszawa, dnia 22 września 1954"
DU,1954,42,1954-09-27,parser+ocr300,1954-09-27,text:warszawa,1954-09-27,,DU/1954/187,3,3,"J LUDOWEJ Warszawa, dnia 27 września 1954"
DU,1954,43,1954-09-29,parser+ocr300,1954-09-29,text:warszawa,1954-09-29,,DU/1954/190,4,4,"T Nr 43 Warszawa, dnia 29 września 1954"
DU,1954,44,1954-09-30,parser+ocr300,1954-09-30,text:warszawa,1954-09-30,,DU/1954/194,16,16,"OSPOLITEJ Warszawa, dnia 30 września 1954"
DU,1954,45,1954-10-05,parser+ocr300,1954-10-05,text:warszawa,1954-10-05,,DU/1954/210,6,6,"EJ Nr45 Warszawa, dnia 5 października 1954"
DU,1954,46,1954-10-12,parser+ocr300,1954-10-12,text:warszawa,1954-10-12,,DU/1954/216,7,7," LUDO\VEJ Warszawa, dnia 12 października 1954"
DU,1954,47,1954-10-29,parser+ocr300,1954-10-29,ocr:warszawa,1954-10-29,,DU/1954/223,6,6,"Warszawa, dnia 29 października 1954"
DU,1954,48,1954-11-04,parser+ocr300,1954-11-04,text:warszawa,1954-11-04,,DU/1954/229,3,3," Nr 48 \Varszawa, dnia 4 listopada 1954"
DU,1954,49,1954-11-13,parser+ocr300,1954-11-13,text:warszawa,1954-11-13,,DU/1954/232,23,23," LUDOWE.r Warszawa, dnia 13 listopada 1954"
DU,1954,50,1954-11-15,parser+ocr300,1954-11-15,text:warszawa,1954-11-15,,DU/1954/255,3,3,"-- -- .. Warszawa, dnia 15 listopada 1954"
DU,1954,51,1954-11-16,parser+ocr300,1954-11-16,text:warszawa,1954-11-16,,DU/1954/258,2,2," LUDOWEJ \Varszawa, dnia 16 listopada 1954"
DU,1954,52,1954-11-18,parser+ocr300,1954-11-18,text:warszawa,1954-11-18,,DU/1954/260,3,3,"J LUDOWEJ Warszawa, dnia 18 listopada 1954"
DU,1954,53,1954-11-30,parser+ocr300,1954-11-30,text:warszawa,1954-11-30,,DU/1954/263,5,5," LUDOvVEJ Warszawa, dnia 30 listopada 1954"
DU,1954,54,1954-12-14,parser+ocr300,1954-12-14,ocr:warszawa,1954-12-14,,DU/1954/268,4,4," LUDOWEJ Warszawa, dnia 14 grudnia 1954"
DU,1954,55,1954-12-16,parser+ocr300,1954-12-16,text:warszawa,1954-12-16,,DU/1954/272,6,6,"J LUDOWEJ Warszawa, dnia 16 grudnia 1954"
DU,1954,56,1954-12-17,parser+ocr300,1954-12-17,ocr:warszawa,1954-12-17,,DU/1954/278,4,4," LUDOWEJ Warszawa, dnia 17 grudnia 1954"
DU,1955,1,1955-01-18,parser+ocr300,1955-01-18,text:warszawa,1955-01-18,,DU/1955/1,7,7," LUDOWEJ: Warszawa, dnia 18 stycznia 1955"
DU,1955,2,1955-01-22,parser+ocr300,1955-01-22,ocr:warszawa,1955-01-22,,DU/1955/8,9,9,"| Warszawa, dnia 22 stycznia 1955"
DU,1955,3,1955-01-29,parser+ocr300,1955-01-29,text:warszawa,1955-01-29,,DU/1955/17,6,6,"J Nr ·3 Warszawa, dnia 29 stycznia 1955"
DU,1955,4,1955-02-04,parser+ocr300,1955-02-04,text:warszawa,1955-02-04,,DU/1955/23,5,5,"EJ Nr 4 Warszawa, dnia 4 lutego 1955"
DU,1955,5,1955-02-05,parser+ocr300,1955-02-05,ocr:warszawa,1955-02-05,,DU/1955/28,3,3,"OWEJ | t Warszawa, dnia 5 lutego 1955"
DU,1955,6,1955-02-15,parser+ocr300,1955-02-15,text:warszawa,1955-02-15,,DU/1955/31,10,10,"UDOWEJ "" Warszawa, dnia 15 lutego 1955"
DU,1955,7,1955-02-18,parser+ocr300,1955-02-18,text:warszawa,1955-02-18,,DU/1955/41,7,7,"J LUDOWEJ Warszawa, dnia 18 lutego 1955"
DU,1955,8,1955-02-26,parser+ocr300,1955-02-26,text:warszawa,1955-02-26,,DU/1955/48,4,4,"J LUDOWEJ WarsżaUJa, dnia 26 lutego 1955"
DU,1955,9,1955-02-28,parser+ocr300,1955-02-28,ocr:warszawa,1955-02-28,,DU/1955/52,11,11," LUDOWEJ Warszawa, dnia 28 lutego 1955"
DU,1955,10,1955-03-09,parser+ocr300,1955-03-09,text:warszawa,1955-03-09,,DU/1955/63,3,3,"? Nr 10 Warszawa, dnia 9 marca 1955"
DU,1955,11,1955-03-14,parser+ocr300,1955-03-14,text:warszawa,1955-03-14,,DU/1955/66,4,4,", LUDOWEJ Warszawa, dnia 14 marca 1955"
DU,1955,12,1955-03-15,parser+ocr300,1955-03-15,ocr:warszawa,1955-03-15,,DU/1955/70,4,4," LUDOWEJ Warszawa, dnia 15 marca 1955"
DU,1955,13,1955-03-23,parser+ocr300,1955-03-23,text:warszawa,1955-03-23,,DU/1955/74,7,7," LUDOWE.T Warszawa, dnia 23 marca 1955"
DU,1955,14,1955-03-29,parser+ocr300,1955-03-29,ocr:warszawa,1955-03-29,,DU/1955/81,1,1,"UDOWEJ A Warszawa, dnia 29 marca 1955"
DU,1955,15,1955-04-12,parser+ocr300,1955-04-12,ocr:warszawa,1955-04-12,,DU/1955/82,4,4," LUDOWEJ Warszawa, dnia 12 kwietnia 1955"
DU,1955,16,1955-04-18,parser+ocr300,1955-04-18,text:warszawa,1955-04-18,,DU/1955/86,3,3," Nr '16 Warszawa, dnia 18 kwietnia 1955"
DU,1955,17,1955-04-22,parser+ocr300,1955-04-22,text:warszawa,1955-04-22,,DU/1955/89,16,16," ., , • Warszawa, dnia 22 kwietnia 1955"
DU,1955,18,1955-04-29,parser+ocr300,1955-04-29,text:warszawa,1955-04-29,,DU/1955/105,9,9,"J LUDOWEJ Warszawa, dnia 29 kwietnia 1955"
DU,1955,19,1955-05-14,obraz+parser,1955-05-14,ocr:warszawa,1955-05-14,1955-05-14,DU/1955/114,11,11,"czących „Warszawa, dnia 14 maja 1955"
DU,1955,20,1955-05-21,parser+ocr300,1955-05-21,text:warszawa,1955-05-21,,DU/1955/125,10,10," LUDO\VEJ Warszawa, dnia 21 maja 1955"
DU,1955,21,1955-05-31,obraz+parser (trzeci odczyt inny),1955-05-31,text:warszawa,1955-05-01,1955-05-31,DU/1955/135,3,3,"EJtvnOWEJ Warszawa, dnia 31 maja 1955"
DU,1955,22,1955-06-20,parser+ocr300,1955-06-20,text:warszawa,1955-06-20,,DU/1955/138,4,4,"J Nr 22 Wars·zawa, dnia 20 czerwca 1955"
DU,1955,23,1955-06-23,parser+ocr300,1955-06-23,text:warszawa,1955-06-23,,DU/1955/142,5,5," .' \. Warszawa, dnia 23 czerwca 1955"
DU,1955,25,1955-06-30,parser+ocr300,1955-06-30,ocr:warszawa,1955-06-30,,DU/1955/151,3,3," LUDOWEJ Warszawa, dnia 30 czerwca 1955"
DU,1955,26,1955-07-08,parser+ocr300,1955-07-08,text:warszawa,1955-07-08,,DU/1955/154,3,3,"OL11~ EJ Warszawa, dnia 8 lipca 1955"
DU,1955,27,1955-07-14,parser+ocr300,1955-07-14,ocr:warszawa,1955-07-14,,DU/1955/157,4,4," LUDOWEJ Warszawa, dnia 14 lipca 1955"
DU,1955,28,1955-07-16,parser+ocr300,1955-07-16,text:warszawa,1955-07-16,,DU/1955/161,12,12,"J Nr 28 Warszawa, dnia 16 lipca 1955"
DU,1955,29,1955-07-27,parser+ocr300,1955-07-27,text:warszawa,1955-07-27,,DU/1955/173,9,9,"LIJ.DOWEJ Warszawa, dnia 27 lipca 1955"
DU,1955,30,1955-07-29,parser+ocr300,1955-07-29,text:warszawa,1955-07-29,,DU/1955/182,2,2,"J LUDOWEJ Warszawa, dnia 29 lipca 1955"
DU,1955,31,1955-07-30,parser+ocr300,1955-07-30,text:warszawa,1955-07-30,,DU/1955/184,5,5,"~ LUDOWEJ Warszawa, dnia 30 lipca 1955"
DU,1955,32,1955-08-11,parser+ocr300,1955-08-11,ocr:warszawa,1955-08-11,,DU/1955/189,11,11," LUDOWEJ Warszawa,.dnia 11 sierpnia 1955"
DU,1955,33,1955-08-20,obraz+parser,1955-08-20,text:warszawa,1955-08-20,1955-08-20,DU/1955/200,10,10,"·POLłrrEJ Warszawa, dnia 20 sierpnia 1955"
DU,1955,34,1955-08-30,parser+ocr300,1955-08-30,ocr:warszawa,1955-08-30,,DU/1955/210,8,8," LUDOWEJ Warszawa, dnia 30 sierpnia 1955"
DU,1955,35,1955-09-03,parser+ocr300,1955-09-03,ocr:warszawa,1955-09-03,,DU/1955/218,6,6," LUDOWEJ Warszawa, dnia 3 września 1955"
DU,1955,36,1955-09-08,obraz+ocr300 (trzeci odczyt inny),1955-09-03,text:warszawa,1955-09-08,1955-09-08,DU/1955/224,6,6,J LUDOWEJ Warszawa. dnia 3 września 1955
DU,1955,37,1955-09-21,parser+ocr300,1955-09-21,ocr:warszawa,1955-09-21,,DU/1955/230,4,4," LUDOWEJ Warszawa, dnia 21 września 1955"
DU,1955,38,1955-09-27,parser+ocr300,1955-09-27,text:warszawa,1955-09-27,,DU/1955/234,7,7," Nr 38:, Warszawa, dnia 27 września 1955"
DU,1955,39,1955-09-30,parser+ocr300,1955-09-30,text:warszawa,1955-09-30,,DU/1955/241,6,6,D()WEJ ' Warszawa; dnia 30 września 1955
DU,1955,40,1955-10-15,parser+ocr300,1955-10-15,text:warszawa,1955-10-15,,DU/1955/247,4,4,"I EJ . \Varszalua, dnia 15 patdziernika 1955"
DU,1955,41,1955-10-31,parser+ocr300,1955-10-31,ocr:warszawa,1955-10-31,,DU/1955/251,5,5," LUDOWEJ Warszawa, dnia 31 października 1955"
DU,1955,42,1955-11-17,parser+ocr300,1955-11-17,ocr:warszawa,1955-11-17,,DU/1955/256,17,17," LUDOWEJ Warszawa, dnia 17 listopada 1955"
DU,1955,43,1955-11-19,parser+ocr300,1955-11-19,ocr:warszawa,1955-11-19,,DU/1955/273,4,4,"LUDOWEJ, Warszawa, dnia 19 listopada 1955"
DU,1955,44,1955-11-30,parser+ocr300,1955-11-30,text:warszawa,1955-11-30,,DU/1955/277,19,19,"UDOWEJ < Warszawa, dnia 30 listopada 1955"
DU,1955,45,1955-12-24,parser+ocr300,1955-12-24,ocr:warszawa,1955-12-24,,DU/1955/296,13,13," LUDOWEJ Warszawa, dnia 24 grudnia 1955"
DU,1955,46,1955-12-30,parser+ocr300,1955-12-30,ocr:warszawa,1955-12-30,,DU/1955/309,5,5,"Warszawa, dnia 30 grudnia 1955"
DU,1955,47,1955-12-31,parser+ocr300,1955-12-31,text:warszawa,1955-12-31,,DU/1955/314,7,7,"DO,WE'. l Warszawa, dnia 31 grudnia 1955"
DU,1956,1,1956-01-14,parser+ocr300,1956-01-14,ocr:warszawa,1956-01-14,,DU/1956/1,10,10," LUDOWEJ Warszawa, dnia 14 stycznia 1956"
DU,1956,2,1956-01-25,parser+ocr300,1956-01-25,ocr:warszawa,1956-01-25,,DU/1956/11,6,6," LUDOWEJ Warszawa, dnia 25 stycznia 1956"
DU,1956,3,1956-01-31,parser+ocr300,1956-01-31,text:warszawa,1956-01-31,,DU/1956/17,5,5,"J LUDOWEJ Warszawa, dnia 31 stycznia 1956"
DU,1956,4,1956-02-11,parser+ocr300,1956-02-11,text:warszawa,1956-02-11,,DU/1956/22,3,3,"O.WEJ I. Warszawa, dnia 11 lutego 1956"
DU,1956,5,1956-02-17,obraz+parser,1956-02-17,text:warszawa,,1956-02-17,DU/1956/25,4,4,"SPO LrrEJ Warszawa, dnia 17 lutego 1956"
DU,1956,6,1956-02-21,parser+ocr300,1956-02-21,text:warszawa,1956-02-21,,DU/1956/29,3,3,"-- Nr 6 Warszawa, dnia 21 lutego 1956"
DU,1956,7,1956-03-20,parser+ocr300,1956-03-20,text:warszawa,1956-03-20,,DU/1956/32,12,12,"POLI1'EJ Warszawa, dnia 20 marca 1956"
DU,1956,8,1956-03-30,parser+ocr300,1956-03-30,text:warszawa,1956-03-30,,DU/1956/44,7,7,"J LUDOWEJ Warszawa, dnia 30 marca 1956"
DU,1956,9,1956-04-07,parser+ocr300,1956-04-07,text:warszawa,1956-04-07,,DU/1956/51,3,3,"EJ Nr 9 Warszawa, dnia 7 kwietnia 1956"
DU,1956,10,1956-04-25,parser+ocr300,1956-04-25,ocr:warszawa,1956-04-25,,DU/1956/54,3,3," LUDOWEJ Warszawa, dnia 25 kwietnia 1956"
DU,1956,12,1956-05-08,parser+ocr300,1956-05-08,ocr:warszawa,1956-05-08,,DU/1956/60,4,4,"LUDOWEJ. Warszawa, dnia 8 maja 1956"
DU,1956,13,1956-05-16,parser+ocr300,1956-05-16,text:warszawa,1956-05-16,,DU/1956/64,5,5," LUDO\VEJ Warszawa, dnia 16 maja 1956"
DU,1956,14,1956-05-21,parser+ocr300,1956-05-21,text:warszawa,1956-05-21,,DU/1956/69,14,14,"LUDQ W EJ Warszawa, dnia 21 maja 1956"
DU,1956,15,1956-05-26,obraz+parser,1956-05-26,text:warszawa,,1956-05-26,DU/1956/83,4,4,"J LUDOWEJ Warszawa, dnia 26 maja 1956"
DU,1956,16,1956-05-30,parser+ocr300,1956-05-30,text:warszawa,1956-05-30,,DU/1956/87,5,5," LUDOW EJ Warszawa, dnia 30 maja 1956"
DU,1956,17,1956-06-09,parser+ocr300,1956-06-09,text:warszawa,1956-06-09,,DU/1956/92,3,3,"--- Nr 17 Warszawa, dnia 9 czerwca 1956"
DU,1956,18,1956-06-14,obraz+parser,1956-06-14,ocr:warszawa,1956-06-14,1956-06-14,DU/1956/95,2,2," ssżże AR Warszawa, dnia 14 czerwca 1956"
DU,1956,19,1956-06-16,parser+ocr300,1956-06-16,text:warszawa,1956-06-16,,DU/1956/97,1,1," LUI)OWEJ Warszawa, dnia 16 czerwca 1956"
DU,1956,20,1956-06-18,parser+ocr300,1956-06-18,ocr:warszawa,1956-06-18,,DU/1956/98,2,2," ŁUDOWEJ Warszawa, dnia 18 czerwca 1956"
DU,1956,21,1956-06-20,obraz+parser,1956-06-20,text:warszawa,1956-06-20,1956-06-20,DU/1956/100,3,3,"J Nr 21 Warszawa, dnia 20 czerwca 1956"
DU,1956,22,1956-06-25,parser+ocr300,1956-06-25,text:warszawa,1956-06-25,,DU/1956/103,2,2,"LU[)OWEJ Warszawa, dnia 25 czerwca 1956"
DU,1956,23,1956-06-26,parser+ocr300,1956-06-26,text:warszawa,1956-06-26,,DU/1956/105,6,6,"J LUDOWEJ Warszawa, dnia 26 czerwca 1956"
DU,1956,24,1956-06-27,parser+ocr300,1956-06-27,text:warszawa,1956-06-27,,DU/1956/111,4,4,"PO LIT EJ Warszawa, dnia 27 czerwca 1956"
DU,1956,25,1956-06-30,parser+ocr300,1956-06-30,ocr:warszawa,1956-06-30,,DU/1956/115,6,6," LUDOWEJ Warszawa, dnia 30 czerwca 1956"
DU,1956,26,1956-07-01,parser+ocr300,1956-07-01,text:warszawa,1956-07-01,,DU/1956/121,1,1,"-------- Warszawa, dnia l lipca 1956"
DU,1956,27,1956-07-07,parser+ocr300,1956-07-07,text:warszawa,1956-07-07,,DU/1956/122,6,6, LUDOWEJ Warszawa. dnia 7 lipca 1956
DU,1956,28,1956-07-14,parser+ocr300,1956-07-14,text:warszawa,1956-07-14,,DU/1956/128,4,4,"J LUDOWEJ Warszawa, dnia 14 lipca 1956"
DU,1956,29,1956-07-16,parser+ocr300,1956-07-16,text:warszawa,1956-07-16,,DU/1956/132,6,6," LUO()WEJ Warszama, dnia 16 lipca 1956"
DU,1956,30,1956-07-17,parser+ocr300,1956-07-17,text:warszawa,1956-07-17,,DU/1956/138,7,7," Nr '30 Warszawa, dnia 17 lipca 1956"
DU,1956,31,1956-07-25,parser+ocr300,1956-07-25,text:warszawa,1956-07-25,,DU/1956/145,3,3,"J LUDOWEJ Warszawa, dnia 25 lipca 1956"
DU,1956,32,1956-07-30,parser+ocr300,1956-07-30,text:warszawa,1956-07-30,,DU/1956/148,5,5,"J LUDOWEJ Warszawa, dnia 30 lipca 1956"
DU,1956,33,1956-08-06,parser+ocr300,1956-08-06,ocr:warszawa,1956-08-06,,DU/1956/153,4,4," LUDOWEJ Warszawa, dnia 6 sierpnia 1956"
DU,1956,34,1956-08-09,parser+ocr300,1956-08-09,ocr:warszawa,1956-08-09,,DU/1956/157,1,1,"Warszawa, dnia 9 sierpnia 1956"
DU,1956,35,1956-08-11,parser+ocr300,1956-08-11,text:warszawa,1956-08-11,,DU/1956/158,3,3,"J Nr 35 Warszawa, dnia II sierpnia 1956"
DU,1956,36,1956-08-22,parser+ocr300,1956-08-22,text:warszawa,1956-08-22,,DU/1956/161,5,5," ,LUDOWEJ Warszawa, dnia 22 sierpnia 1956"
DU,1956,37,1956-09-05,parser+ocr300,1956-09-05,ocr:warszawa,1956-09-05,,DU/1956/166,5,5,"UDOWEJ « Warszawa,:dnia 5 września 1956"
DU,1956,38,1956-09-12,parser+ocr300,1956-09-12,text:warszawa,1956-09-12,,DU/1956/171,4,4,"J LUDOWEJ Warszawa, dnia 12 września 1956"
DU,1956,39,1956-09-18,obraz+ocr300 (trzeci odczyt inny),1956-09-16,text:warszawa,1956-09-18,1956-09-18,DU/1956/175,6,6,"J ~UDOWEJ Warszawa, dnia 16 września 1956"
DU,1956,40,1956-09-25,parser+ocr300,1956-09-25,text:warszawa,1956-09-25,,DU/1956/181,4,4,"J LUDOWEJ Warszawa, dnia 25 września 1956"
DU,1956,41,1956-10-01,parser+ocr300,1956-10-01,ocr:warszawa,1956-10-01,,DU/1956/185,10,1,"Warszawa, dnia I października 1956"
DU,1956,42,1956-10-05,parser+ocr300,1956-10-05,ocr:warszawa,1956-10-05,,DU/1956/195,4,4," LUDOWEJ Warszawa, dnia 5 października 1956"
DU,1956,43,1956-10-09,parser+ocr300,1956-10-09,text:warszawa,1956-10-09,,DU/1956/199,2,2,"J LUDOWEJ Warszawa, 'dnia 9 października 1956"
DU,1956,44,1956-10-10,parser+ocr300,1956-10-10,text:warszawa,1956-10-10,,DU/1956/201,3,3,"J LUDOWEJ Warszawa, dnia 10 października 1956"
DU,1956,45,1956-10-18,parser+ocr300,1956-10-18,text:warszawa,1956-10-18,,DU/1956/204,3,3,"J LUDOWEJ Warszawa , dnia 18 października 1956"
DU,1956,46,1956-10-19,parser+ocr300,1956-10-19,text:warszawa,1956-10-19,,DU/1956/207,3,3,"J LUDOWEJ Warszawa, dnia 19 października 1956"
DU,1956,47,1956-10-26,parser+ocr300,1956-10-26,ocr:warszawa,1956-10-26,,DU/1956/210,2,2," LUDOWEJ Warszawa, dnia 26 października 1956"
DU,1956,48,1956-11-06,obraz+parser,1956-11-06,text:warszawa,1956-11-06,1956-11-06,DU/1956/212,5,5," LUDOW-EJ Warszawa, dnia 6 listopada 1956"
DU,1956,49,1956-11-10,parser+ocr300,1956-11-10,text:warszawa,1956-11-10,,DU/1956/217,2,2,"._------ WarszaUJa, dnia 10 listopada 1956"
DU,1956,50,1956-11-12,parser+ocr300,1956-11-12,text:warszawa,1956-11-12,,DU/1956/219,7,7,LUDOWEJ \Varszawa. dnia 12 listopada 1956
DU,1956,51,1956-11-21,parser+ocr300,1956-11-21,text:warszawa,1956-11-21,,DU/1956/226,4,4,"J Nr 51 WarSZ8UJa, dnia 21 listopada 1956"
DU,1956,52,1956-11-24,parser+ocr300,1956-11-24,ocr:warszawa,1956-11-24,,DU/1956/230,8,8," LUDOWEJ Warszawa, dnia 24 listopada 1956"
DU,1956,53,1956-11-24,parser+ocr300,1956-11-24,ocr:warszawa,1956-11-24,,DU/1956/238,3,3,"OWEJ * ŚR Warszawa, dnia 24 listopada 1956"
DU,1956,55,1956-11-29,parser+ocr300,1956-11-29,text:warszawa,1956-11-29,,DU/1956/251,3,3,"{) W EJ 'VarszaUJa, dnia 29 listopada 1956"
DU,1956,56,1956-11-30,parser+ocr300,1956-11-30,text:warszawa,1956-11-30,,DU/1956/254,5,5,"_... .,. Warszawa, dnia 30 listopada 1956"
DU,1956,57,1956-12-12,parser+ocr300,1956-12-12,text:warszawa,1956-12-12,,DU/1956/259,8,8,"J Nr 57 Warszawa, dnia 12 grudnia 1956"
DU,1956,58,1956-12-20,parser+ocr300,1956-12-20,ocr:warszawa,1956-12-20,,DU/1956/267,11,11," LUDOWEJ Warszawa, dnia 20 grudnia 1956"
DU,1956,59,1956-12-22,obraz+parser,1956-12-22,ocr:warszawa,1956-12-22,1956-12-22 1956-12-22,DU/1956/278,10,10," LUDOWEJ Warszawa, dnia 22 grudnia 1956"
DU,1956,60,1956-12-29,parser+ocr300,1956-12-29,text:warszawa,1956-12-29,,DU/1956/288,6,6,") Nr 60 Warszawa, dnia 29 grudnia 1956"
DU,1956,61,1956-12-31,parser+ocr300,1956-12-31,text:warszawa,1956-12-31,,DU/1956/294,4,4,"J LUDOWEJ Warszawa, dnia 31 grudnia 1956"
DU,1957,1,1957-01-12,parser+ocr300,1957-01-12,ocr:warszawa,1957-01-12,,DU/1957/1,7,7,"UDOWEJ x Warszawa, dnia 12 stycznia 1957"
DU,1957,2,1957-01-16,parser+ocr300,1957-01-16,text:warszawa,1957-01-16,,DU/1957/8,3,3,"Nr 2 , \'Varszawa, dnia 16 stycznia 1957"
DU,1957,3,1957-01-17,parser+ocr300,1957-01-17,text:warszawa,1957-01-17,,DU/1957/11,5,5,"J, Nr 3 Warszawa, dnia 17 stycznia 1957"
DU,1957,4,,bez odczytu (do obrazu),,none,,,DU/1957/16,5,5,
DU,1957,5,1957-01-31,parser+ocr300,1957-01-31,text:warszawa,1957-01-31,,DU/1957/21,2,2,"'U DOWEJ Warszawa, dnia 31 stycznia 1957"
DU,1957,6,1957-02-02,parser+ocr300,1957-02-02,text:warszawa,1957-02-02,,DU/1957/23,2,2," LUO()WEJ Warszawa, dnia 2 lutego 1957"
DU,1957,7,1957-02-06,parser+ocr300,1957-02-06,text:warszawa,1957-02-06,,DU/1957/25,2,2,"EJ Nr 7 Warszawa, dnia 6 lutego 1957"
DU,1957,8,1957-02-09,parser+ocr300,1957-02-09,text:warszawa,1957-02-09,,DU/1957/27,8,8,EJ Nr 8 Warszawa. dnia 9 lutego 1957
DU,1957,9,1957-02-15,obraz+parser,1957-02-15,ocr:warszawa,1957-02-15,1957-02-15,DU/1957/35,6,6,"J 4 dog Warszawa, -dnia 15 lutego 1957"
DU,1957,10,1957-02-16,parser+ocr300,1957-02-16,text:warszawa,1957-02-16,,DU/1957/41,6,6,") \\/ EJ \Varszawa, dnia 16 lutego 1957"
DU,1957,11,1957-02-25,parser+ocr300,1957-02-25,text:warszawa,1957-02-25,,DU/1957/47,18,18," LUDOWEJ, Warszawa, dnia 25 lutego 1957"
DU,1957,12,1957-03-04,parser+ocr300,1957-03-04,text:warszawa,1957-03-04,,DU/1957/65,8,8,"J LUDOWEJ Warszawa, dnia 4 marca 1957"
DU,1957,13,1957-03-08,parser+ocr300,1957-03-08,text:warszawa,1957-03-08,,DU/1957/73,2,2,"LUO()WEJ Warszawa, dnia 8 marca 1957"
DU,1957,14,1957-03-13,parser+ocr300,1957-03-13,text:warszawa,1957-03-13,,DU/1957/75,1,1,"J Nr 14 Warszawa, dnia 13 marca 1957"
DU,1957,15,1957-03-23,parser+ocr300,1957-03-23,text:warszawa,1957-03-23,,DU/1957/76,7,7," LUDOWEJ Warszawa, dnia 23 marca 1957"
DU,1957,16,1957-03-26,parser+ocr300,1957-03-26,text:warszawa,1957-03-26,,DU/1957/83,3,3,"DO\VEJ · Warszawa, dnia 26 marca 1957"
DU,1957,17,1957-04-05,parser+ocr300,1957-04-05,text:warszawa,1957-04-05,,DU/1957/86,5,5,lJDOWEJ \Varszawa. dnia 5 kwietnia 1957
DU,1957,18,1957-04-09,parser+ocr300,1957-04-09,text:warszawa,1957-04-09,,DU/1957/91,3,3,( ) \V EJ Warszawa. dnia 9 kwietnia 1957
DU,1957,19,1957-04-17,parser+ocr300,1957-04-17,text:warszawa,1957-04-17,,DU/1957/94,5,5," LUDOWEJ Warszawa, ' dnia 17 kwietnia 1957"
DU,1957,20,1957-04-20,parser+ocr300,1957-04-20,ocr:warszawa,1957-04-20,,DU/1957/99,4,4," LUDOWEJ Warszawa, dnia 20 kwietnia 1957"
DU,1957,21,1957-04-25,parser+ocr300,1957-04-25,text:warszawa,1957-04-25,,DU/1957/103,4,4,". Nr 21 Warszawa, dnia 25 kwietnia 1957"
DU,1957,22,1957-04-26,parser+ocr300,1957-04-26,text:warszawa,1957-04-26,,DU/1957/107,2,2,J LUDOWEJ Warszawa. dnia 26 kwietnia 1957
DU,1957,23,1957-04-29,obraz×2,,none,,1957-04-29 1957-04-29,DU/1957/109,4,4,
DU,1957,24,1957-05-08,parser+ocr300,1957-05-08,text:warszawa,1957-05-08,,DU/1957/113,2,2,"l~UDOWEJ Warszawa, dnia 8 maja 1957"
DU,1957,25,1957-05-11,parser+ocr300,1957-05-11,ocr:warszawa,1957-05-11,,DU/1957/115,1,1," LUDOWEJ Warszawa, dnia 11 maja 1957"
DU,1957,26,1957-05-15,parser+ocr300,1957-05-15,text:warszawa,1957-05-15,,DU/1957/116,3,3," LUO()WEJ WarszalUa, dnia 15 maja 1957"
DU,1957,27,1957-05-18,parser+ocr300,1957-05-18,text:warszawa,1957-05-18,,DU/1957/119,5,5,"J Nr 27 Warszawa, dnia 18 maja 1957"
DU,1957,28,1957-05-25,parser+ocr300,1957-05-25,text:warszawa,1957-05-25,,DU/1957/124,3,3,"J LUDOWEJ Warszawa, dnia 25 maja 1957"
DU,1957,29,1957-05-29,parser+ocr300,1957-05-29,text:warszawa,1957-05-29,,DU/1957/127,2,2,"J LUDOWEJ Warszawa, dnia 29 maja 1957"
DU,1957,30,1957-06-06,parser+ocr300,1957-06-06,text:warszawa,1957-06-06,,DU/1957/129,1,1,"J LUDOWEJ Warszawa, dnia 6 czerwca 1957"
DU,1957,32,1957-06-13,parser+ocr300,1957-06-13,text:warszawa,1957-06-13,,DU/1957/139,4,4,"< Nr 32 Warszawa, dnia 13 czerwca 1957"
DU,1957,33,1957-06-22,parser+ocr300,1957-06-22,text:warszawa,1957-06-22,,DU/1957/143,5,5,"J LUDOWEJ Warszawa, dnia 22 czerwca 1957"
DU,1957,34,1957-06-27,parser+ocr300,1957-06-27,text:warszawa,1957-06-27,,DU/1957/148,1,1," LUDOWEJ Warszawa, dnia 27 czerwca 1957"
DU,1957,35,1957-06-28,parser+ocr300,1957-06-28,text:warszawa,1957-06-28,,DU/1957/149,3,3,"· LUDOWEJ Warsza~a, dnia 28 czerwca 1957"
DU,1957,36,1957-07-12,parser+ocr300,1957-07-12,text:warszawa,1957-07-12,,DU/1957/152,6,6,J LUDOWEJ Warszawa. dnia 12 lipca 1957
DU,1957,37,1957-07-20,parser+ocr300,1957-07-20,text:warszawa,1957-07-20,,DU/1957/158,3,3,"'LUD()WEJ WarszaUJa, dnia 20 lipca 1957"
DU,1957,38,1957-07-23,parser+ocr300,1957-07-23,text:warszawa,1957-07-23,,DU/1957/161,10,10," LUDOWEJ Warszawa, dnia 23 lipca 1957"
DU,1957,40,1957-08-02,parser+ocr300,1957-08-02,ocr:warszawa,1957-08-02,,DU/1957/179,3,3," LUDOWEJ Warszawa, dnia 2 sierpnia 1957"
DU,1957,41,1957-08-05,parser+ocr300,1957-08-05,text:warszawa,1957-08-05,,DU/1957/182,11,11,"J Nr 41 Warszawa, dnia 5 sierpnia 1957"
DU,1957,42,1957-08-16,parser+ocr300,1957-08-16,text:warszawa,1957-08-16,,DU/1957/193,6,6,"J LUDOWEJ Warszawa, dnia 16 sierpnia 1957"
DU,1957,43,1957-08-22,parser+ocr300,1957-08-22,text:warszawa,1957-08-22,,DU/1957/199,4,4," LUDOWEJ Warszawa, dnia 22 sierpnia 1957"
DU,1957,44,1957-08-26,parser+ocr300,1957-08-26,text:warszawa,1957-08-26,,DU/1957/203,6,6,"J LUDOWEJ Warszawa, dnia 26 sierpnia 1957"
DU,1957,45,1957-08-27,obraz+parser,1957-08-27,text:warszawa,1957-08-27,1957-08-27,DU/1957/209,2,2," LUOC)WEJ WarSZ8wa, dnia 27 sierpnia 1957"
DU,1957,46,1957-08-31,parser+ocr300,1957-08-31,ocr:warszawa,1957-08-31,,DU/1957/211,11,11," LUDOWEJ Warszawa, dnia 31 sierpnia 1957"
DU,1957,47,1957-09-10,parser+ocr300,1957-09-10,text:warszawa,1957-09-10,,DU/1957/222,7,7," Nr ~ 47 Warszawa, dnia 10 września 1957"
DU,1957,48,1957-09-16,parser+ocr300,1957-09-16,ocr:warszawa,1957-09-16,,DU/1957/229,4,4," LUDOWEJ Warszawa, dnia 16 września 1957"
DU,1957,49,1957-09-19,parser+ocr300,1957-09-19,text:warszawa,1957-09-19,,DU/1957/233,12,12," Nr 49 ' Warszawa, dnia 19 września 1957"
DU,1957,50,1957-09-27,parser+ocr300,1957-09-27,ocr:warszawa,1957-09-27,,DU/1957/245,4,4," LUDOWEJ Warszawa, dnia 27 września 1957"
DU,1957,51,1957-09-30,parser+ocr300,1957-09-30,text:warszawa,1957-09-30,,DU/1957/249,4,4,"WEJ I . Warszawa, dnia 30 września 1957"
DU,1957,52,1957-10-03,parser+ocr300,1957-10-03,text:warszawa,1957-10-03,,DU/1957/253,3,3,"WEJ , \ Warszawa. dnia 3 października 1957"
DU,1957,53,1957-10-10,parser+ocr300,1957-10-10,text:warszawa,1957-10-10,,DU/1957/256,6,6,"LUDOWEJ 'VarszaUJa, dnia 10 października 1957"
DU,1957,54,1957-10-22,parser+ocr300,1957-10-22,text:warszawa,1957-10-22,,DU/1957/262,8,8,LUD()WEJ \VarSZ8UJa. dnia 22 października 1957
DU,1957,55,1957-11-04,parser+ocr300,1957-11-04,text:warszawa,1957-11-04,,DU/1957/270,4,4,"UD()vVEJ Warszawa, dnia 4 listopada 1957"
DU,1957,56,1957-11-09,parser+ocr300,1957-11-09,text:warszawa,1957-11-09,,DU/1957/274,3,3,"()~r EJ ' Warszawa, dnia 9 listopada 1957"
DU,1957,57,1957-11-26,parser+ocr300,1957-11-26,text:warszawa,1957-11-26,,DU/1957/277,16,16," LUDOW EJ Warszawa, dnia 26 listopada 1957"
DU,1957,58,1957-12-04,parser+ocr300,1957-12-04,text:warszawa,1957-12-04,,DU/1957/293,11,11," LUDOvVEJ Warszawa, dnia 4 grudnia 1957"
DU,1957,59,1957-12-07,parser+ocr300,1957-12-07,text:warszawa,1957-12-07,,DU/1957/304,20,20," LUO()WEJ Warszawa, dnia 7 grudnia 1957"
DU,1957,60,1957-12-24,obraz+parser,1957-12-24,ocr:warszawa,1957-12-24,1957-12-24,DU/1957/324,5,5," LUDOWEJ Warszawa, dnia 24 grudnia 1957"
DU,1957,61,1957-12-27,parser+ocr300,1957-12-27,text:warszawa,1957-12-27,,DU/1957/329,7,7,"J LUDOWEJ Warszawa, dnia 27 grudnia 1957"
DU,1957,62,1957-12-31,parser+ocr300,1957-12-31,text:warszawa,1957-12-31,,DU/1957/336,7,7,"- Nr 62*) WarszaUJa, dnia 31 grudnia 1957"
DU,1958,1,1958-01-04,parser+ocr300,1958-01-04,text:warszawa,1958-01-04,,DU/1958/1,4,4," , Nr 1 Warszawa, dnia 4 stycznia 1958"
DU,1958,2,1958-01-09,parser+ocr300,1958-01-09,text:warszawa,1958-01-09,,DU/1958/5,2,2," \ Nr 2 Warszawa, dnia 9 stycznia 1958"
DU,1958,3,1958-01-11,parser+ocr300,1958-01-11,text:warszawa,1958-01-11,,DU/1958/7,4,4,"I/ Nr 3 Warszawa, dnia 11 stycznia 1958"
DU,1958,4,1958-01-27,parser+ocr300,1958-01-27,text:warszawa,1958-01-27,,DU/1958/11,5,5,POLSKIEJ \Varszatua. dnia 27 stycznia 1958
DU,1958,5,1958-01-29,parser+ocr300,1958-01-29,text:warszawa,1958-01-29,,DU/1958/16,1,1,"D·.O \VEJ Warszawa, dnia 29 stycznia 1958"
DU,1958,6,1958-01-31,parser+ocr300,1958-01-31,text:warszawa,1958-01-31,,DU/1958/17,4,4," LUD()WEJ Warszawa, dnia 31 stycznia 1958"
DU,1958,7,1958-02-08,parser+ocr300,1958-02-08,ocr:warszawa,1958-02-08,,DU/1958/21,2,2," LUDOWEJ Warszawa, dnia 8 lutego 1958"
DU,1958,8,1958-02-12,parser+ocr300,1958-02-12,text:warszawa,1958-02-12,,DU/1958/23,6,6,"U,STAW' ' Warszawa, dnia 12 lutego 1958"
DU,1958,9,1958-02-15,parser+ocr300,1958-02-15,text:warszawa,1958-02-15,,DU/1958/29,4,4,"LUDOWEJ \VarszaUJa, dnia 15 lutego 1958"
DU,1958,10,1958-02-25,parser+ocr300,1958-02-25,text:warszawa,1958-02-25,,DU/1958/33,4,4,"--- Nr la Warszawa, dnia 25 lutego 1958"
DU,1958,11,1958-03-08,parser+ocr300,1958-03-08,text:warszawa,1958-03-08,,DU/1958/37,8,7,. Nr 11 Warszawa. dnia 8 marca 1958
DU,1958,12,1958-03-10,parser+ocr300,1958-03-10,ocr:warszawa,1958-03-10,,DU/1958/45,6,6,"UDOWEJ , Warszawa, dnia 10 marca 1958"
DU,1958,13,1958-03-18,parser+ocr300,1958-03-18,ocr:warszawa,1958-03-18,,DU/1958/51,8,8,"Warszawa, dnia 18 marca 1958"
DU,1958,14,1958-03-24,parser+ocr300,1958-03-24,ocr:warszawa,1958-03-24,,DU/1958/59,6,6," LUDOWEJ Warszawa, dnia 24 marca 1958"
DU,1958,15,1958-03-27,parser+ocr300,1958-03-27,text:warszawa,1958-03-27,,DU/1958/65,4,4,"J LUDOWEJ Warszawa, dnia 27 marca 1958"
DU,1958,16,1958-03-31,parser+ocr300,1958-03-31,text:warszawa,1958-03-31,,DU/1958/69,1,1,"J LUDOWEJ Warszawa, dnia 31 marca 1958"
DU,1958,18,1958-04-12,obraz+parser,1958-04-12,ocr:warszawa,1958-04-12,1958-04-12,DU/1958/74,3,3," LUDOWEJ Warszawa, dnia 12 kwietnia 1958"
DU,1958,19,1958-04-17,parser+ocr300,1958-04-17,text:warszawa,1958-04-17,,DU/1958/77,8,8,"J Nr 19 Warszawa, dnia 17 kwietnia 1958"
DU,1958,20,1958-04-18,parser+ocr300,1958-04-18,ocr:warszawa,1958-04-18,,DU/1958/85,8,8,"Warszawa, dnia 18 kwietnia 1958"
DU,1958,21,1958-04-19,parser+ocr300,1958-04-19,text:warszawa,1958-04-19,,DU/1958/93,1,1,") \\! EJ Warszawa, dnia 19 kwietnia 1958"
DU,1958,22,1958-04-26,parser+ocr300,1958-04-26,text:warszawa,1958-04-26,,DU/1958/94,3,3,"AW Nr 22 Warszawa, dnia 26 kwietnia 1958"
DU,1958,23,1958-04-29,parser+ocr300,1958-04-29,text:warszawa,1958-04-29,,DU/1958/97,3,3,"----------WarS1.awa, dnia 29 kwietnia 1958"
DU,1958,24,1958-05-02,parser+ocr300,1958-05-02,ocr:warszawa,1958-05-02,,DU/1958/100,3,3,"Warszawa, dnia 2 maja 1958"
DU,1958,25,1958-05-08,parser+ocr300,1958-05-08,text:warszawa,1958-05-08,,DU/1958/103,8,8," LUDOWEJ Warszawa, dnia 8 maja 1958"
DU,1958,26,1958-05-13,parser+ocr300,1958-05-13,ocr:warszawa,1958-05-13,,DU/1958/111,3,3," LUDOWEJ Warszawa, dnia 13 maja 1958"
DU,1958,27,1958-05-15,obraz+ocr300,,none,1958-05-15,1958-05-15,DU/1958/114,4,4,
DU,1958,29,1958-05-28,parser+ocr300,1958-05-28,ocr:warszawa,1958-05-28,,DU/1958/123,10,10," LUDOWEJ Warszawa, dnia 28 maja 1958"
DU,1958,30,1958-05-31,parser+ocr300,1958-05-31,text:warszawa,1958-05-31,,DU/1958/133,3,3,".. ' ~' Warszawa, dnia 31 maja 1958"
DU,1958,31,1958-06-06,obraz+parser,1958-06-06,ocr:warszawa,1958-06-06,1958-06-06 1958-06-06,DU/1958/136,7,7,"LUDOWEJ: Warszawa, dnia 6 czerwca 1958"
DU,1958,33,1958-06-11,parser+ocr300,1958-06-11,text:warszawa,1958-06-11,,DU/1958/149,3,3,"LUI)()WEJ Warszawa, dnia II czerwca 1958"
DU,1958,34,1958-06-17,parser+ocr300,1958-06-17,text:warszawa,1958-06-17,,DU/1958/152,2,2,"J Nr 34 Warszawa, dnia 17 cZerwca 1958"
DU,1958,35,1958-06-19,parser+ocr300,1958-06-19,ocr:warszawa,1958-06-19,,DU/1958/154,10,10," LUDOWEJ Warszawa, dnia 19 czerwca 1958"
DU,1958,36,1958-06-20,parser+ocr300,1958-06-20,text:warszawa,1958-06-20,,DU/1958/164,2,2,"()WEJ ;/ Warszawa, dnia 20 czerwca 1958"
DU,1958,37,1958-06-21,parser+ocr300,1958-06-21,ocr:warszawa,1958-06-21,,DU/1958/166,5,5,"LUDOWEJ ""Warszawa, dnia 21 czerwca 1958"
DU,1958,39,1958-06-25,parser+ocr300,1958-06-25,ocr:warszawa,1958-06-25,,DU/1958/177,2,2," LUDOWEJ Warszawa, dnia 25 czerwca 1958"
DU,1958,40,1958-06-26,parser+ocr300,1958-06-26,text:warszawa,1958-06-26,,DU/1958/179,8,8," LUDOWEJ Warszawa, dnia 26 czerwca 1958"
DU,1958,41,1958-06-30,parser+ocr300,1958-06-30,text:warszawa,1958-06-30,,DU/1958/187,9,9,"_____ !' \Varszawa, dnia 30 czerwca 1958"
DU,1958,43,1958-07-12,parser+ocr300,1958-07-12,ocr:warszawa,1958-07-12,,DU/1958/204,10,10," LUDOWEJ Warszawa, dnia 12 lipca 1958"
DU,1958,44,1958-07-18,parser+ocr300,1958-07-18,text:warszawa,1958-07-18,,DU/1958/214,7,7,"I Nr 44 Warszawa, dnia 18 lipca 1958"
DU,1958,45,1958-07-21,obraz+parser,1958-07-21,text:warszawa,,1958-07-21,DU/1958/221,7,7,"LUD(JWEJ Warszawa, dnia 2l lipca 1958"
DU,1958,46,1958-07-24,parser+ocr300,1958-07-24,ocr:warszawa,1958-07-24,,DU/1958/228,3,3," LUDOWEJ Warszawa, dnia 24 lipca 1958"
DU,1958,47,1958-08-04,parser+ocr300,1958-08-04,ocr:warszawa,1958-08-04,,DU/1958/231,5,5," LUDOWEJ Warszawa, dnia 4 sierpnia 1958"
DU,1958,48,1958-08-05,parser+ocr300,1958-08-05,text:warszawa,1958-08-05,,DU/1958/236,4,4," Nr 48 , Warszawa, dnia 5 sierpnia 1958"
DU,1958,49,1958-08-11,parser+ocr300,1958-08-11,text:warszawa,1958-08-11,,DU/1958/240,3,3,"~lJDOWEJ Warszawa, dnia II sierpnia 1958"
DU,1958,50,,bez odczytu (do obrazu),,none,,,DU/1958/243,3,3,
DU,1958,51,1958-08-18,parser+ocr300,1958-08-18,ocr:warszawa,1958-08-18,,DU/1958/246,2,2," LUDOWEJ Warszawa, dnia 18 sierpnia 1958"
DU,1958,52,1958-08-23,parser+ocr300,1958-08-23,ocr:warszawa,1958-08-23,,DU/1958/248,9,9,"LUDOWEJ. Warszawa, dnia 23 sierpnia 1958"
DU,1958,53,1958-09-03,parser+ocr300,1958-09-03,ocr:warszawa,1958-09-03,,DU/1958/257,4,4,"WEJ A W Warszawa, dnia 3 września 1958"
DU,1958,54,1958-09-08,parser+ocr300,1958-09-08,text:warszawa,1958-09-08,,DU/1958/261,9,9,"UDO 'W EJ Warszawa, dnia 8 września 1958"
DU,1958,55,1958-09-10,parser+ocr300,1958-09-10,ocr:warszawa,1958-09-10,,DU/1958/270,4,4," LUDOWEJ Warszawa, dnia 10 września 1958"
DU,1958,56,1958-09-18,parser+ocr300,1958-09-18,ocr:warszawa,1958-09-18,,DU/1958/274,7,7," LUDOWEJ Warszawa, dnia 18 września 1958"
DU,1958,57,1958-09-26,obraz+parser,1958-09-26,ocr:warszawa,1958-09-26,1958-09-26,DU/1958/281,8,8," LUDOWEJ Warszawa, dnia 26 września 1958"
DU,1958,58,1958-09-30,parser+ocr300,1958-09-30,ocr:warszawa,1958-09-30,,DU/1958/289,4,4," LUDOWEJ Warszawa, dnia 30 września 1958"
DU,1958,60,1958-10-13,parser+ocr300,1958-10-13,ocr:warszawa,1958-10-13,,DU/1958/298,4,4," LUDOWEJ Warszawa, dnia 13 października 1958"
DU,1958,61,1958-10-16,parser+ocr300,1958-10-16,text:warszawa,1958-10-16,,DU/1958/302,3,3,"J Nr 61 Warszawa, dnia 16 października 1958"
DU,1958,63,1958-10-21,parser+ocr300,1958-10-21,text:warszawa,1958-10-21,,DU/1958/311,1,1," LUDOWEJ Warszawa, dnia 21 października 1958"
DU,1958,64,1958-10-25,parser+ocr300,1958-10-25,ocr:warszawa,1958-10-25,,DU/1958/312,7,7," LUDOWEJ Warszawa, dnia 25 października 1958"
DU,1958,65,1958-10-29,parser+ocr300,1958-10-29,text:warszawa,1958-10-29,,DU/1958/319,3,3," LUDOWEJ Warszawa, dnia 29 października 1958"
DU,1958,66,1958-11-12,parser+ocr300,1958-11-12,ocr:warszawa,1958-11-12,,DU/1958/322,10,10," LUDOWEJ Warszawa, dnia 12 listopada 1958"
DU,1958,67,1958-11-14,parser+ocr300,1958-11-14,text:warszawa,1958-11-14,,DU/1958/332,4,4,"J LUDOWEJ Warszawa, dnia 14 listopada 1958"
DU,1958,68,1958-11-20,parser+ocr300,1958-11-20,text:warszawa,1958-11-20,,DU/1958/336,3,3,"J Nr 68 Warszawa, dnia 20 listopada 1958"
DU,1958,69,1958-11-25,parser+ocr300,1958-11-25,text:warszawa,1958-11-25,,DU/1958/339,7,7,"U Ot) WEJ Warszawa, dnia 25 listopada 1958"
DU,1958,70,1958-11-28,parser+ocr300,1958-11-28,text:warszawa,1958-11-28,,DU/1958/346,1,1,"JD()\VEJ Warszawa, dnia 28 listopada 1958"
DU,1958,71,1958-12-03,parser+ocr300,1958-12-03,text:warszawa,1958-12-03,,DU/1958/347,9,9, LUD()WEJ Warsżawa. ' dnia 3 grudnia 1958
DU,1958,72,1958-12-10,parser+ocr300,1958-12-10,ocr:warszawa,1958-12-10,,DU/1958/356,5,5," LUDOWEJ Warszawa, dnia 10 grudnia 1958"
DU,1958,73,1958-12-13,parser+ocr300,1958-12-13,ocr:warszawa,1958-12-13,,DU/1958/361,15,15," LUDOWEJ Warszawa, dnia 13 grudnia 1958"
DU,1958,74,1958-12-17,parser+ocr300,1958-12-17,text:warszawa,1958-12-17,,DU/1958/376,6,6,"LUO()WEJ Warszawa, dnia 17 grudnia 1958"
DU,1958,75,1958-12-20,parser+ocr300,1958-12-20,ocr:warszawa,1958-12-20,,DU/1958/382,4,4," LUDOWEJ Warszawa, dnia 20 grudnia 1958"
DU,1958,76,1958-12-22,parser+ocr300,1958-12-22,ocr:warszawa,1958-12-22,,DU/1958/386,10,10," LUDOWEJ Warszawa, dnia 22 grudnia 1958"
DU,1958,77,1958-12-31,parser+ocr300,1958-12-31,ocr:warszawa,1958-12-31,,DU/1958/396,13,13," LUDOWEJ Warszawa, dnia 31 grudnia 1958"
DU,1959,1,1959-01-05,parser+ocr300,1959-01-05,text:warszawa,1959-01-05,,DU/1959/1,11,11,"J LUDOWEJ Warszawa, dnia 5 stycznia 1959"
DU,1959,2,1959-01-16,parser+ocr300,1959-01-16,ocr:warszawa,1959-01-16,,DU/1959/12,9,9,"Warszawa, dnia 16 stycznia 1959"
DU,1959,3,1959-01-20,parser+ocr300,1959-01-20,text:warszawa,1959-01-20,,DU/1959/21,3,3,"LUDO\VEJ Warszawa, dnia 20 stycznia 1959"
DU,1959,4,1959-01-23,parser+ocr300,1959-01-23,ocr:warszawa,1959-01-23,,DU/1959/24,6,6," LUDOWEJ Warszaua, dnia 23 stycznia 1959"
DU,1959,5,1959-01-27,parser+ocr300,1959-01-27,text:warszawa,1959-01-27,,DU/1959/30,5,5,"WEJ Nr5 Warszawa, dnia 27 stycznia 1959"
DU,1959,6,1959-01-29,parser+ocr300,1959-01-29,text:warszawa,1959-01-29,,DU/1959/35,3,3," [)()VvFJ Warszawa, dnia 29 stycznia 1959"
DU,1959,7,1959-01-31,parser+ocr300,1959-01-31,text:warszawa,1959-01-31,,DU/1959/38,2,2," LUDOWEJ Warszawa, dnia 31 stycznia 1959"
DU,1959,8,1959-02-06,parser+ocr300,1959-02-06,ocr:warszawa,1959-02-06,,DU/1959/40,6,6," LUDOWEJ Warszawa, dnia 6 lutego 1959"
DU,1959,9,1959-02-10,parser+ocr300,1959-02-10,text:warszawa,1959-02-10,,DU/1959/46,13,13,"lUD()WEJ Warszawa, dnia 10 lutego 1959"
DU,1959,10,1959-02-12,parser+ocr300,1959-02-12,text:warszawa,1959-02-12,,DU/1959/59,1,1,J Nr 10 Warszawa. dnia 12 lutego 1959
DU,1959,11,1959-02-16,parser+ocr300,1959-02-16,ocr:warszawa,1959-02-16,,DU/1959/60,9,8," LUDOWEJ Warszawa, dnia 16 lutego 1959"
DU,1959,12,1959-02-18,parser+ocr300,1959-02-18,ocr:warszawa,1959-02-18,,DU/1959/69,2,2," LUDOWEJ Warszawa, dnia 18 lutego 1959"
DU,1959,13,1959-02-19,parser+ocr300,1959-02-19,text:warszawa,1959-02-19,,DU/1959/71,4,4," LUDOWEJ WarS2!awa, ' dnia 19 lutego 1959"
DU,1959,14,1959-02-21,parser+ocr300,1959-02-21,text:warszawa,1959-02-21,,DU/1959/75,4,4, LUDOWEJ Warszawa. dnia 21 lutego 1959
DU,1959,15,1959-02-26,parser+ocr300,1959-02-26,text:warszawa,1959-02-26,,DU/1959/79,10,10," LUDOWEJ Warszawa, dnia 26 lutego 1959"
DU,1959,16,1959-03-02,parser+ocr300,1959-03-02,text:warszawa,1959-03-02,,DU/1959/89,1,1,"EJ , .. \Varszawa, dnia 2 marca 1959"
DU,1959,17,1959-03-09,obraz×2,,none,,1959-03-09 1959-03-09,DU/1959/90,19,19,
DU,1959,18,1959-03-11,parser+ocr300,1959-03-11,text:warszawa,1959-03-11,,DU/1959/109,5,5, \ ' E.J Warszawa. dnia II marca 1959
DU,1959,19,1959-03-18,parser+ocr300,1959-03-18,text:warszawa,1959-03-18,,DU/1959/114,8,8,"JDOW EJ \Varszawa, dnia 18 marca 1959"
DU,1959,21,1959-03-27,parser+ocr300,1959-03-27,text:warszawa,1959-03-27,,DU/1959/130,7,7,"LUDOvVEJ Warszawa, dnia 27 marca 1959"
DU,1959,22,1959-04-03,parser+ocr300,1959-04-03,text:warszawa,1959-04-03,,DU/1959/137,6,6,"LUD()WEJ Warszawa, dnia 3 kwietnia 1959"
DU,1959,23,1959-04-11,parser+ocr300,1959-04-11,text:warszawa,1959-04-11,,DU/1959/143,8,8,") \\l EJ Warszawa, dnia II kwietnia 1959"
DU,1959,24,1959-04-18,parser+ocr300,1959-04-18,text:warszawa,1959-04-18,,DU/1959/151,8,8," l)OvVEJ \Varszawa, dnia 18 kwietnia 1959"
DU,1959,25,1959-04-23,parser+ocr300,1959-04-23,text:warszawa,1959-04-23,,DU/1959/159,3,3,"lUD()WEJ Warszawa, dnia 23 kwietnia 1959"
DU,1959,26,1959-04-30,parser+ocr300,1959-04-30,text:warszawa,1959-04-30,,DU/1959/162,4,4,"J LUDOWEj Warszawa, dnia 30 kwietnia 1959"
DU,1959,27,1959-05-02,parser+ocr300,1959-05-02,text:warszawa,1959-05-02,,DU/1959/166,5,5," LUDOWEJ Warszawa, dnia 2 maja 1959"
DU,1959,28,1959-05-06,parser+ocr300,1959-05-06,text:warszawa,1959-05-06,,DU/1959/171,1,1,"lJDO\VEJ Warszawa, dnia 6 maja 1959"
DU,1959,29,1959-05-14,parser+ocr300,1959-05-14,text:warszawa,1959-05-14,,DU/1959/172,6,6,"J LUDOWEJ WarszaUJa, dnia 14 maja 1959"
DU,1959,30,1959-05-18,parser+ocr300,1959-05-18,text:warszawa,1959-05-18,,DU/1959/178,6,6,"J Nr 30 Warszawa, dnia 18 maja 1959"
DU,1959,31,1959-05-22,parser+ocr300,1959-05-22,ocr:warszawa,1959-05-22,,DU/1959/184,3,3," LUDOWEJ Warszawa, dnia 22 maja 1959"
DU,1959,32,1959-05-27,parser+ocr300,1959-05-27,text:warszawa,1959-05-27,,DU/1959/187,4,4," LUDOWEJ Warszawa, dnia 27 maja 1959"
DU,1959,33,1959-06-06,parser+ocr300,1959-06-06,text:warszawa,1959-06-06,,DU/1959/191,12,12,"EJ Nr 33 Warszawa, dnia 6 czerwca 1959"
DU,1959,34,1959-06-18,parser+ocr300,1959-06-18,text:warszawa,1959-06-18,,DU/1959/203,9,9,J Nr 34 Warszawa. dnia 18 czerwca 1959
DU,1959,35,1959-06-26,parser+ocr300,1959-06-26,text:warszawa,1959-06-26,,DU/1959/212,11,11,"J Nr 35 Warszawa, dnia 26 czerwca 1959"
DU,1959,36,1959-06-27,parser+ocr300,1959-06-27,ocr:warszawa,1959-06-27,,DU/1959/223,7,7," LUDOWEJ Warszawa, dnia 27 czerwca 1959"
DU,1959,37,1959-07-01,parser+ocr300,1959-07-01,text:warszawa,1959-07-01,,DU/1959/230,2,2," LUDOWEJ Warszawa, dnia l lipca 1959"
DU,1959,38,1959-07-03,parser+ocr300,1959-07-03,text:warszawa,1959-07-03,,DU/1959/232,8,8,LUDOWEJ \Varszawa. dnia 3 lipca 1959
DU,1959,39,1959-07-14,parser+ocr300,1959-07-14,text:warszawa,1959-07-14,,DU/1959/240,11,11,"Ot) \VEJ WarSZ8lUa, dnia 14 lipca 1959"
DU,1959,40,1959-07-21,parser+ocr300,1959-07-21,text:warszawa,1959-07-21,,DU/1959/251,4,4," Nr 40 \VarSZ8UJa, dnia 21 lipca 1959"
DU,1959,41,1959-07-28,parser+ocr300,1959-07-28,text:warszawa,1959-07-28,,DU/1959/255,8,8,"- Nr 41 Warszawa, dnia 28 lipca 1959"
DU,1959,42,1959-08-01,parser+ocr300,1959-08-01,text:warszawa,1959-08-01,,DU/1959/263,8,8,"[)()\VE.J Warszawa, dnia I sierpnia 1959"
DU,1959,43,1959-08-10,parser+ocr300,1959-08-10,text:warszawa,1959-08-10,,DU/1959/271,1,1,"UDO\rVEJ Warszawa, dnia 10 sierpnia 1959"
DU,1959,44,1959-08-12,parser+ocr300,1959-08-12,text:warszawa,1959-08-12,,DU/1959/272,4,4,"J LUDOWEJ Warszawa, dnia 12 sierpnia 1959"
DU,1959,45,1959-08-18,parser+ocr300,1959-08-18,text:warszawa,1959-08-18,,DU/1959/276,5,5,"J Nr 45 Warszawa, dnia 18 sierpnia 1959"
DU,1959,46,1959-08-20,parser+ocr300,1959-08-20,ocr:warszawa,1959-08-20,,DU/1959/281,6,6," LUDOWEJ Warszawa, dnia 20 sierpnia 1959"
DU,1959,47,1959-08-24,parser+ocr300,1959-08-24,text:warszawa,1959-08-24,,DU/1959/287,5,5," LUDOWEJ 'VarSZ8wa, 'dnia 24 sierpnia 1959"
DU,1959,48,1959-08-29,parser+ocr300,1959-08-29,ocr:warszawa,1959-08-29,,DU/1959/292,4,4," LUDOWEJ Warszawa, dnia 29 sierpnia 1959"
DU,1959,50,1959-09-10,parser+ocr300,1959-09-10,ocr:warszawa,1959-09-10,,DU/1959/302,9,9," LUDOWEJ Warszawa, dnia 10 września 1959"
DU,1959,51,1959-09-12,parser+ocr300,1959-09-12,text:warszawa,1959-09-12,,DU/1959/311,2,2,"JD()vVEJ Warszawa, dnia 12 września 1959"
DU,1959,52,1959-09-16,parser+ocr300,1959-09-16,text:warszawa,1959-09-16,,DU/1959/313,3,3,"lJDOvVEJ Warszawa, dnia 16 września 1959"
DU,1959,53,1959-09-25,parser+ocr300,1959-09-25,text:warszawa,1959-09-25,,DU/1959/316,5,5," Nr 53 · Warszawa, dnia 25 września 1959"
DU,1959,54,1959-09-29,parser+ocr300,1959-09-29,ocr:warszawa,1959-09-29,,DU/1959/321,5,5," LUDOWEJ Warszawa, dnia 29 września 1959"
DU,1959,55,1959-10-08,parser+ocr300,1959-10-08,ocr:warszawa,1959-10-08,,DU/1959/326,6,6," LUDOWEJ Warszawa, dnia 8 października 1959"
DU,1959,56,1959-10-19,parser+ocr300,1959-10-19,text:warszawa,1959-10-19,,DU/1959/332,11,11,"lJDO\VEJ \Varszatua, dnia 19 października 1959"
DU,1959,57,1959-10-26,parser+ocr300,1959-10-26,ocr:warszawa,1959-10-26,,DU/1959/343,4,4,"Warszawa, dnia 26 października 1959"
DU,1959,58,1959-10-27,obraz+parser,1959-10-27,ocr:warszawa,1959-10-27,1959-10-27 1959-10-27,DU/1959/347,4,4,"DOWEJ 38 Warszawa, dnia 27 października 1959"
DU,1959,59,1959-11-02,parser+ocr300,1959-11-02,ocr:warszawa,1959-11-02,,DU/1959/351,6,6," LUDOWEJ Warszawa, dnia 2 listopada 1959"
DU,1959,60,1959-11-06,parser+ocr300,1959-11-06,ocr:warszawa,1959-11-06,,DU/1959/357,5,5," LUDOWEJ Warszawa, dnia 6 listopada 1959"
DU,1959,61,1959-11-12,parser+ocr300,1959-11-12,text:warszawa,1959-11-12,,DU/1959/362,6,6,"UDO\VEJ \Varszama, dnia 12 listopada 1959"
DU,1959,62,1959-11-23,parser+ocr300,1959-11-23,ocr:warszawa,1959-11-23,,DU/1959/368,8,8,"J „UDOWE Warszawa, dnia 23 listopada 1959"
DU,1959,63,1959-11-25,obraz+ocr300,,none,1959-11-25,1959-11-25,DU/1959/376,3,3,
DU,1959,64,1959-12-01,parser+ocr300,1959-12-01,ocr:warszawa,1959-12-01,,DU/1959/379,7,7," LUDOWEJ Warszawa, dnia I grudnia 1959"
DU,1959,65,1959-12-07,parser+ocr300,1959-12-07,ocr:warszawa,1959-12-07,,DU/1959/386,12,12," LUDOWEJ Warszawa, dnia 7 grudnia 1959"
DU,1959,66,1959-12-14,parser+ocr300,1959-12-14,ocr:warszawa,1959-12-14,,DU/1959/398,18,18," LUDOWEJ Warszawa, dnia 14 grudnia 1959"
DU,1959,67,1959-12-16,parser+ocr300,1959-12-16,ocr:warszawa,1959-12-16,,DU/1959/416,2,2," LUDOWEJ Warszawa, dnia 16 grudnia 1959"
DU,1959,68,1959-12-18,parser+ocr300,1959-12-18,ocr:warszawa,1959-12-18,,DU/1959/418,14,14," LUDOWEJ Warszawa, dnia 18 grudnia 1959"
DU,1959,69,1959-12-19,parser+ocr300,1959-12-19,ocr:warszawa,1959-12-19,,DU/1959/432,5,5," LUDOWEJ Warszawa, dnia 19 grudnia 1959"
DU,1959,70,1959-12-22,parser+ocr300,1959-12-22,ocr:warszawa,1959-12-22,,DU/1959/437,10,10," LUDOWEJ Warszawa, dnia 22 grudnia 1959"
DU,1959,71,1959-12-28,obraz×2,,none,,1959-12-28 1959-12-28,DU/1959/447,6,6,
DU,1959,72,1959-12-31,parser+ocr300,1959-12-31,text:warszawa,1959-12-31,,DU/1959/453,2,2," Nr 72*) Warszawa, dnia 31 grudnia 1959"
DU,1960,1,1960-01-11,parser+ocr300,1960-01-11,ocr:warszawa,1960-01-11,,DU/1960/1,8,8," LUDOWEJ Warszawa, dnia 11 stycznia 1960"
DU,1960,2,1960-01-13,parser+ocr300,1960-01-13,ocr:warszawa,1960-01-13,,DU/1960/9,10,10," LUDOWEJ Warszawa, dnia 13 stycznia 1960"
DU,1960,3,1960-01-16,parser+ocr300,1960-01-16,text:warszawa,1960-01-16,,DU/1960/19,5,5,"LUDOWEJ \Varszawa, dnia 16 stycznia 1960"
DU,1960,4,1960-01-29,parser+ocr300,1960-01-29,text:warszawa,1960-01-29,,DU/1960/24,7,7,"WEJ Nr4 Warszawa, dnia 29 stycznia 1960"
DU,1960,5,1960-02-01,parser+ocr300,1960-02-01,ocr:warszawa,1960-02-01,,DU/1960/31,3,3," LUDOWEJ Warszawa, dnia I lutego 1960"
DU,1960,6,1960-02-05,parser+ocr300,1960-02-05,text:warszawa,1960-02-05,,DU/1960/34,11,11,"lJDO\VEJ \Varszawa, dnia 5 lutego 1960"
DU,1960,7,1960-02-22,parser+ocr300,1960-02-22,text:warszawa,1960-02-22,,DU/1960/45,9,9,"()\\/ EJ Warszawa, dnia 22 lutego 1960"
DU,1960,8,1960-02-25,parser+ocr300,1960-02-25,text:warszawa,1960-02-25,,DU/1960/54,2,2,E-J . ' . Warszawa; dnia 25 lutego 1960
DU,1960,9,1960-02-27,parser+ocr300,1960-02-27,text:warszawa,1960-02-27,,DU/1960/56,7,7,"OSPOLITEJ Warszawa, dnia 27 lutego 1960"
DU,1960,10,1960-02-29,parser+ocr300,1960-02-29,ocr:warszawa,1960-02-29,,DU/1960/63,4,4," LUDOWEJ Warszawa, dnia 29 lutego 1960"
DU,1960,12,1960-03-03,obraz+parser,1960-03-03,text:warszawa,1960-03-03,1960-03-03,DU/1960/73,2,2,"DO\iVEJ \Varszawa, dnia 3 marca 1960"
DU,1960,13,1960-03-09,parser+ocr300,1960-03-09,text:warszawa,1960-03-09,,DU/1960/75,4,4," ,Nr 13 Warszawa, dnia 9 marca 1960"
DU,1960,14,1960-03-15,parser+ocr300,1960-03-15,ocr:warszawa,1960-03-15,,DU/1960/79,5,5,"«LUDOWEJ Warszawa, dnia 15 marca 1960"
DU,1960,15,1960-03-24,parser+ocr300,1960-03-24,ocr:warszawa,1960-03-24,,DU/1960/84,8,8," LUDOWEJ Warszawa, dnia 24 marca 1960"
DU,1960,16,1960-03-28,parser+ocr300,1960-03-28,text:warszawa,1960-03-28,,DU/1960/92,6,6,"UDO\\'EJ Warszawa, dnia 28 marca 1960"
DU,1960,17,1960-04-04,parser+ocr300,1960-04-04,ocr:warszawa,1960-04-04,,DU/1960/98,9,9," LUDOWEJ Warszawa, dnia 4 kwietnia 1960"
DU,1960,18,1960-04-11,parser+ocr300,1960-04-11,ocr:warszawa,1960-04-11,,DU/1960/107,5,5," LUDOWEJ Warszawa, dnia 11 kwietnia 1960"
DU,1960,19,1960-04-21,parser+ocr300,1960-04-21,text:warszawa,1960-04-21,,DU/1960/112,7,7,D()V\'EJ Warsiawa. dnia 21 kwietnia 1960
DU,1960,20,1960-04-25,parser+ocr300,1960-04-25,text:warszawa,1960-04-25,,DU/1960/119,4,4,"PO I.ITEJ Warszawa, dnia 25 kwietnia 1960"
DU,1960,21,1960-04-30,parser+ocr300,1960-04-30,text:warszawa,1960-04-30,,DU/1960/123,3,3,"J Nr 21 Warszawa, dnia 30 kwietnia 1960"
DU,1960,22,1960-05-11,parser+ocr300,1960-05-11,text:warszawa,1960-05-11,,DU/1960/126,7,7," LUDOWEJ 'Varszawa, dnia II maja 1960"
DU,1960,23,1960-05-13,parser+ocr300,1960-05-13,text:warszawa,1960-05-13,,DU/1960/133,3,3,OWEJ 1- Warszawa; dnia 13 maja 1960
DU,1960,24,1960-05-27,parser+ocr300,1960-05-27,ocr:warszawa,1960-05-27,,DU/1960/136,3,3," LUDOWEJ Warszawa, dnia 27 maja 1960"
DU,1960,25,1960-06-01,parser+ocr300,1960-06-01,ocr:warszawa,1960-06-01,,DU/1960/139,9,9," LUDOWEJ Warszawa, dnia 1 czerwca 1960"
DU,1960,26,1960-06-08,parser+ocr300,1960-06-08,ocr:warszawa,1960-06-08,,DU/1960/148,5,5," LUDOWEJ Warszawa, dnia 8 czerwca 1960"
DU,1960,27,1960-06-10,parser+ocr300,1960-06-10,text:warszawa,1960-06-10,,DU/1960/153,3,3," OLSKI.EJ Warszawa""dnia 10 czerwca 1960"
DU,1960,29,1960-06-22,parser+ocr300,1960-06-22,text:warszawa,1960-06-22,,DU/1960/163,5,5,"UDOWEJ . Warszawa, dnia 22 czerwca 1960"
DU,1960,30,1960-06-25,parser+ocr300,1960-06-25,text:warszawa,1960-06-25,,DU/1960/168,3,2," LUDOWEJ Warszama, dnia 25 czerwca 1960"
DU,1960,31,1960-06-29,parser+ocr300,1960-06-29,text:warszawa,1960-06-29,,DU/1960/171,7,7," Nr 31 . Warszawa, dnia 29 czerwca 1960"
DU,1960,32,1960-07-08,parser+ocr300,1960-07-08,text:warszawa,1960-07-08,,DU/1960/178,7,7,"UDO\VEJ \Varszawa, dnia 8 lipca 1960"
DU,1960,33,1960-07-12,parser+ocr300,1960-07-12,ocr:warszawa,1960-07-12,,DU/1960/185,7,7," LUDOWEJ Warszawa, dnia 12 lipca 1960"
DU,1960,34,1960-07-16,parser+ocr300,1960-07-16,text:warszawa,1960-07-16,,DU/1960/192,5,5,"J LUDOWEJ Warszawa, dnia 16 lipca 1960"
DU,1960,35,1960-07-23,parser+ocr300,1960-07-23,ocr:warszawa,1960-07-23,,DU/1960/197,4,4," LUDOWEJ Warszawa, dnia 23 lipca 1960"
DU,1960,36,1960-07-26,parser+ocr300,1960-07-26,text:warszawa,1960-07-26,,DU/1960/201,10,10,"LUDOvVEJ Warszawa, dnia 26 lipca 1960"
DU,1960,37,1960-08-06,obraz+parser,1960-08-06,ocr:warszawa,,1960-08-06,DU/1960/211,10,10," LUDOWEJ Warszawa, dnia 6 sierpnia 1960"
DU,1960,38,1960-08-13,parser+ocr300,1960-08-13,ocr:warszawa,1960-08-13,,DU/1960/221,12,12," LUDOWEJ Warszawa, dnia 13 sierpnia 1960"
DU,1960,39,1960-08-24,parser+ocr300,1960-08-24,ocr:warszawa,1960-08-24,,DU/1960/233,7,7," LUDOWEJ Warszawa, dnia 24 sierpnia 1960"
DU,1960,40,1960-09-09,parser+ocr300,1960-09-09,text:warszawa,1960-09-09,,DU/1960/240,7,7,"JlJDOWEJ Warszawa, dnia 9 września 1960"
DU,1960,41,1960-09-21,parser+ocr300,1960-09-21,ocr:warszawa,1960-09-21,,DU/1960/247,6,6," IUDOWEJ Warszawa, dnia 21 września 1960"
DU,1960,42,1960-09-27,parser+ocr300,1960-09-27,text:warszawa,1960-09-27,,DU/1960/253,9,9," '0 .' Warszawa, dnia 27 września 1960"
DU,1960,43,1960-10-04,parser+ocr300,1960-10-04,text:warszawa,1960-10-04,,DU/1960/262,4,4,"JDO\\' EJ Warszawa, dnia 4 października 1960"
DU,1960,45,1960-10-19,parser+ocr300,1960-10-19,ocr:warszawa,1960-10-19,,DU/1960/271,4,4," LUDOWEJ Warszawa, dnia 19 października 1960"
DU,1960,46,1960-10-29,parser+ocr300,1960-10-29,ocr:warszawa,1960-10-29,,DU/1960/275,8,8," LUDOWEJ Warszawa, dnia 29 października 1960"
DU,1960,47,1960-10-31,parser+ocr300,1960-10-31,text:warszawa,1960-10-31,,DU/1960/283,8,8,"lE T l, \Varszawa, dnia 31 października 1960"
DU,1960,48,1960-11-11,parser+ocr300,1960-11-11,ocr:warszawa,1960-11-11,,DU/1960/291,1,1," LUDOWEJ Warszawa, dnia 11 listopada 1960"
DU,1960,49,1960-11-15,parser+ocr300,1960-11-15,text:warszawa,1960-11-15,,DU/1960/292,2,2,"LlJDO\YEJ WarszaU!a, dnia 15 listopada 1960"
DU,1960,50,1960-11-22,parser+ocr300,1960-11-22,ocr:warszawa,1960-11-22,,DU/1960/294,3,3,"LUDOWEJ: Warszawa, dnia 22 listopada 1960"
DU,1960,51,1960-11-24,parser+ocr300,1960-11-24,ocr:warszawa,1960-11-24,,DU/1960/297,5,4," LUDOWEJ Warszawa, dnia 24 listopada 1960"
DU,1960,52,1960-11-26,parser+ocr300,1960-11-26,text:warszawa,1960-11-26,,DU/1960/302,2,2,"J Nr 52 Warszawa, dnia 26 listopada 1960"
DU,1960,53,1960-12-01,parser+ocr300,1960-12-01,text:warszawa,1960-12-01,,DU/1960/304,3,3,"I .'ITEJ Warszawa, dnia l grudnia 1960"
DU,1960,54,1960-12-08,parser+ocr300,1960-12-08,text:warszawa,1960-12-08,,DU/1960/307,8,8,"J Nr 54 WarszalUa, dnia 8 grudnia 1960"
DU,1960,55,1960-12-13,obraz+ocr300,,none,1960-12-13,1960-12-13,DU/1960/315,6,6,
DU,1960,56,,bez odczytu (do obrazu),,none,,,DU/1960/321,1,1,
DU,1960,57,1960-12-27,parser+ocr300,1960-12-27,text:warszawa,1960-12-27,,DU/1960/322,3,3," Nr 57 \Varszama, dnia 27 grudnia 1960"
DU,1960,58,1960-12-29,parser+ocr300,1960-12-29,ocr:warszawa,1960-12-29,,DU/1960/325,2,2," LUDOWEJ Warszawa, dnia 29 grudnia 1960"
DU,1960,59,1960-12-30,parser+ocr300,1960-12-30,text:warszawa,1960-12-30,,DU/1960/327,6,6,"J Nr 59 Warszawa, dnia 30 grudnia 1960"
DU,1960,60,1960-12-31,parser+ocr300,1960-12-31,text:warszawa,1960-12-31,,DU/1960/333,15,15,J LUDOWEJ Warsz~wa. dnia 31 grudnia 1960
DU,1961,1,1961-01-07,parser+ocr300,1961-01-07,ocr:warszawa,1961-01-07,,DU/1961/1,4,4," LUDOWEJ Warszawa, dnia 7 stycznia 1961"
DU,1961,2,1961-01-14,parser+ocr300,1961-01-14,ocr:warszawa,1961-01-14,,DU/1961/5,8,8," LUDOWEJ Warszawa, dnia 14 stycznia 1961"
DU,1961,3,1961-01-27,parser+ocr300,1961-01-27,text:warszawa,1961-01-27,,DU/1961/13,7,7,"OI.ITEJ "" Warszawa, dnia 27 stycznia 1961"
DU,1961,4,1961-01-31,parser+ocr300,1961-01-31,text:warszawa,1961-01-31,,DU/1961/20,10,10," Nr 4 , Warszawa, dnia 31 stycznia 1961"
DU,1961,5,1961-02-09,parser+ocr300,1961-02-09,text:warszawa,1961-02-09,,DU/1961/30,8,8," 'Nr ,5 Warszawa"" dnia 9 lutego 1961"
DU,1961,6,1961-02-10,parser+ocr300,1961-02-10,ocr:warszawa,1961-02-10,,DU/1961/38,8,8," LUDOWEJ Warszawa, dnia 10 lutego 1961"
DU,1961,7,1961-02-13,parser+ocr300,1961-02-13,text:warszawa,1961-02-13,,DU/1961/46,2,2,"J Nr ""7 Warszawa, dnia 13 lutego 1961"
DU,1961,8,1961-02-14,parser+ocr300,1961-02-14,text:warszawa,1961-02-14,,DU/1961/48,1,1,"U O()\VEJ Warszawa, dnia 14 lutego 1961"
DU,1961,9,1961-02-16,parser+ocr300,1961-02-16,ocr:warszawa,1961-02-16,,DU/1961/49,4,4," LUDOWEJ Warszawa, dnia 16 lutego 1961"
DU,1961,10,1961-02-23,parser+ocr300,1961-02-23,ocr:warszawa,1961-02-23,,DU/1961/53,5,5," LUDOWEJ Warszawa, dnia 23 lutego 1961"
DU,1961,11,1961-03-02,parser+ocr300,1961-03-02,ocr:warszawa,1961-03-02,,DU/1961/58,2,2," LUDOWEJ Warszawa, dnia 2 marca 1961"
DU,1961,12,1961-03-04,parser+ocr300,1961-03-04,ocr:warszawa,1961-03-04,,DU/1961/60,2,2," LUDOWEJ Warszawa, dnia 4 marca 1961"
DU,1961,13,1961-03-07,parser+ocr300,1961-03-07,ocr:warszawa,1961-03-07,,DU/1961/62,12,12," LUDOWEJ Warszawa, dnia 7 marca 1961"
DU,1961,14,1961-03-13,obraz+parser,1961-03-13,text:warszawa,,1961-03-13,DU/1961/74,8,8,"LUDO\VEJ Warszawa, dnia 13 marca 1961"
DU,1961,15,1961-03-18,parser+ocr300,1961-03-18,ocr:warszawa,1961-03-18,,DU/1961/82,2,2," LUDOWEJ Warszawa, dnia 18 marca 1961"
DU,1961,16,1961-03-21,obraz+ocr300,,none,1961-03-21,1961-03-21,DU/1961/84,3,3,
DU,1961,17,1961-03-25,parser+ocr300,1961-03-25,ocr:warszawa,1961-03-25,,DU/1961/87,7,7," LUDOWEJ Warszawa, dnia 25 marca 1961"
DU,1961,18,1961-04-06,parser+ocr300,1961-04-06,text:warszawa,1961-04-06,,DU/1961/94,1,1,"J Nr 18 Warszawa, dnia 6 kwietnia 1961"
DU,1961,19,1961-04-15,parser+ocr300,1961-04-15,text:warszawa,1961-04-15,,DU/1961/95,5,5,"J LUDOWEJ Warszawa, dnia 15 kwietnia 1961"
DU,1961,20,1961-04-17,parser+ocr300,1961-04-17,ocr:warszawa,1961-04-17,,DU/1961/100,4,4," LUDOWEJ Warszawa, dnia 17 kwietnia 1961"
DU,1961,21,,bez odczytu (do obrazu),,none,,,DU/1961/104,3,3,
DU,1961,22,1961-05-06,parser+ocr300,1961-05-06,ocr:warszawa,1961-05-06,,DU/1961/107,3,3," LUDOWEJ Warszawa, dnia 6 maja 1961"
DU,1961,23,1961-05-10,parser+ocr300,1961-05-10,text:warszawa,1961-05-10,,DU/1961/110,5,5," Nr 23 'VarszalUa, dnia 10 maja 1961"
DU,1961,24,1961-05-15,parser+ocr300,1961-05-15,ocr:warszawa,1961-05-15,,DU/1961/115,5,5," LUDOWEJ Warszawa, dnia 15 maja 1961"
DU,1961,25,1961-05-20,parser+ocr300,1961-05-20,ocr:warszawa,1961-05-20,,DU/1961/120,4,4," LUDOWEJ Warszawa, dnia 20 maja 1961"
DU,1961,26,1961-05-30,parser+ocr300,1961-05-30,ocr:warszawa,1961-05-30,,DU/1961/124,8,8," LUDOWEJ Warszawa, dnia 30 maja 1961"
DU,1961,27,1961-06-06,parser+ocr300,1961-06-06,ocr:warszawa,1961-06-06,,DU/1961/132,3,3," LUDOWEJ Warszaua, dnia 6 czerwca 1961"
DU,1961,28,1961-06-12,parser+ocr300,1961-06-12,ocr:warszawa,1961-06-12,,DU/1961/135,7,7," LUDOWEJ Warszawa, dnia 12 czerwca 1961"
DU,1961,29,1961-06-24,parser+ocr300,1961-06-24,ocr:warszawa,1961-06-24,,DU/1961/142,2,2," LUDOWEJ Warszawa, dnia 24 czerwca 1961"
DU,1961,30,1961-06-30,parser+ocr300,1961-06-30,ocr:warszawa,1961-06-30,,DU/1961/144,8,8," LUDOWEJ Warszawa, dnia 30 czerwca 1961"
DU,1961,31,1961-07-14,parser+ocr300,1961-07-14,ocr:warszawa,1961-07-14,,DU/1961/152,7,7," LUDOWEJ Warszawa, dnia 14 lipca 1961"
DU,1961,32,1961-07-21,parser+ocr300,1961-07-21,ocr:warszawa,1961-07-21,,DU/1961/159,5,5," LUDOWEJ Warszawa, dnia 21 lipca 1961"
DU,1961,33,1961-07-25,parser+ocr300,1961-07-25,ocr:warszawa,1961-07-25,,DU/1961/164,3,3,"DOWEJ ad Warszawa, dnia 25 lipca 1961"
DU,1961,34,1961-07-28,parser+ocr300,1961-07-28,text:warszawa,1961-07-28,,DU/1961/167,9,9," ,,-, ~' Warszawa, dnia 28 lipca 1961"
DU,1961,35,1961-08-04,parser+ocr300,1961-08-04,ocr:warszawa,1961-08-04,,DU/1961/176,8,8," LUDOWEJ Warszawa, dnia 4 sierpnia 1961"
DU,1961,36,1961-08-08,parser+ocr300,1961-08-08,ocr:warszawa,1961-08-08,,DU/1961/184,3,3,"UDOWEJ Ą Warszawa, dnia 8 sierpnia 1961"
DU,1961,37,1961-08-10,parser+ocr300,1961-08-10,text:warszawa,1961-08-10,,DU/1961/187,9,9," Nr 37 \Varszawa, dnia 10 sierpnia 1961"
DU,1961,38,1961-08-12,obraz+parser,1961-08-12,ocr:warszawa,,1961-08-12,DU/1961/196,2,2," LUDOWEJ Warszawa, dnia 12 sierpnia 1961"
DU,1961,39,1961-08-19,parser+ocr300,1961-08-19,text:warszawa,1961-08-19,,DU/1961/198,5,5,"DOvVEJ f Warszawa, dnia 19 sierpnia 1961"
DU,1961,40,1961-08-31,parser+ocr300,1961-08-31,ocr:warszawa,1961-08-31,,DU/1961/203,6,6," LUDOWEJ Warszawa, dnia 31 sierpnia 1961"
DU,1961,41,1961-09-06,parser+ocr300,1961-09-06,text:warszawa,1961-09-06,,DU/1961/209,7,7,"1,{JDOWEJ Warszawa, dnia 6 września 1961"
DU,1961,42,1961-09-20,parser+ocr300,1961-09-20,ocr:warszawa,1961-09-20,,DU/1961/216,9,9," LUDOWEJ Warszawa, dnia 20 września 1961"
DU,1961,43,1961-09-28,parser+ocr300,1961-09-28,ocr:warszawa,1961-09-28,,DU/1961/225,7,7," LUDOWEJ Warszawa, dnia 28 września 1961"
DU,1961,44,1961-10-07,parser+ocr300,1961-10-07,text:warszawa,1961-10-07,,DU/1961/232,4,4,"J LUDOWEJ Warszawa, dnia 7 października 1961"
DU,1961,45,1961-10-12,parser+ocr300,1961-10-12,ocr:warszawa,1961-10-12,,DU/1961/236,1,1," LUDOWEJ Warszawa, dnia 12 pażdziernika 1961"
DU,1961,46,1961-10-21,parser+ocr300,1961-10-21,text:warszawa,1961-10-21,,DU/1961/237,16,16,J Nr 46 Warszawa. dnia 21 października 1961
DU,1961,47,1961-10-26,parser+ocr300,1961-10-26,text:warszawa,1961-10-26,,DU/1961/253,2,2," Nr: 41 Warszawa, dnia 26 października 1961"
DU,1961,48,1961-11-14,parser+ocr300,1961-11-14,ocr:warszawa,1961-11-14,,DU/1961/255,4,4," LUDOWEJ Warszawa, dnia 14 listopada 1961"
DU,1961,49,1961-11-16,parser+ocr300,1961-11-16,ocr:warszawa,1961-11-16,,DU/1961/259,7,7," LUDOWEJ Warsząwa, dnia 16 listopada 1961"
DU,1961,50,1961-11-23,obraz+ocr300,,none,1961-11-23,1961-11-23,DU/1961/266,15,15,
DU,1961,51,,bez odczytu (do obrazu),,none,,,DU/1961/281,4,4,
DU,1961,52,1961-11-30,parser+ocr300,1961-11-30,text:warszawa,1961-11-30,,DU/1961/285,10,10,"LUDO\VEJ \Varszawa, dnia 30 listopada 1961"
DU,1961,53,1961-12-02,parser+ocr300,1961-12-02,text:warszawa,1961-12-02,,DU/1961/295,6,6,"J LUDOWEJ Warszawa, dnia 2 grudnia 1961"
DU,1961,54,,bez odczytu (do obrazu),,none,,,DU/1961/301,10,10,
DU,1961,55,1961-12-06,parser+ocr300,1961-12-06,ocr:warszawa,1961-12-06,,DU/1961/311,2,2," LUDOWEJ Warszawa, dnia 6 grudnia 1961"
DU,1961,56,1961-12-12,parser+ocr300,1961-12-12,ocr:warszawa,1961-12-12,,DU/1961/313,1,1," LUDOWEJ Warszawa, dnia 12 grudnia 1961"
DU,1961,57,1961-12-13,obraz+parser,1961-12-13,ocr:warszawa,1961-12-13,1961-12-13,DU/1961/314,4,4," LUDOWEJ Warszawa, dnia 13 grudnia 1961"
DU,1961,58,1961-12-15,obraz+parser,1961-12-15,ocr:warszawa,1961-12-15,1961-12-15,DU/1961/318,4,3," LUDOWEJ Warsząwa, dnia 15 grudnia 1961"
DU,1961,59,1961-12-21,parser+ocr300,1961-12-21,ocr:warszawa,1961-12-21,,DU/1961/322,12,12," LUDOWEJ Warszawa, dnia 21 grudnia 1961"
DU,1961,60,1961-12-28,parser+ocr300,1961-12-28,ocr:warszawa,1961-12-28,,DU/1961/334,2,2," LUDOWEJ Warszawa, dnia 28 grudnia 1961"
DU,1961,61,1961-12-30,parser+ocr300,1961-12-30,ocr:warszawa,1961-12-30,,DU/1961/336,10,10," LUDOWEJ Warszawa, dnia 30 grudnia 1961"
DU,1962,1,1962-01-13,parser+ocr300,1962-01-13,ocr:warszawa,1962-01-13,,DU/1962/1,1,1,"Ę Warszawa, dnia 13 stycznia 1962"
DU,1962,2,1962-01-18,parser+ocr300,1962-01-18,ocr:warszawa,1962-01-18,,DU/1962/2,4,4," LUDOWEJ Warszawa, dnia 18 stycznia 1962"
DU,1962,3,1962-01-20,parser+ocr300,1962-01-20,ocr:warszawa,1962-01-20,,DU/1962/6,6,6," LUDOWEJ Warszawa, dnia 20 stycznia 1962"
DU,1962,4,1962-01-22,obraz+ocr300,,none,1962-01-22,1962-01-22,DU/1962/12,6,6,
DU,1962,5,1962-01-25,parser+ocr300,1962-01-25,ocr:warszawa,1962-01-25,,DU/1962/18,2,2," LUDOWEJ Warszawa, dnia 25 stycznia 1962"
DU,1962,6,1962-01-29,parser+ocr300,1962-01-29,ocr:warszawa,1962-01-29,,DU/1962/20,12,12," LUDOWEJ Warszawa, dnia 29 stycznia 1962"
DU,1962,7,1962-02-02,parser+ocr300,1962-02-02,ocr:warszawa,1962-02-02,,DU/1962/32,6,6," LUDOWEJ Warszawa, dnia 2 lutego 1962"
DU,1962,8,1962-02-05,parser+ocr300,1962-02-05,ocr:warszawa,1962-02-05,,DU/1962/38,3,3,"UDOWEJ + Warsząwa, dnia 5 lutego 1962"
DU,1962,9,1962-02-16,parser+ocr300,1962-02-16,ocr:warszawa,1962-02-16,,DU/1962/41,5,5," LUDOWEJ Warszawa, dnia 16 lutego 1962"
DU,1962,10,,bez odczytu (do obrazu),,none,,,DU/1962/46,8,8,
DU,1962,11,1962-02-22,parser+ocr300,1962-02-22,ocr:warszawa,1962-02-22,,DU/1962/54,1,1," LUDOWEJ Warszawa, dnia 22 lutego 1962"
DU,1962,12,1962-02-26,parser+ocr300,1962-02-26,ocr:warszawa,1962-02-26,,DU/1962/55,3,3," LUDOWEJ Warszawa, dnia 26 lutego 1962"
DU,1962,13,1962-03-03,parser+ocr300,1962-03-03,ocr:warszawa,1962-03-03,,DU/1962/58,3,3,"UDOWEJ Ę Warszawa, dnia 3 marca 1962"
DU,1962,14,1962-03-07,parser+ocr300,1962-03-07,ocr:warszawa,1962-03-07,,DU/1962/61,3,3," LUDOWEJ Warszawa, dnia 7 marca 1962"
DU,1962,15,1962-03-09,parser+ocr300,1962-03-09,ocr:warszawa,1962-03-09,,DU/1962/64,4,4," LUDOWEJ Warszawa, dnia 9 marca 1962"
DU,1962,16,1962-03-14,parser+ocr300,1962-03-14,ocr:warszawa,1962-03-14,,DU/1962/68,4,4," LUDOWEJ Warszawa, dnia 14 marca 1962"
DU,1962,17,1962-03-16,parser+ocr300,1962-03-16,ocr:warszawa,1962-03-16,,DU/1962/72,4,4," LUDOWEJ Warszawa, dnia 16 marca 1962"
DU,1962,18,1962-03-26,parser+ocr300,1962-03-26,ocr:warszawa,1962-03-26,,DU/1962/76,4,4," LUDOWEJ Warszawa, dnia 26 marca 1962"
DU,1962,19,1962-04-02,parser+ocr300,1962-04-02,ocr:warszawa,1962-04-02,,DU/1962/80,8,8," LUDOWEJ Warszawa, dnia 2 kwietnia 1962"
DU,1962,20,1962-04-06,parser+ocr300,1962-04-06,ocr:warszawa,1962-04-06,,DU/1962/88,3,3," LUDOWEJ Warszawa, dnia 6 kwietnia 1962"
DU,1962,21,1962-04-14,parser+ocr300,1962-04-14,ocr:warszawa,1962-04-14,,DU/1962/91,5,5," LUDOWEJ Warszawa, dnia 14 kwietnia 1962"
DU,1962,22,1962-04-16,parser+ocr300,1962-04-16,ocr:warszawa,1962-04-16,,DU/1962/96,7,7," LUDOWEJ Warszawa, dnia 16 kwietnia 1962"
DU,1962,23,1962-04-20,parser+ocr300,1962-04-20,ocr:warszawa,1962-04-20,,DU/1962/103,3,3," LUDOWEJ Warszawa, dnia 20 kwietnia 1962"
DU,1962,24,1962-04-27,parser+ocr300,1962-04-27,ocr:warszawa,1962-04-27,,DU/1962/106,7,7," LUDOWEJ Warszawa, dnia 27 kwietnia 1962"
DU,1962,25,1962-04-28,parser+ocr300,1962-04-28,ocr:warszawa,1962-04-28,,DU/1962/113,5,5," LUDOWEJ Warszawa, dnia 28 kwietnia 1962"
DU,1962,26,1962-05-07,parser+ocr300,1962-05-07,ocr:warszawa,1962-05-07,,DU/1962/118,9,9,"OWEJ ) f Warszawa, dnia 7 maja 1962"
DU,1962,27,1962-05-10,parser+ocr300,1962-05-10,text:warszawa,1962-05-10,,DU/1962/127,5,5,"LJJDO~VEJ Warszawa, dnia 10 maja 1962"
DU,1962,28,1962-05-18,parser+ocr300,1962-05-18,ocr:warszawa,1962-05-18,,DU/1962/132,2,2," LUDOWEJ Warszawa, dnia 18 maja 1962"
DU,1962,29,1962-05-22,parser+ocr300,1962-05-22,ocr:warszawa,1962-05-22,,DU/1962/134,3,3," LUDOWEJ Warszawa, dnia 22 maja 1962"
DU,1962,30,1962-05-23,parser+ocr300,1962-05-23,ocr:warszawa,1962-05-23,,DU/1962/137,6,6," LUDOWEJ Warszawa, dnia 23 maja 1962"
DU,1962,31,1962-06-04,parser+ocr300,1962-06-04,ocr:warszawa,1962-06-04,,DU/1962/143,7,7," LUDOWEJ Warszawa, dnia 4 czerwca 1962"
DU,1962,32,1962-06-08,parser+ocr300,1962-06-08,text:warszawa,1962-06-08,,DU/1962/150,6,6," Nr 32 \Varszarna, dnia 8 czerwca 1962"
DU,1962,33,1962-06-09,parser+ocr300,1962-06-09,text:warszawa,1962-06-09,,DU/1962/156,2,2,"7 Nr 33 Warszawa, dnia 9 czerwca 1962"
DU,1962,34,1962-06-11,parser+ocr300,1962-06-11,ocr:warszawa,1962-06-11,,DU/1962/158,1,1,"DOWEJ „, Warszawa, dnia 11 czerwca 1962"
DU,1962,35,1962-06-14,parser+ocr300,1962-06-14,ocr:warszawa,1962-06-14,,DU/1962/159,3,3," LUDOWEJ Warszawa, dnia 14 czerwca 1962"
DU,1962,36,1962-06-18,parser+ocr300,1962-06-18,ocr:warszawa,1962-06-18,,DU/1962/162,3,3," LUDOWEJ Warszawa, dnia 18 czerwca 1962"
DU,1962,37,,bez odczytu (do obrazu),,none,,,DU/1962/165,1,1,
DU,1962,38,1962-07-04,parser+ocr300,1962-07-04,text:warszawa,1962-07-04,,DU/1962/166,3,3," N r3:8 \VarszaUJa, ' dnia 4 lipca 1962"
DU,1962,39,1962-07-06,parser+ocr300,1962-07-06,ocr:warszawa,1962-07-06,,DU/1962/169,5,5," LUDOWEJ Warszawa, dnia 6 lipca 1962"
DU,1962,40,1962-07-11,obraz+parser,1962-07-11,ocr:warszawa,1962-07-11,1962-07-11,DU/1962/174,12,12," LUDOWEJ Warszawa, dnia 11 lipca 1962"
DU,1962,41,1962-07-18,parser+ocr300,1962-07-18,ocr:warszawa,1962-07-18,,DU/1962/186,10,10,"Warszawa, dnia 18 lipca 1962"
DU,1962,42,1962-07-27,parser+ocr300,1962-07-27,ocr:warszawa,1962-07-27,,DU/1962/196,6,6," LUDOWEJ Warszawa, dnia 27 lipca 1962"
DU,1962,43,1962-08-03,parser+ocr300,1962-08-03,text:warszawa,1962-08-03,,DU/1962/202,10,10,"EJ ' . ' Wars~aUJa, dnia 3 sierpnia 1962"
DU,1962,44,1962-08-10,parser+ocr300,1962-08-10,ocr:warszawa,1962-08-10,,DU/1962/212,4,4," LUDOWEJ Warszawa, dnia 10 sierpnia 1962"
DU,1962,45,1962-08-15,parser+ocr300,1962-08-15,ocr:warszawa,1962-08-15,,DU/1962/216,7,7,"Warszawa, dnia 15 sierpnia 1962"
DU,1962,46,1962-08-17,parser+ocr300,1962-08-17,ocr:warszawa,1962-08-17,,DU/1962/223,4,4," LUDOWEJ Warszawa, dnia 17 sierpnia 1962"
DU,1962,47,1962-08-20,parser+ocr300,1962-08-20,ocr:warszawa,1962-08-20,,DU/1962/227,2,2,"DOWEJ 0 Warszawa, dnia 20 sierpnia 1962"
DU,1962,48,1962-09-06,obraz+ocr300,,none,1962-09-06,1962-09-06,DU/1962/229,9,9,
DU,1962,49,1962-09-14,parser+ocr300,1962-09-14,text:warszawa,1962-09-14,,DU/1962/238,5,5," LUDOW-EJ Warszawa, dnia 14 września 1962"
DU,1962,50,1962-09-26,parser+ocr300,1962-09-26,ocr:warszawa,1962-09-26,,DU/1962/243,3,3," LUDOWEJ Warszawa, dnia 26 września 1962"
DU,1962,51,1962-09-28,parser+ocr300,1962-09-28,text:warszawa,1962-09-28,,DU/1962/246,4,4,"J LUDOWEJ Warszawa, dnia 28 września 1962"
DU,1962,52,1962-10-13,parser+ocr300,1962-10-13,ocr:warszawa,1962-10-13,,DU/1962/250,14,14," LUDOWEJ Warszawa, dnia 13 października 1962"
DU,1962,53,1962-10-18,parser+ocr300,1962-10-18,ocr:warszawa,1962-10-18,,DU/1962/264,6,6," LUDOWEJ Warszawa, dnia 18 października 1962"
DU,1962,54,1962-10-26,parser+ocr300,1962-10-26,text:warszawa,1962-10-26,,DU/1962/270,4,4,"UDOWEJ / Warszawa, dnia 26 października 1962"
DU,1962,55,1962-11-05,parser+ocr300,1962-11-05,ocr:warszawa,1962-11-05,,DU/1962/274,8,8," LUDOWEJ Warszawa, dnia 5 listopada 1962"
DU,1962,56,1962-11-07,obraz+ocr300,,none,1962-11-07,1962-11-07,DU/1962/282,1,1,
DU,1962,57,1962-11-10,parser+ocr300,1962-11-10,text:warszawa,1962-11-10,,DU/1962/283,1,1,"J Nr 57 Warszawa, dnia 10 listopada 1962"
DU,1962,58,,bez odczytu (do obrazu),,none,,,DU/1962/284,2,2,
DU,1962,59,1962-11-21,parser+ocr300,1962-11-21,text:warszawa,1962-11-21,,DU/1962/286,5,5,"UD(l\VEJ Warszawa, dnia 21 listopada 1962"
DU,1962,60,1962-11-24,parser+ocr300,1962-11-24,ocr:warszawa,1962-11-24,,DU/1962/291,4,4," LUDOWEJ Warszawa, dnia 24 listopada 1962"
DU,1962,61,1962-11-30,parser+ocr300,1962-11-30,text:warszawa,1962-11-30,,DU/1962/295,1,1,"J LUDOWEJ Warszawa, dnia 30 listopada 1962"
DU,1962,62,1962-12-03,parser+ocr300,1962-12-03,ocr:warszawa,1962-12-03,,DU/1962/296,5,5," LUDOWEJ Warszawa, dnia 3 grudnia 1962"
DU,1962,63,1962-12-07,parser+ocr300,1962-12-07,ocr:warszawa,1962-12-07,,DU/1962/301,2,2," LUDOWEJ Warszawa, dnia 7 grudnia 1962"
DU,1962,64,1962-12-10,obraz+ocr300,,none,1962-12-10,1962-12-10,DU/1962/303,12,12,
DU,1962,65,1962-12-18,parser+ocr300,1962-12-18,ocr:warszawa,1962-12-18,,DU/1962/315,11,11," LUDOWEJ Warszawa, dnia 18 grudnia 1962"
DU,1962,66,1962-12-27,parser+ocr300,1962-12-27,ocr:warszawa,1962-12-27,,DU/1962/326,4,4," LUDOWEJ Warszawa, dnia 27 grudnia 1962"
DU,1962,67,1962-12-31,parser+ocr300,1962-12-31,ocr:warszawa,1962-12-31,,DU/1962/330,10,10," LUDOWEJ Warszawa, dnia 31 grudnia 1962"
DU,1963,1,1963-01-21,parser+ocr300,1963-01-21,text:warszawa,1963-01-21,,DU/1963/1,10,10," LU'OOWEJ Warszawa, dnia 21 stycznia 1963"
DU,1963,2,1963-02-02,parser+ocr300,1963-02-02,ocr:warszawa,1963-02-02,,DU/1963/11,5,5," LUDOWEJ Warszawa, dnia 2 lutego 1963"
DU,1963,3,1963-02-05,parser+ocr300,1963-02-05,ocr:warszawa,1963-02-05,,DU/1963/16,4,4," LUDOWEJ Warszawa, dnia 5 lutego 1963"
DU,1963,4,1963-02-12,parser+ocr300,1963-02-12,text:warszawa,1963-02-12,,DU/1963/20,11,11,"wEJ Nr4 Warszawa, dnia 12 lutego 1963"
DU,1963,5,1963-02-15,parser+ocr300,1963-02-15,ocr:warszawa,1963-02-15,,DU/1963/31,4,4," LUDOWEJ Warszawa, dnia 15 lutego 1963"
DU,1963,6,1963-02-18,parser+ocr300,1963-02-18,ocr:warszawa,1963-02-18,,DU/1963/35,4,4," LUDOWEJ Warszawa, dnia 18 lutego 1963"
DU,1963,7,1963-02-25,parser+ocr300,1963-02-25,text:warszawa,1963-02-25,,DU/1963/39,5,5,"'D O\\iEJ Wars~aUla, dnia 25 lutego 1963"
DU,1963,8,1963-03-05,parser+ocr300,1963-03-05,text:warszawa,1963-03-05,,DU/1963/44,7,7,"-........-Warszawa, dnia 5 marca 1963"
DU,1963,9,1963-03-21,parser+ocr300,1963-03-21,text:warszawa,1963-03-21,,DU/1963/51,5,5,"DOWEJ .1 Warszawa, dnia 21 marca 1963"
DU,1963,10,1963-03-25,parser+ocr300,1963-03-25,text:warszawa,1963-03-25,,DU/1963/56,4,4," ,N r 10 Warszawa, dnia 25 marca 1963"
DU,1963,11,1963-03-26,parser+ocr300,1963-03-26,ocr:warszawa,1963-03-26,,DU/1963/60,5,5," LUDOWEJ Warszawa, dnia 26 marca 1963"
DU,1963,12,1963-03-27,parser+ocr300,1963-03-27,ocr:warszawa,1963-03-27,,DU/1963/65,3,3," LUDOWEJ Warszawa, dnia 27 marca 1963"
DU,1963,13,1963-03-29,parser+ocr300,1963-03-29,ocr:warszawa,1963-03-29,,DU/1963/68,5,5," LUDOWEJ Warszawa, dnia 29 marca 1963"
DU,1963,14,1963-03-30,parser+ocr300,1963-03-30,text:warszawa,1963-03-30,,DU/1963/73,4,4,"J Nr 14 Warszawa, dnia 30 marca 1963"
DU,1963,15,1963-04-04,parser+ocr300,1963-04-04,ocr:warszawa,1963-04-04,,DU/1963/77,7,7," LUDOWEJ Warszawa, dnia 4 kwietnia 1963"
DU,1963,16,1963-04-13,parser+ocr300,1963-04-13,ocr:warszawa,1963-04-13,,DU/1963/84,4,4," LUDOWEJ Warszawa, dnia 13 kwietnia 1963"
DU,1963,17,1963-04-20,parser+ocr300,1963-04-20,ocr:warszawa,1963-04-20,,DU/1963/88,9,9," LUDOWEJ Warszawa, dnia 20 kwietnia 1963"
DU,1963,18,1963-04-27,parser+ocr300,1963-04-27,ocr:warszawa,1963-04-27,,DU/1963/97,4,4," LUDOWEJ Warszawa, dnia 27 kwietnia 1963"
DU,1963,19,1963-05-06,parser+ocr300,1963-05-06,text:warszawa,1963-05-06,,DU/1963/101,6,6,"J Nr 19 Warszawa, dnia 6 maja 1963"
DU,1963,20,1963-05-11,parser+ocr300,1963-05-11,text:warszawa,1963-05-11,,DU/1963/107,2,2," Nr 20, Warszawa, dnia II maja 1963"
DU,1963,21,1963-05-17,parser+ocr300,1963-05-17,ocr:warszawa,1963-05-17,,DU/1963/109,4,4," LUDOWEJ Warszawa, dnia 17 maja 1963"
DU,1963,22,,bez odczytu (do obrazu),,none,,,DU/1963/113,5,5,
DU,1963,23,1963-05-30,parser+ocr300,1963-05-30,text:warszawa,1963-05-30,,DU/1963/118,19,19," LUDOWEJ 'Warszawa, dnia 30 maja 1963"
DU,1963,24,1963-06-08,parser+ocr300,1963-06-08,text:warszawa,1963-06-08,,DU/1963/137,6,6,"- Nr 24 Warszawa, dnia 8 czerwca 1963"
DU,1963,25,1963-06-17,parser+ocr300,1963-06-17,text:warszawa,1963-06-17,,DU/1963/143,9,9,JDOv\iEJ Warszawa. dnia 17 czerwca 1963
DU,1963,26,1963-06-25,parser+ocr300,1963-06-25,ocr:warszawa,1963-06-25,,DU/1963/152,10,10,"WEJ SĘ * Warszawa, dnia 25 czerwca 1963"
DU,1963,27,1963-06-28,parser+ocr300,1963-06-28,ocr:warszawa,1963-06-28,,DU/1963/162,2,2," LUDOWEJ Warszawa, dnia 28 czerwca 1963"
DU,1963,28,1963-07-05,parser+ocr300,1963-07-05,ocr:warszawa,1963-07-05,,DU/1963/164,8,7," LUDOWEJ Warszawa, dnia 5 lipca 1963"
DU,1963,29,1963-07-06,parser+ocr300,1963-07-06,ocr:warszawa,1963-07-06,,DU/1963/172,1,1," LUDOWEJ Warszawa, dnia 6 lipca 1963"
DU,1963,30,1963-07-08,parser+ocr300,1963-07-08,text:warszawa,1963-07-08,,DU/1963/173,3,3,"()W,E.I . Warszawa, dnia 8 lipca 1963"
DU,1963,31,1963-07-12,parser+ocr300,1963-07-12,ocr:warszawa,1963-07-12,,DU/1963/176,4,4," LUDOWEJ Warszawa, dnia 12 lipca 1963"
DU,1963,32,1963-07-20,parser+ocr300,1963-07-20,text:warszawa,1963-07-20,,DU/1963/180,5,5,"LUDO\VEJ Warszawa, dnia 20 lipca 1963"
DU,1963,33,1963-08-01,parser+ocr300,1963-08-01,text:warszawa,1963-08-01,,DU/1963/185,12,12,"J LUPOWEJ Warszama, dnia l sierpnia 1963"
DU,1963,34,1963-08-13,parser+ocr300,1963-08-13,ocr:warszawa,1963-08-13,,DU/1963/197,6,6,"UDOWEJ . Warszawa, dnia 13 sierpnia 1963"
DU,1963,35,1963-08-17,parser+ocr300,1963-08-17,text:warszawa,1963-08-17,,DU/1963/203,5,5," Nr 35 , Warszawa, dnia 17 sierpnia 1963"
DU,1963,36,1963-08-20,parser+ocr300,1963-08-20,text:warszawa,1963-08-20,,DU/1963/208,4,4,"J LUDOWEJ Warszawa, dnia 20 sierpnia 1963"
DU,1963,37,1963-08-29,parser+ocr300,1963-08-29,ocr:warszawa,1963-08-29,,DU/1963/212,3,3," LUDOWEJ Warszawa, dnia 29 sierpnia 1963"
DU,1963,38,1963-09-04,parser+ocr300,1963-09-04,text:warszawa,1963-09-04,,DU/1963/215,5,5, Nr 38· Warszawa. dnia 4 września 1963
DU,1963,39,1963-09-12,parser+ocr300,1963-09-12,text:warszawa,1963-09-12,,DU/1963/220,1,1,"J Nr 39 Warszawa, dnia 12 września 1963"
DU,1963,40,1963-09-14,parser+ocr300,1963-09-14,text:warszawa,1963-09-14,,DU/1963/221,6,6,"J LUDOWEJ Warszawa, dnia 14 września 1963"
DU,1963,41,1963-09-21,parser+ocr300,1963-09-21,ocr:warszawa,1963-09-21,,DU/1963/227,4,4," LUDOWEJ Warszawa, dnia 21 września 1963"
DU,1963,42,1963-09-30,parser+ocr300,1963-09-30,ocr:warszawa,1963-09-30,,DU/1963/231,7,7," LUDOWEJ Warszawa, dnia 30 września 1963"
DU,1963,43,1963-10-07,parser+ocr300,1963-10-07,text:warszawa,1963-10-07,,DU/1963/238,8,8,"J LUDOWEJ Warszawa, dnia 7 października 1963"
DU,1963,44,1963-10-10,obraz+parser,1963-10-10,ocr:warszawa,1963-10-10,1963-10-10,DU/1963/246,4,4," LUDOWEJ Warszawa, dnia 10 października 1963"
DU,1963,45,1963-10-23,parser+ocr300,1963-10-23,text:warszawa,1963-10-23,,DU/1963/250,7,7,"J LUDOWEJ Warszawa, dnia 23 października 1963"
DU,1963,46,1963-10-24,parser+ocr300,1963-10-24,ocr:warszawa,1963-10-24,,DU/1963/257,3,3," LUDOWEJ Warszawa, dnia 24 października 1963"
DU,1963,47,1963-10-30,parser+ocr300,1963-10-30,text:warszawa,1963-10-30,,DU/1963/260,9,9,"JDOWEJ ./ Warszawa, dnia 30 października 1963"
DU,1963,48,1963-11-06,obraz+parser,1963-11-06,ocr:warszawa,,1963-11-06,DU/1963/269,5,5," LUDOWEJ Warszawa, dnia 6 listopada 1963"
DU,1963,49,1963-11-14,parser+ocr300,1963-11-14,ocr:warszawa,1963-11-14,,DU/1963/274,3,3," LUDOWEJ Warszawa, dnia 14 listopada 1963"
DU,1963,50,1963-11-18,parser+ocr300,1963-11-18,text:warszawa,1963-11-18,,DU/1963/277,5,5,"J LUDOWEJ Warszawa, dnia 18 listopada 1963"
DU,1963,51,1963-11-21,obraz+parser,1963-11-21,text:warszawa,1963-11-21,1963-11-21,DU/1963/282,6,6," "". i / Warszawa, dnia 21 listopada 1963"
DU,1963,52,1963-11-22,obraz+ocr300,,none,1963-11-22,1963-11-22,DU/1963/288,2,2,
DU,1963,53,1963-11-28,parser+ocr300,1963-11-28,text:warszawa,1963-11-28,,DU/1963/290,5,5,J Nr 53 Warszawa. dnia 28 listopada 1963
DU,1963,54,1963-12-04,parser+ocr300,1963-12-04,ocr:warszawa,1963-12-04,,DU/1963/295,2,2," LUDOWEJ Warszawa, dnia 4 grudnia 1963"
DU,1963,55,1963-12-13,parser+ocr300,1963-12-13,text:warszawa,1963-12-13,,DU/1963/297,3,3,"J Nr 55 Warszawa, dnia 13 grudnia 1963"
DU,1963,56,,bez odczytu (do obrazu),,none,,,DU/1963/300,6,6,
DU,1963,57,1963-12-21,parser+ocr300,1963-12-21,text:warszawa,1963-12-21,,DU/1963/306,5,5,"J Nr 57 Warszawa, dnia 21 grudnia 1963"
DU,1963,58,1963-12-27,parser+ocr300,1963-12-27,text:warszawa,1963-12-27,,DU/1963/311,12,12,") \iV E.I Warszawa, dnia 27 grudnia 1963"
DU,1963,59,1963-12-31,parser+ocr300,1963-12-31,text:warszawa,1963-12-31,,DU/1963/323,6,6," LUO()WEJ Warszawa, dnia 31 grudnia 1963"
DU,1964,1,1964-01-06,parser+ocr300,1964-01-06,ocr:warszawa,1964-01-06,,DU/1964/1,5,5," LUDOWEJ Warszawa, dnia 6 stycznia 1964"
DU,1964,2,1964-01-21,parser+ocr300,1964-01-21,text:warszawa,1964-01-21,,DU/1964/6,10,10,"EJLUDOWEJ WarszaUJa, dnia 21 stycznia 1964"
DU,1964,3,1964-01-31,parser+ocr300,1964-01-31,ocr:warszawa,1964-01-31,,DU/1964/16,7,7," LUDOWEJ Warszawa, dnia 31 stycznia 1964"
DU,1964,4,1964-02-06,parser+ocr300,1964-02-06,text:warszawa,1964-02-06,,DU/1964/23,9,9,""",,,,, "" Warszawa,' dnia 6 lutego 1964"
DU,1964,5,1964-02-18,obraz+parser,1964-02-18,text:warszawa,1964-02-18,1964-02-18,DU/1964/32,8,8,"DDOWEJ - Warszawa, dnia 18 lutego 1964"
DU,1964,6,1964-02-20,parser+ocr300,1964-02-20,ocr:warszawa,1964-02-20,,DU/1964/40,3,3," LUDOWEJ Warszawa, dnia 20 lutego 1964"
DU,1964,7,1964-02-22,parser+ocr300,1964-02-22,ocr:warszawa,1964-02-22,,DU/1964/43,4,4," LUDOWEJ Warszawa, dnia 22 lutego 1964"
DU,1964,8,1964-03-03,parser+ocr300,1964-03-03,ocr:warszawa,1964-03-03,,DU/1964/47,12,12,"UDOWEJ : Warszawa, dnia 3 marca 1964"
DU,1964,9,1964-03-05,parser+ocr300,1964-03-05,ocr:warszawa,1964-03-05,,DU/1964/59,3,1," LUDOWEJ Warszawa, dnia 5 marca 1964"
DU,1964,10,1964-03-14,parser+ocr300,1964-03-14,ocr:warszawa,1964-03-14,,DU/1964/62,5,5," LUDOWEJ Warszawa, dnia 14 marca 1964"
DU,1964,11,1964-03-23,parser+ocr300,1964-03-23,ocr:warszawa,1964-03-23,,DU/1964/67,4,4," LUDOWEJ Warszawa, dnia 23 marca 1964"
DU,1964,12,1964-03-25,parser+ocr300,1964-03-25,text:warszawa,1964-03-25,,DU/1964/71,4,4," ·Nr 12' Warszawa, dnia 25 marca 1964"
DU,1964,13,1964-04-04,parser+ocr300,1964-04-04,ocr:warszawa,1964-04-04,,DU/1964/75,4,4," LUDOWEJ Warszawa, dnia 4 kwietnia 1964"
DU,1964,14,1964-04-14,parser+ocr300,1964-04-14,ocr:warszawa,1964-04-14,,DU/1964/79,7,7," LUDOWEJ Warszawa, dnia 14 kwietnia 1964"
DU,1964,15,1964-04-27,parser+ocr300,1964-04-27,ocr:warszawa,1964-04-27,,DU/1964/86,7,6," LUDOWEJ Warszawa, dnia 27 kwietnia 1964"
DU,1964,17,1964-05-23,parser+ocr300,1964-05-23,ocr:warszawa,1964-05-23,,DU/1964/95,9,9," LUDOWEJ Warszawa, dnia 23 maja 1964"
DU,1964,18,1964-05-26,parser+ocr300,1964-05-26,text:warszawa,1964-05-26,,DU/1964/104,10,10,"LlJDOW'EJ Warszawa, dnia 26 maja 1964"
DU,1964,19,1964-06-01,parser+ocr300,1964-06-01,ocr:warszawa,1964-06-01,,DU/1964/114,6,6," LUDOWEJ Warszawa, dnia I czerwca 1964"
DU,1964,20,1964-06-12,parser+ocr300,1964-06-12,ocr:warszawa,1964-06-12,,DU/1964/120,11,11," LUDOWEJ Warszawa, dnia 12 czerwca 1964"
DU,1964,21,1964-06-17,parser+ocr300,1964-06-17,text:warszawa,1964-06-17,,DU/1964/131,14,14," LUDO\VEJ Warszama, dnia 17 czerwca 1964"
DU,1964,22,1964-06-19,parser+ocr300,1964-06-19,ocr:warszawa,1964-06-19,,DU/1964/145,6,6," LUDOWEJ Warszawa, dnia 19 czerwca 1964"
DU,1964,23,1964-06-25,parser+ocr300,1964-06-25,ocr:warszawa,1964-06-25,,DU/1964/151,5,5," LUDOWEJ Warszawa, dnia 25 czerwca 1964"
DU,1964,24,1964-06-29,parser+ocr300,1964-06-29,text:warszawa,1964-06-29,,DU/1964/156,7,7,"J LUDOWEJ Warszawa, dnia 29 czerwca 1964"
DU,1964,25,,bez odczytu (do obrazu),,none,,,DU/1964/163,6,6,
DU,1964,26,1964-07-14,parser+ocr300,1964-07-14,ocr:warszawa,1964-07-14,,DU/1964/169,5,5," LUDOWEJ Warszawa, dnia 14 lipca 1964"
DU,1964,27,1964-07-21,parser+ocr300,1964-07-21,ocr:warszawa,1964-07-21,,DU/1964/174,5,5," LUDOWEJ Warszawa, dnia 21 lipca 1964"
DU,1964,28,1964-07-27,parser+ocr300,1964-07-27,ocr:warszawa,1964-07-27,,DU/1964/179,5,5,"/ Warszawa, dnia 27 lipca 1964"
DU,1964,29,1964-08-11,parser+ocr300,1964-08-11,text:warszawa,1964-08-11,,DU/1964/184,7,7," U DO WEJ Warszawa, dnia 11 sierpnia 1964"
DU,1964,30,1964-08-27,parser+ocr300,1964-08-27,text:warszawa,1964-08-27,,DU/1964/191,3,3,"J LUDOWEJ Warszawa, dnia 27 sierpnia 1964"
DU,1964,31,1964-09-03,parser+ocr300,1964-09-03,text:warszawa,1964-09-03,,DU/1964/194,10,10," LU'DOWEJ Warszawa, dnia 3 września 1964"
DU,1964,32,1964-09-08,parser+ocr300,1964-09-08,text:warszawa,1964-09-08,,DU/1964/204,9,9,"J LUDOWEJ Warszawa, dnia 8 września 1964"
DU,1964,33,1964-09-10,parser+ocr300,1964-09-10,text:warszawa,1964-09-10,,DU/1964/213,2,2," LUD()WEJ Warszawa, dnia 10 września 1964"
DU,1964,34,1964-09-21,parser+ocr300,1964-09-21,ocr:warszawa,1964-09-21,,DU/1964/215,13,13," LUDOWEJ Warszawa, dnia 21 września 1964"
DU,1964,35,1964-10-08,parser+ocr300,1964-10-08,ocr:warszawa,1964-10-08,,DU/1964/228,5,5," LUDOWEJ Warszawa, dnia 8 października 1964"
DU,1964,36,1964-10-15,parser+ocr300,1964-10-15,ocr:warszawa,1964-10-15,,DU/1964/233,2,2," LUDOWEJ Warszawa, dnia 15 października 1964"
DU,1964,37,1964-10-19,parser+ocr300,1964-10-19,ocr:warszawa,1964-10-19,,DU/1964/235,6,6," LUDOWEJ Warszawa, dnia 19 października 1964"
DU,1964,38,1964-10-22,parser+ocr300,1964-10-22,text:warszawa,1964-10-22,,DU/1964/241,16,16,"O\VEJ ""\ Warszawa, dnia 22 października 1964"
DU,1964,39,1964-10-29,parser+ocr300,1964-10-29,text:warszawa,1964-10-29,,DU/1964/257,11,11,"()WEJ, ' \Varszawa, dnia 29 października 1964"
DU,1964,40,1964-11-17,parser+ocr300,1964-11-17,ocr:warszawa,1964-11-17,,DU/1964/268,8,8," LUDOWEJ Warszawa, dnia 17 listopada 1964"
DU,1964,41,1964-11-21,parser+ocr300,1964-11-21,text:warszawa,1964-11-21,,DU/1964/276,5,2,"J Nr 41 Warszawa, dnia 21 listopada 1964"
DU,1964,42,1964-11-28,parser+ocr300,1964-11-28,text:warszawa,1964-11-28,,DU/1964/281,15,15," LUDO\VEJ Warszawa, dnia 28 listopada 1964"
DU,1964,44,1964-12-09,parser+ocr300,1964-12-09,ocr:warszawa,1964-12-09,,DU/1964/298,5,5," LUDOWEJ Warszawa, dnia 9 grudnia 1964"
DU,1964,45,1964-12-18,parser+ocr300,1964-12-18,ocr:warszawa,1964-12-18,,DU/1964/303,13,13," LUDOWEJ Warszawa, dnia 18 grudnia 1964"
DU,1964,46,1964-12-29,parser+ocr300,1964-12-29,ocr:warszawa,1964-12-29,,DU/1964/316,2,2,"UDOWEJ © Warszawa, dnia 29 grudnia 1964"
DU,1964,47,1964-12-30,parser+ocr300,1964-12-30,text:warszawa,1964-12-30,,DU/1964/318,7,7,"UDO\VEJ - Warszawa, dnia 30 grudnia 1964"
DU,1965,1,1965-01-05,parser+ocr300,1965-01-05,text:warszawa,1965-01-05,,DU/1965/1,4,4,"J LUDOWEJ Warszawa, dnia 5 stycznia 1965"
DU,1965,2,1965-01-08,parser+ocr300,1965-01-08,ocr:warszawa,1965-01-08,,DU/1965/5,5,5," LUDOWEJ Warszawa, dnia 8 stycznia 1965"
DU,1965,3,1965-01-12,obraz+parser,1965-01-12,ocr:warszawa,1965-01-12,1965-01-12 1965-01-12,DU/1965/10,3,3," LUDOWEJ Warszawa, dnia 12 stycznia 1965"
DU,1965,4,1965-01-16,parser+ocr300,1965-01-16,ocr:warszawa,1965-01-16,,DU/1965/13,6,6,"UDOWEJ a Warszawa, dnia 16 stycznia 1965"
DU,1965,5,1965-02-02,parser+ocr300,1965-02-02,text:warszawa,1965-02-02,,DU/1965/19,4,4," ""- Nr5 Warszawa, dnia 2 lutego 1965"
DU,1965,6,1965-02-13,parser+ocr300,1965-02-13,text:warszawa,1965-02-13,,DU/1965/23,13,13,"J LUDOWEJ Warszawa, dnia 13 lutego 1965"
DU,1965,7,1965-02-17,obraz+ocr300,,none,1965-02-17,1965-02-17,DU/1965/36,9,9,
DU,1965,8,1965-02-23,obraz+ocr300,,none,1965-02-23,1965-02-23,DU/1965/45,8,8,
DU,1965,9,1965-03-06,parser+ocr300,1965-03-06,ocr:warszawa,1965-03-06,,DU/1965/53,9,9," LUDOWEJ Warszawa, dnia 6 marca 1965"
DU,1965,10,1965-03-15,parser+ocr300,1965-03-15,ocr:warszawa,1965-03-15,,DU/1965/62,8,8," LUDOWEJ Warszawa, dnia 15 marca 1965"
DU,1965,11,1965-03-22,obraz+parser,1965-03-22,ocr:warszawa,,1965-03-22,DU/1965/70,8,8," LUDOWEJ Warszawa, dnia 22 marca 1965"
DU,1965,12,1965-03-29,obraz+parser,1965-03-29,text:warszawa,,1965-03-29,DU/1965/78,12,12,"~ Nr 12 Warszawa, dnia 29 marca 1965"
DU,1965,13,1965-04-06,parser+ocr300,1965-04-06,ocr:warszawa,1965-04-06,,DU/1965/90,8,8," LUDOWEJ Warszawa, dnia 6 kwietnia 1965"
DU,1965,14,1965-04-09,parser+ocr300,1965-04-09,ocr:warszawa,1965-04-09,,DU/1965/98,5,5," LUDOWEJ Warszawa, dnia 9 kwietnia 1965"
DU,1965,15,1965-04-26,parser+ocr300,1965-04-26,ocr:warszawa,1965-04-26,,DU/1965/103,11,11," LUDOWEJ Warszawa, dnia 26 kwietnia 1965"
DU,1965,16,1965-04-29,parser+ocr300,1965-04-29,ocr:warszawa,1965-04-29,,DU/1965/114,4,4," LUDOWEJ Warszawa, dnia 29 kwietnia 1965"
DU,1965,17,1965-05-05,parser+ocr300,1965-05-05,ocr:warszawa,1965-05-05,,DU/1965/118,2,2," LUDOWEJ Warszawa, dnia 5 maja 1965"
DU,1965,18,1965-05-14,parser+ocr300,1965-05-14,ocr:warszawa,1965-05-14,,DU/1965/120,6,6," LUDOWEJ Warszawa, dnia 14 maja 1965"
DU,1965,19,1965-05-18,parser+ocr300,1965-05-18,text:warszawa,1965-05-18,,DU/1965/126,4,4,"J LUDOWEJ Warszarna, dnia 18 maja 1965"
DU,1965,20,1965-05-26,parser+ocr300,1965-05-26,ocr:warszawa,1965-05-26,,DU/1965/130,4,4," LUDOWEJ Warszawa, „dnia 26 maja 1965"
DU,1965,22,1965-06-10,parser+ocr300,1965-06-10,ocr:warszawa,1965-06-10,,DU/1965/137,7,7," LUDOWEJ Warszawa, dnia 10 czerwca 1965"
DU,1965,23,1965-06-14,parser+ocr300,1965-06-14,ocr:warszawa,1965-06-14,,DU/1965/144,13,13," LUDOWEJ Warszawa, dnia 14 czerwca 1965"
DU,1965,25,1965-06-25,obraz+parser,1965-06-25,text:warszawa,1965-06-25,1965-06-25,DU/1965/165,8,8,"J LUDOWEJ Warszawa, dnia 25 czerwca 1965"
DU,1965,26,1965-06-29,parser+ocr300,1965-06-29,ocr:warszawa,1965-06-29,,DU/1965/173,6,6," LUDOWEJ Warszawa, dnia 29 czerwca 1965"
DU,1965,27,1965-07-05,obraz+parser,1965-07-05,ocr:warszawa,,1965-07-05,DU/1965/179,4,4," LUDOWEJ Warszawa, dnia 5 lipca 1965"
DU,1965,28,1965-07-09,parser+ocr300,1965-07-09,ocr:warszawa,1965-07-09,,DU/1965/183,12,12," LUDOWEJ Warszawa, dnia 9 lipca 1965"
DU,1965,29,1965-07-13,parser+ocr300,1965-07-13,text:warszawa,1965-07-13,,DU/1965/195,2,2,"UD',O WEJ Warszawa! dnia 13 lipca 1965"
DU,1965,30,1965-07-17,parser+ocr300,1965-07-17,ocr:warszawa,1965-07-17,,DU/1965/197,7,7," LUDOWEJ Warszawa, dnia 17 lipca 1965"
DU,1965,31,1965-07-21,parser+ocr300,1965-07-21,ocr:warszawa,1965-07-21,,DU/1965/204,8,8," LUDOWEJ Warszawa, dnia 21 lipca 1965"
DU,1965,32,1965-07-24,parser+ocr300,1965-07-24,ocr:warszawa,1965-07-24,,DU/1965/212,2,2,"Warszawa, dnia 24 lipca 1965"
DU,1965,33,,bez odczytu (do obrazu),,none,,,DU/1965/214,5,5,
DU,1965,34,1965-08-10,parser+ocr300,1965-08-10,ocr:warszawa,1965-08-10,,DU/1965/219,5,5," LUDOWEJ Warszawa, dnia 10 sierpnia 1965"
DU,1965,35,1965-08-14,parser+ocr300,1965-08-14,ocr:warszawa,1965-08-14,,DU/1965/224,4,4," LUDOWEJ Warszawa, dnia 14 sierpnia 1965"
DU,1965,36,1965-08-20,parser+ocr300,1965-08-20,text:warszawa,1965-08-20,,DU/1965/228,4,4,"LUDO\VEJ \Varszawa, dnia 20 sierpnia 1965"
DU,1965,37,1965-09-08,parser+ocr300,1965-09-08,ocr:warszawa,1965-09-08,,DU/1965/232,6,6," LUDOWEJ Warszawa, dnia 8 września 1965"
DU,1965,38,1965-09-09,parser+ocr300,1965-09-09,text:warszawa,1965-09-09,,DU/1965/238,10,10,". Nr 38 WarS7.awa, dnia 9 września 1965"
DU,1965,39,1965-09-13,parser+ocr300,1965-09-13,ocr:warszawa,1965-09-13,,DU/1965/248,4,4," LUDOWEJ Warszawa, dnia 13 września 1965"
DU,1965,40,1965-09-23,parser+ocr300,1965-09-23,ocr:warszawa,1965-09-23,,DU/1965/252,6,6," LUDOWEJ Warszawa, dnia 23 września 1965"
DU,1965,42,1965-10-21,parser+ocr300,1965-10-21,ocr:warszawa,1965-10-21,,DU/1965/260,9,9,"K US LAW Warszawa, dnia 21 października 1965"
DU,1965,43,1965-10-22,parser+ocr300,1965-10-22,text:warszawa,1965-10-22,,DU/1965/269,5,5,"OWEJ , - Warszawa, dnia 22 października 1965"
DU,1965,44,1965-10-30,parser+ocr300,1965-10-30,text:warszawa,1965-10-30,,DU/1965/274,5,5,"()\V EJ · Warszawa, dnia 30 października 1965"
DU,1965,45,1965-11-15,parser+ocr300,1965-11-15,ocr:warszawa,1965-11-15,,DU/1965/279,9,9," LUDOWEJ Warszawa, dnia 15 listopada 1965"
DU,1965,46,1965-11-17,parser+ocr300,1965-11-17,text:warszawa,1965-11-17,,DU/1965/288,8,8,"' LUDOWEJ Warszawa, dnia 17 listopada 1965"
DU,1965,47,1965-11-19,parser+ocr300,1965-11-19,ocr:warszawa,1965-11-19,,DU/1965/296,3,3,"UDOWEJ ą Warszawa, dnia 19 listopada 1965"
DU,1965,48,1965-11-25,parser+ocr300,1965-11-25,ocr:warszawa,1965-11-25,,DU/1965/299,4,4,"> Warszawa, dnia 25 listopada 1965"
DU,1965,49,1965-11-29,parser+ocr300,1965-11-29,text:warszawa,1965-11-29,,DU/1965/303,5,5,"D()Wf~ ,J Warszawa, dnia 29 listopada 1965"
DU,1965,50,1965-12-01,parser+ocr300,1965-12-01,text:warszawa,1965-12-01,,DU/1965/308,6,6,"J - . I Warszawa, dnia l grudnia 1965"
DU,1965,51,1965-12-15,parser+ocr300,1965-12-15,ocr:warszawa,1965-12-15,,DU/1965/314,4,4," LUDOWEJ Warszawa, dnia 15 grudnia 1965"
DU,1965,52,1965-12-18,parser+ocr300,1965-12-18,text:warszawa,1965-12-18,,DU/1965/318,13,13,"UDOWEJ , Warszawa, dnia 18 grudnia 1965"
DU,1965,53,1965-12-22,parser+ocr300,1965-12-22,ocr:warszawa,1965-12-22,,DU/1965/331,1,1," LUDOWEJ Warszawa, dnia 22 grudnia 1965"
DU,1965,54,1965-12-27,parser+ocr300,1965-12-27,text:warszawa,1965-12-27,,DU/1965/332,6,6,"'LUD,OWEJ Warszawa, dnia 27 grudnia 1965"
DU,1965,55,1965-12-30,obraz+parser,1965-12-30,ocr:warszawa,1965-12-30,1965-12-30,DU/1965/338,16,16,"PANC etu Warszawa, dnia 30 grudnia 1965"
DU,1966,1,1966-01-11,parser+ocr300,1966-01-11,ocr:warszawa,1966-01-11,,DU/1966/1,6,6," LUDOWEJ Warszawa, dnia 11 stycznia 1966"
DU,1966,2,1966-01-14,parser+ocr300,1966-01-14,text:warszawa,1966-01-14,,DU/1966/7,6,6,"UDO·WEJ ' Warszawa, dnia 14 stycznia 1966"
DU,1966,3,1966-01-21,parser+ocr300,1966-01-21,text:warszawa,1966-01-21,,DU/1966/13,6,6,"J LUDOWEJ Warszawa, dnia 21 stycznia 1966"
DU,1966,4,1966-01-28,parser+ocr300,1966-01-28,text:warszawa,1966-01-28,,DU/1966/19,10,10,"J LUDOWEJ Warszawa, dnia 28 stycznia 1966"
DU,1966,5,1966-02-04,parser+ocr300,1966-02-04,text:warszawa,1966-02-04,,DU/1966/29,3,3,"J LUDOWEJ Warszawa, dnia 4 lutego 1966"
DU,1966,6,1966-02-10,parser+ocr300,1966-02-10,ocr:warszawa,1966-02-10,,DU/1966/32,9,9," LUDOWEJ Warszawa, dnia 10 lutego 1966"
DU,1966,7,1966-02-19,parser+ocr300,1966-02-19,text:warszawa,1966-02-19,,DU/1966/41,7,7,W EJ . I Warszawa. dnia 19 lutego 1966
DU,1966,8,1966-03-03,parser+ocr300,1966-03-03,text:warszawa,1966-03-03,,DU/1966/48,8,8,"LUDO\tVEJ Warszawa, dnia 3 marca 1966"
DU,1966,9,1966-03-12,parser+ocr300,1966-03-12,text:warszawa,1966-03-12,,DU/1966/56,6,6,"J LUDOWEJ Warszawa, dnia 12 marca 1966"
DU,1966,10,1966-03-18,parser+ocr300,1966-03-18,text:warszawa,1966-03-18,,DU/1966/62,5,5,"J LUDOWEJ Warszawa, dnia 18 marca 1966"
DU,1966,11,1966-03-21,parser+ocr300,1966-03-21,ocr:warszawa,1966-03-21,,DU/1966/67,7,7," LUDOWEJ Warszawa, dnia 21 marca 1966"
DU,1966,12,1966-03-24,parser+ocr300,1966-03-24,ocr:warszawa,1966-03-24,,DU/1966/74,6,6," LUDOWEJ Warszawa, dnia 24 marca 1966"
DU,1966,13,1966-03-31,parser+ocr300,1966-03-31,text:warszawa,1966-03-31,,DU/1966/80,5,5,") \\I' EJ Warszawa, dnia 31 marca 1966"
DU,1966,14,1966-04-29,parser+ocr300,1966-04-29,text:warszawa,1966-04-29,,DU/1966/85,6,6,"J LUDOWEJ Warszawa, dnia 29 kwietnia 1966"
DU,1966,15,1966-05-05,parser+ocr300,1966-05-05,text:warszawa,1966-05-05,,DU/1966/91,8,8,"O()W·EJ . Warszawa, dnia 5 maja 1966"
DU,1966,16,1966-05-16,parser+ocr300,1966-05-16,text:warszawa,1966-05-16,,DU/1966/99,9,9,"IJf)()WEJ Warszawa, dnia 16 maja 1966"
DU,1966,17,1966-05-20,parser+ocr300,1966-05-20,ocr:warszawa,1966-05-20,,DU/1966/108,5,5,"Warszawa, dnia 20 maja 1966"
DU,1966,18,1966-05-25,parser+ocr300,1966-05-25,text:warszawa,1966-05-25,,DU/1966/113,7,7," LUDOWE:J Warszawa, dnia 25 maja 1966"
DU,1966,19,1966-05-28,parser+ocr300,1966-05-28,ocr:warszawa,1966-05-28,,DU/1966/120,2,2,"UDOWEJ - Warszawa, dnia 28 maja 1966"
DU,1966,20,1966-06-10,parser+ocr300,1966-06-10,ocr:warszawa,1966-06-10,,DU/1966/122,13,13,"OWEJ 1 | Warszawa, dnia 10 czerwca 1966"
DU,1966,21,1966-06-13,parser+ocr300,1966-06-13,text:warszawa,1966-06-13,,DU/1966/135,5,5,"·LUDOVVEJ Warszawa, dnia 13 czerwca 1966"
DU,1966,22,1966-06-21,parser+ocr300,1966-06-21,ocr:warszawa,1966-06-21,,DU/1966/140,7,7," LUDOWEJ Warszawa, dnia 21 czerwca 1966"
DU,1966,23,1966-06-23,parser+ocr300,1966-06-23,ocr:warszawa,1966-06-23,,DU/1966/147,4,4," LUDOWEJ Warszawa, dnia 23 czerwca 1966"
DU,1966,25,1966-06-30,parser+ocr300,1966-06-30,ocr:warszawa,1966-06-30,,DU/1966/152,3,3,".LUDOWEJ Warszawa, dnia 30 czerwca 1966"
DU,1966,26,1966-07-05,parser+ocr300,1966-07-05,ocr:warszawa,1966-07-05,,DU/1966/155,9,9," LUDOWEJ Warszawa, dnia 5 lipca 1966"
DU,1966,27,1966-07-09,parser+ocr300,1966-07-09,ocr:warszawa,1966-07-09,,DU/1966/164,3,3," LUDOWEJ Warszawa, dnia 9 lipca 1966"
DU,1966,28,1966-07-18,parser+ocr300,1966-07-18,ocr:warszawa,1966-07-18,,DU/1966/167,9,9," LUDOWEJ Warszawa, dnia 18 lipca 1966"
DU,1966,29,1966-07-30,obraz+ocr300,,none,1966-07-30,1966-07-30,DU/1966/176,4,4,
DU,1966,30,1966-08-04,parser+ocr300,1966-08-04,ocr:warszawa,1966-08-04,,DU/1966/180,3,3," LUDOWEJ Warszawa, dnia 4 sierpnia 1966"
DU,1966,31,1966-08-09,parser+ocr300,1966-08-09,text:warszawa,1966-08-09,,DU/1966/183,7,7,"----------Warszawa, dnia 9 sierpnia 1966"
DU,1966,32,1966-08-11,parser+ocr300,1966-08-11,ocr:warszawa,1966-08-11,,DU/1966/190,9,9," LUDOWEJ Warszawa, dnia 11 sierpnia 1966"
DU,1966,33,1966-08-15,parser+ocr300,1966-08-15,ocr:warszawa,1966-08-15,,DU/1966/199,5,5," LUDOWEJ Warszawa, dnia 15 sierpnia 1966"
DU,1966,34,1966-08-27,parser+ocr300,1966-08-27,ocr:warszawa,1966-08-27,,DU/1966/204,6,6,"A Warszawa, dnia 27 sierpnia 1966"
DU,1966,35,1966-09-05,parser+ocr300,1966-09-05,text:warszawa,1966-09-05,,DU/1966/210,7,7,"J LUDOWEJ Warszawa, dnia 5 września 1966"
DU,1966,36,1966-09-09,parser+ocr300,1966-09-09,ocr:warszawa,1966-09-09,,DU/1966/217,8,8," LUDOWEJ Warszawa, dnia 9 września 1966"
DU,1966,37,1966-09-10,parser+ocr300,1966-09-10,ocr:warszawa,1966-09-10,,DU/1966/225,3,3," LUDOWEJ Warszawa, dnia 10 września 1966"
DU,1966,38,1966-09-17,parser+ocr300,1966-09-17,ocr:warszawa,1966-09-17,,DU/1966/228,5,5,"LUDOWEJ. Warszawa, dnia 17 września 1966"
DU,1966,39,1966-09-23,parser+ocr300,1966-09-23,ocr:warszawa,1966-09-23,,DU/1966/233,3,3,"UDOWEJ - Warszawa, dnia 23 września 1966"
DU,1966,40,1966-09-26,parser+ocr300,1966-09-26,ocr:warszawa,1966-09-26,,DU/1966/236,10,10," LUDOWEJ Warszawa, dnia 26 września 1966"
DU,1966,41,1966-10-04,parser+ocr300,1966-10-04,ocr:warszawa,1966-10-04,,DU/1966/246,7,7,"=; Warszawa, dnia 4 października 1966"
DU,1966,43,1966-10-18,parser+ocr300,1966-10-18,ocr:warszawa,1966-10-18,,DU/1966/256,3,3," LUDOWEJ Warszawa, dnia 18 października 1966"
DU,1966,44,1966-10-31,parser+ocr300,1966-10-31,ocr:warszawa,1966-10-31,,DU/1966/259,18,18," LUDOWEJ Warszawa, dnia 31 października 1966"
DU,1966,45,1966-11-05,parser+ocr300,1966-11-05,ocr:warszawa,1966-11-05,,DU/1966/277,4,4,"Warszawa, dnia 5 listopada 1966"
DU,1966,46,1966-11-15,parser+ocr300,1966-11-15,ocr:warszawa,1966-11-15,,DU/1966/281,12,12,"UDOWEJ R Warszawa, dnia 15 listopada 1966"
DU,1966,47,1966-11-16,obraz+ocr300,,none,1966-11-16,1966-11-16,DU/1966/293,3,3,
DU,1966,48,1966-11-18,parser+ocr300,1966-11-18,ocr:warszawa,1966-11-18,,DU/1966/296,3,3," LUDOWEJ Warszawa, dnia 18 listopada 1966"
DU,1966,49,1966-12-03,parser+ocr300,1966-12-03,ocr:warszawa,1966-12-03,,DU/1966/299,6,6,"Warszawa, dnia 3 grudnia 1966"
DU,1966,50,1966-12-08,parser+ocr300,1966-12-08,text:warszawa,1966-12-08,,DU/1966/305,6,6,"J ,. i Warszawa, dnia 8 grudnia 1966"
DU,1966,51,1966-12-12,parser+ocr300,1966-12-12,ocr:warszawa,1966-12-12,,DU/1966/311,4,4,"UDOWEJ ź Warszawa, dnia 12 grudnia 1966"
DU,1966,52,1966-12-21,parser+ocr300,1966-12-21,ocr:warszawa,1966-12-21,,DU/1966/315,6,6,"Warszawa, dnia 21 grudnia 1966"
DU,1966,53,1966-12-29,parser+ocr300,1966-12-29,ocr:warszawa,1966-12-29,,DU/1966/321,1,1," LUDOWEJ Warszawa, dnia 29 grudnia 1966"
DU,1966,54,1966-12-30,parser+ocr300,1966-12-30,ocr:warszawa,1966-12-30,,DU/1966/322,9,9,"” Warszawa, dnia 30 grudnia 1966"
DU,1967,1,1967-01-02,parser+ocr300,1967-01-02,ocr:warszawa,1967-01-02,,DU/1967/1,4,4," LUDOWEJ Warszawa, dnia 2 stycznia 1967"
DU,1967,2,1967-01-12,parser+ocr300,1967-01-12,ocr:warszawa,1967-01-12,,DU/1967/5,3,3," LUDOWEJ Warszawa, dnia 12 stycznia 1967"
DU,1967,3,1967-01-25,parser+ocr300,1967-01-25,ocr:warszawa,1967-01-25,,DU/1967/8,5,5," LUDOWFI Warszawa, dnia 25 stycznia 1967"
DU,1967,4,1967-02-02,parser+ocr300,1967-02-02,text:warszawa,1967-02-02,,DU/1967/13,5,5," LUDOW'EJ Warszawa, dnia 2 lutego 1967"
DU,1967,5,1967-02-10,parser+ocr300,1967-02-10,text:warszawa,1967-02-10,,DU/1967/18,2,2,"LUD:OvVEJ Warszawa, dnia 10 lutego 1967"
DU,1967,6,1967-02-18,parser+ocr300,1967-02-18,text:warszawa,1967-02-18,,DU/1967/20,9,9,"-O \tv EJ Warszawa, dnia 18 lutego 1967"
DU,1967,7,1967-02-27,parser+ocr300,1967-02-27,ocr:warszawa,1967-02-27,,DU/1967/29,2,2," LUDOWEJ Warszawa, dnia 27 lutego 1967"
DU,1967,8,1967-03-15,parser+ocr300,1967-03-15,ocr:warszawa,1967-03-15,,DU/1967/31,9,9," LUDOWEJ Warszawa, dnia 15 marca 1967"
DU,1967,9,1967-03-21,parser+ocr300,1967-03-21,ocr:warszawa,1967-03-21,,DU/1967/40,2,2,"IK USTAW Warszawa, dnia 21 marca 1967"
DU,1967,10,1967-03-24,parser+ocr300,1967-03-24,ocr:warszawa,1967-03-24,,DU/1967/42,5,5," LUDOWEJ Warszawa, dnia 24 marca 1967"
DU,1967,11,1967-03-31,parser+ocr300,1967-03-31,ocr:warszawa,1967-03-31,,DU/1967/47,2,2," LUDOWEJ Warszawa, dnia 31 marca 1967"
DU,1967,12,1967-04-08,parser+ocr300,1967-04-08,ocr:warszawa,1967-04-08,,DU/1967/49,6,6," LUDOWEJ Warszawa, dnia 8 kwietnia 1967"
DU,1967,13,1967-04-19,parser+ocr300,1967-04-19,ocr:warszawa,1967-04-19,,DU/1967/55,8,8," LUDOWEJ Warszawa, dnia 19 kwietnia 1967"
DU,1967,14,1967-04-29,parser+ocr300,1967-04-29,ocr:warszawa,1967-04-29,,DU/1967/63,2,2," LUDOWEJ Warszawa, dnia 29 kwietnia 1967"
DU,1967,15,1967-05-06,parser+ocr300,1967-05-06,text:warszawa,1967-05-06,,DU/1967/65,7,7,"J LUDOWEJ Warszawa, dnia 6 maja 1967"
DU,1967,16,1967-05-13,parser+ocr300,1967-05-13,text:warszawa,1967-05-13,,DU/1967/72,7,7,"DQOWEJ • Warszawa, dnia 13 maja 1967"
DU,1967,17,1967-05-16,parser+ocr300,1967-05-16,text:warszawa,1967-05-16,,DU/1967/79,3,3," LlJOOWEJ Warszawa, dnia 16 maja 1967"
DU,1967,18,1967-05-20,parser+ocr300,1967-05-20,ocr:warszawa,1967-05-20,,DU/1967/82,2,2," LUDOWEJ Warszawa, dnia 20 maja 1967"
DU,1967,19,1967-05-26,parser+ocr300,1967-05-26,text:warszawa,1967-05-26,,DU/1967/84,4,4,"WEJ . , Warszawa, dnia 26 maja 1967"
DU,1967,20,1967-05-31,parser+ocr300,1967-05-31,text:warszawa,1967-05-31,,DU/1967/88,6,6," \' EJ J Warszawa, dnia 31 maja 1967"
DU,1967,21,1967-06-06,parser+ocr300,1967-06-06,text:warszawa,1967-06-06,,DU/1967/94,4,4," LUDOvVEJ Warszawa, dnia 6 czerwca 1967"
DU,1967,22,1967-06-15,parser+ocr300,1967-06-15,text:warszawa,1967-06-15,,DU/1967/98,10,10,"UD()WEJ ' Warszawa, dnia 15 czerwca 1967"
DU,1967,23,1967-06-19,parser+ocr300,1967-06-19,text:warszawa,1967-06-19,,DU/1967/108,2,2,"J LUDOWE) Warszawa, dnia 19 czerwca 1967"
DU,1967,24,1967-06-20,parser+ocr300,1967-06-20,ocr:warszawa,1967-06-20,,DU/1967/110,2,2," LUDOWEJ Warszawa, dnia 20 czerwca 1967"
DU,1967,25,1967-06-29,parser+ocr300,1967-06-29,ocr:warszawa,1967-06-29,,DU/1967/112,7,7," LUDOWEJ Warszawa, dnia 29 czerwca 1967"
DU,1967,26,1967-07-08,parser+ocr300,1967-07-08,text:warszawa,1967-07-08,,DU/1967/119,6,6," ... . \Varszawa, dnia 8 lipca 1967"
DU,1967,27,1967-07-12,parser+ocr300,1967-07-12,ocr:warszawa,1967-07-12,,DU/1967/125,3,3,"OWEJ ""7 Warszawa, dnia 12 lipca 1967"
DU,1967,28,1967-07-20,parser+ocr300,1967-07-20,ocr:warszawa,1967-07-20,,DU/1967/128,6,6,"OWEJ Ń . Warszawa, dnia 20 lipca 1967"
DU,1967,29,1967-07-25,obraz+parser,1967-07-25,text:warszawa,1967-07-25,1967-07-25,DU/1967/134,7,7,"U D()\VEJ Warszawa, dnia 25 lipca 1967"
DU,1967,30,1967-07-29,parser+ocr300,1967-07-29,text:warszawa,1967-07-29,,DU/1967/141,13,13,"LU-OOWEJ 'Varszama, dnia 29 lipca 1967"
DU,1967,31,1967-08-04,parser+ocr300,1967-08-04,text:warszawa,1967-08-04,,DU/1967/154,3,3,"J Nr 31 Warszawa, dnia 4 sierpnia 1967"
DU,1967,32,1967-08-08,parser+ocr300,1967-08-08,text:warszawa,1967-08-08,,DU/1967/157,6,6," O \\t'EJ WarszaUJa, dnia 8 sierpnia 1967"
DU,1967,33,1967-08-14,parser+ocr300,1967-08-14,text:warszawa,1967-08-14,,DU/1967/163,8,8,"J LUDOWEJ Wars~awa, ' dnia 14 sierpnia 1967"
DU,1967,35,1967-08-26,parser+ocr300,1967-08-26,ocr:warszawa,1967-08-26,,DU/1967/173,9,9,"Warszawa, dnia 26 sierpnia 1967"
DU,1967,36,,bez odczytu (do obrazu),,none,,,DU/1967/182,9,9,
DU,1967,37,1967-09-16,parser+ocr300,1967-09-16,ocr:warszawa,1967-09-16,,DU/1967/191,7,7," LUDOWEJ Warszawa, dnia 16 września 1967"
DU,1967,38,1967-09-26,parser+ocr300,1967-09-26,text:warszawa,1967-09-26,,DU/1967/198,2,2," LUDO\VEJ Warszawa, dnia 26 września 1967"
DU,1967,39,1967-10-12,parser+ocr300,1967-10-12,ocr:warszawa,1967-10-12,,DU/1967/200,1,1," USTAW , Warszawa, dnia 12 października 1967"
DU,1967,40,1967-10-21,obraz+ocr300,,none,1967-10-21,1967-10-21,DU/1967/201,4,4,
DU,1967,41,1967-11-03,parser+ocr300,1967-11-03,text:warszawa,1967-11-03,,DU/1967/205,4,4," LUDOWEJ \Varszawa, dnia 3 listopada 1967"
DU,1967,42,1967-11-21,parser+ocr300,1967-11-21,ocr:warszawa,1967-11-21,,DU/1967/209,6,6," LUDOWEJ Warszawa, dnia 21 listopada 1967"
DU,1967,43,1967-11-25,obraz+parser,1967-11-25,ocr:warszawa,1967-11-25,1967-11-25,DU/1967/215,5,5," LUDOWEJ Warszawa, dnia 25 listopada 1967"
DU,1967,45,1967-12-11,parser+ocr300,1967-12-11,ocr:warszawa,1967-12-11,,DU/1967/221,7,7," LUDOWEJ Warszawa, dnia Il grudnia 1967"
DU,1967,46,1967-12-20,parser+ocr300,1967-12-20,ocr:warszawa,1967-12-20,,DU/1967/228,3,3," LUDOWEJ Warszawa, dnia 20 grudnia 1967"
DU,1967,47,1967-12-27,obraz+parser,1967-12-27,ocr:warszawa,1967-12-27,1967-12-27 1967-12-27,DU/1967/231,1,1," LUDOWEJ Warszawa, dnia 27 grudnia 1967"
DU,1967,48,1967-12-29,parser+ocr300,1967-12-29,ocr:warszawa,1967-12-29,,DU/1967/232,16,16," LUDOWEJ Warszawa, dnia 29 grudnia 1967"
DU,1968,1,1968-01-12,parser+ocr300,1968-01-12,ocr:warszawa,1968-01-12,,DU/1968/1,2,2," LUDOWEJ Warszawa, dnia 12 stycznia 1968"
DU,1968,2,1968-01-22,parser+ocr300,1968-01-22,ocr:warszawa,1968-01-22,,DU/1968/3,3,3," LUDOWEJ Warszawa, dnia 22 stycznia 1968"
DU,1968,3,1968-01-27,parser+ocr300,1968-01-27,text:warszawa,1968-01-27,,DU/1968/6,16,16," LUDOWEJ \Varszawa, dnia 27 stycznia 1968"
DU,1968,4,,bez odczytu (do obrazu),,none,,,DU/1968/22,7,7,
DU,1968,5,1968-02-27,parser+ocr300,1968-02-27,text:warszawa,1968-02-27,,DU/1968/29,6,6,"J LUDOWEJ Warszawa, dnia 27 lutego 1968"
DU,1968,6,1968-03-05,parser+ocr300,1968-03-05,ocr:warszawa,1968-03-05,,DU/1968/35,6,6," LUDOWEJ Warszawa, dnia 5 marca 1968"
DU,1968,7,1968-03-14,parser+ocr300,1968-03-14,text:warszawa,1968-03-14,,DU/1968/41,3,3,"UDO 'WEJ -Warszawa, dnia 14 marca 1968"
DU,1968,8,1968-03-20,parser+ocr300,1968-03-20,ocr:warszawa,1968-03-20,,DU/1968/44,4,4," LUDOWEJ Warszawa, dnia 20 marca 1968"
DU,1968,9,1968-03-29,parser+ocr300,1968-03-29,ocr:warszawa,1968-03-29,,DU/1968/48,3,3," LUDOWEJ Warszawa, dnia 29 marca 1968"
DU,1968,10,1968-04-10,parser+ocr300,1968-04-10,text:warszawa,1968-04-10,,DU/1968/51,4,4,"J Nr 10 Warszawa, dnia 10 kwietnia 1968"
DU,1968,11,1968-04-12,parser+ocr300,1968-04-12,text:warszawa,1968-04-12,,DU/1968/55,8,8,"J LUDOWEJ Warszawa, dnia 12 kwietnia 1968"
DU,1968,12,1968-04-17,parser+ocr300,1968-04-17,text:warszawa,1968-04-17,,DU/1968/63,8,7,"UDOWEJ s Warszawa, dnia 17 kwietnia 1968"
DU,1968,13,1968-04-26,parser+ocr300,1968-04-26,ocr:warszawa,1968-04-26,,DU/1968/71,9,9," LUDOWEJ Warszawa, dnia 26 kwietnia 1968"
DU,1968,14,1968-05-15,obraz+parser,1968-05-15,ocr:warszawa,,1968-05-15,DU/1968/80,9,9," LUDOWEJ Warszawa, dnia 15 maja 1968"
DU,1968,15,1968-05-24,parser+ocr300,1968-05-24,text:warszawa,1968-05-24,,DU/1968/89,10,10,"J LUDOWEJ Warszawa, dnia 24 maja 1968"
DU,1968,16,1968-06-04,parser+ocr300,1968-06-04,text:warszawa,1968-06-04,,DU/1968/99,8,8,"UDOWEJ "" Warszawa, dnia 4 czerwca 1968"
DU,1968,17,1968-06-07,parser+ocr300,1968-06-07,text:warszawa,1968-06-07,,DU/1968/107,3,3,"----------Warszawa, dnia 7 czerwca 1968"
DU,1968,18,1968-06-14,parser+ocr300,1968-06-14,text:warszawa,1968-06-14,,DU/1968/110,10,10,"J LUDOWEJ Warszawa, dnia 14 czerwca 1968"
DU,1968,19,1968-06-20,parser+ocr300,1968-06-20,text:warszawa,1968-06-20,,DU/1968/120,2,2,"LUDOWEJ / Warszawa, dnia 20 czerwca 1968"
DU,1968,20,1968-06-22,parser+ocr300,1968-06-22,ocr:warszawa,1968-06-22,,DU/1968/122,10,10," LUDOWEJ Warszawa, dnia 22 czerwca 1968"
DU,1968,21,1968-06-29,parser+ocr300,1968-06-29,text:warszawa,1968-06-29,,DU/1968/132,11,11,"J LUDOWEJ Warszawa, dnia 29 czerwca 1968"
DU,1968,22,1968-07-03,parser+ocr300,1968-07-03,text:warszawa,1968-07-03,,DU/1968/143,8,8," J • , Warszawa, 'dnia 3 lipca 1968"
DU,1968,23,1968-07-10,parser+ocr300,1968-07-10,ocr:warszawa,1968-07-10,,DU/1968/151,10,10," LUDOWEJ Warszawa, dnia 10 lipca 1968"
DU,1968,24,1968-07-15,parser+ocr300,1968-07-15,ocr:warszawa,1968-07-15,,DU/1968/161,3,3,"Warszawa, dnia 15 lipca 1968"
DU,1968,25,,bez odczytu (do obrazu),,none,,,DU/1968/164,6,6,
DU,1968,26,1968-07-25,parser+ocr300,1968-07-25,text:warszawa,1968-07-25,,DU/1968/170,13,13,"U.D.OWE J Warszawa, dnia 25 lipca 1968"
DU,1968,27,1968-07-27,parser+ocr300,1968-07-27,ocr:warszawa,1968-07-27,,DU/1968/183,1,1,"OWE. I + Warszawa, dnia 27 lipca 1968"
DU,1968,28,1968-08-03,parser+ocr300,1968-08-03,text:warszawa,1968-08-03,,DU/1968/184,4,4,"J LUDOWEJ Warszawa, dnia 3 sierpnia 1968"
DU,1968,29,1968-08-05,parser+ocr300,1968-08-05,ocr:warszawa,1968-08-05,,DU/1968/188,9,9," LUDOWEJ Warszawa, dnia 5 sierpnia 1968"
DU,1968,30,1968-08-09,parser+ocr300,1968-08-09,ocr:warszawa,1968-08-09,,DU/1968/197,7,7,"Warszawa, dnia 9 sierpnia 1968"
DU,1968,31,1968-08-16,obraz+parser,1968-08-16,ocr:warszawa,1968-08-16,1968-08-16,DU/1968/204,12,12," LUDOWEJ Warszawa, dnia 16 sierpnia 1968"
DU,1968,32,1968-08-24,parser+ocr300,1968-08-24,ocr:warszawa,1968-08-24,,DU/1968/216,11,11," LUDOWEJ Warszawa, dnia 24 sierpnia 1968"
DU,1968,33,1968-08-29,parser+ocr300,1968-08-29,ocr:warszawa,1968-08-29,,DU/1968/227,3,3," LUDOWEJ Warszawa, dnia 29 sierpnia 1968"
DU,1968,34,1968-09-05,parser+ocr300,1968-09-05,ocr:warszawa,1968-09-05,,DU/1968/230,13,13," LUDOWEJ Warszawa, dnia 5 września 1968"
DU,1968,35,1968-09-19,parser+ocr300,1968-09-19,ocr:warszawa,1968-09-19,,DU/1968/243,4,4," LUDOWEJ Warszawa, dnia 19 września 1968"
DU,1968,36,1968-09-28,parser+ocr300,1968-09-28,text:warszawa,1968-09-28,,DU/1968/247,12,12,O WEJ ~' Warsz~wa; dnia 28 września 1968
DU,1968,37,1968-10-04,parser+ocr300,1968-10-04,text:warszawa,1968-10-04,,DU/1968/259,12,12,"OWEJ ./ Warszawa, dnia 4 października 1968"
DU,1968,38,1968-10-07,parser+ocr300,1968-10-07,ocr:warszawa,1968-10-07,,DU/1968/271,6,6," LUDOWEJ Warszawa, dnia 7 października 1968"
DU,1968,39,1968-10-18,parser+ocr300,1968-10-18,text:warszawa,1968-10-18,,DU/1968/277,6,6," LUDOWEJ Warszawa, dnia 18 października 1968"
DU,1968,40,1968-11-05,parser+ocr300,1968-11-05,ocr:warszawa,1968-11-05,,DU/1968/283,7,7," LUDOWEJ Warszawa, dnia 5 listopada 1968"
DU,1968,41,1968-11-14,parser+ocr300,1968-11-14,ocr:warszawa,1968-11-14,,DU/1968/290,3,3," LUDOWEJ Warszawa, dnia 14 listopada 1968"
DU,1968,42,1968-11-19,parser+ocr300,1968-11-19,ocr:warszawa,1968-11-19,,DU/1968/293,16,16,"UDOWEJ ” Warszawa, dnia 19 listopada 1968"
DU,1968,43,1968-11-28,parser+ocr300,1968-11-28,text:warszawa,1968-11-28,,DU/1968/309,9,9," N,r 43 Warszawa, dnia 28 listopada 1968"
DU,1968,44,,bez odczytu (do obrazu),,none,,,DU/1968/318,8,8,
DU,1968,46,1968-12-27,parser+ocr300,1968-12-27,ocr:warszawa,1968-12-27,,DU/1968/334,4,4," LUDOWEJ Warszawa, dnia 27 grudnia 1968"
DU,1968,47,1968-12-30,parser+ocr300,1968-12-30,text:warszawa,1968-12-30,,DU/1968/338,1,1,"E] 'j , Warszawa, .dnia 30 grudnia 1968"
DU,1968,48,1968-12-31,parser+ocr300,1968-12-31,text:warszawa,1968-12-31,,DU/1968/339,12,12,"WEJ / \ Warszawa, dnia 31 grudnia 1968"
DU,1969,1,1969-01-09,parser+ocr300,1969-01-09,text:warszawa,1969-01-09,,DU/1969/1,12,12,"J LUDOWEJ Warszawa, dnia 9 stycznia 1969"
DU,1969,2,1969-01-17,parser+ocr300,1969-01-17,ocr:warszawa,1969-01-17,,DU/1969/13,3,3," LUDOWEJ Warszawa, dnia 17 stycznia 1969"
DU,1969,3,1969-01-29,parser+ocr300,1969-01-29,text:warszawa,1969-01-29,,DU/1969/16,6,6,"__ Nr ,3 \Varszawa, dnia 29 stycznia 1969"
DU,1969,4,1969-02-10,parser+ocr300,1969-02-10,text:warszawa,1969-02-10,,DU/1969/22,11,11," .LUDOWEJ Warszawa, dnia 10 lutego 1969"
DU,1969,5,1969-02-27,parser+ocr300,1969-02-27,text:warszawa,1969-02-27,,DU/1969/33,11,11,"LUDOWEJ . WarsZllwa, dnia 27 lutego 1969"
DU,1969,6,1969-03-13,parser+ocr300,1969-03-13,text:warszawa,1969-03-13,,DU/1969/44,13,13,"J LUDOWEJ Warszawa, dnia 13 marca 1969"
DU,1969,7,1969-03-18,obraz+ocr300 (trzeci odczyt inny),1969-03-13,text:warszawa,1969-03-18,1969-03-18,DU/1969/57,5,5," L,UDOWEJ Warszłiwa, dnia 13 marca 1969"
DU,1969,8,1969-03-26,parser+ocr300,1969-03-26,text:warszawa,1969-03-26,,DU/1969/62,3,3,"J LUDOWEJ Warszawa, dnia 26 marca 1969"
DU,1969,9,1969-04-04,parser+ocr300,1969-04-04,ocr:warszawa,1969-04-04,,DU/1969/65,5,5," LUDOWEJ Warszawa, dnia 4 kwietnia 1969"
DU,1969,10,1969-04-23,parser+ocr300,1969-04-23,ocr:warszawa,1969-04-23,,DU/1969/70,9,9," LUDOWEJ Warszawa, dnia 23 kwietnia 1969"
DU,1969,11,1969-04-25,parser+ocr300,1969-04-25,ocr:warszawa,1969-04-25,,DU/1969/79,5,5," LUDOWEJ Warszawa, dnia 25 kwietnia 1969"
DU,1969,12,1969-05-06,parser+ocr300,1969-05-06,text:warszawa,1969-05-06,,DU/1969/84,10,10,"J LUDOWEJ Warszawa, dnia 6 maja 1969"
DU,1969,13,1969-05-14,parser+ocr300,1969-05-14,ocr:warszawa,1969-05-14,,DU/1969/94,5,5," LUDOWEJ Warszawa, dnia 14 maja 1969"
DU,1969,14,1969-05-16,parser+ocr300,1969-05-16,text:warszawa,1969-05-16,,DU/1969/99,5,5,"J LUDOWEJ Warszawa, dnia 16 maja 1969"
DU,1969,15,1969-05-23,parser+ocr300,1969-05-23,ocr:warszawa,1969-05-23,,DU/1969/104,12,12," LUDOWEJ Warszawa, dnia 23 maja 1969"
DU,1969,16,1969-05-30,parser+ocr300,1969-05-30,ocr:warszawa,1969-05-30,,DU/1969/116,9,9," LUDOWEJ Warszawa, dnia 30 maja 1969"
DU,1969,17,1969-06-23,parser+ocr300,1969-06-23,ocr:warszawa,1969-06-23,,DU/1969/125,9,9," LUDOWEJ Warszawa, dnia 23 czerwca 1969"
DU,1969,18,1969-06-27,parser+ocr300,1969-06-27,text:warszawa,1969-06-27,,DU/1969/134,10,10,"J LUDOWEJ Warszawa, dnia 27 czerwca 1969"
DU,1969,19,1969-07-05,parser+ocr300,1969-07-05,text:warszawa,1969-07-05,,DU/1969/144,4,4,"J LUDOWEJ Warszawa, dnia 5 lipca 1969"
DU,1969,20,1969-07-11,parser+ocr300,1969-07-11,text:warszawa,1969-07-11,,DU/1969/148,3,3,"LUDO 'WEJ Warszawa, dnia 11 lipca 1969"
DU,1969,21,1969-07-24,parser+ocr300,1969-07-24,ocr:warszawa,1969-07-24,,DU/1969/151,4,3," LUDOWEJ Warszawa, dnia 24 lipca 1969"
DU,1969,22,1969-07-31,obraz+parser,1969-07-31,ocr:warszawa,,1969-07-31,DU/1969/155,9,9," LUDOWEJ Warszawa, dnia 31 lipca 1969"
DU,1969,23,1969-08-13,parser+ocr300,1969-08-13,ocr:warszawa,1969-08-13,,DU/1969/164,12,12," LUDOWEJ Warszawa, dnia 13 Sierpnia 1969"
DU,1969,24,1969-08-18,parser+ocr300,1969-08-18,ocr:warszawa,1969-08-18,,DU/1969/176,11,11," LUDOWEJ Warszawa, dnia 18 sierpnia 1969"
DU,1969,25,1969-09-06,parser+ocr300,1969-09-06,text:warszawa,1969-09-06,,DU/1969/187,19,19,"-------- Warszawa, dnia 6 września 1969"
DU,1969,26,1969-09-13,parser+ocr300,1969-09-13,text:warszawa,1969-09-13,,DU/1969/206,4,4," LUDO-WEJ Warszawa, dnia 13 września 1969"
DU,1969,27,1969-09-29,parser+ocr300,1969-09-29,ocr:warszawa,1969-09-29,,DU/1969/210,10,10," LUDOWEJ Warszawa, dnia 29 września 1969"
DU,1969,28,1969-10-06,parser+ocr300,1969-10-06,text:warszawa,1969-10-06,,DU/1969/220,6,6,"J LUDOWEJ Warszawa, dnia 6 października 1969"
DU,1969,29,1969-10-31,parser+ocr300,1969-10-31,text:warszawa,1969-10-31,,DU/1969/226,10,10,"J LUDOWEJ Warszawa, dnia 31 października 1969"
DU,1969,30,1969-11-07,parser+ocr300,1969-11-07,text:warszawa,1969-11-07,,DU/1969/236,16,16,"LUD()\VEJ Warszuwa, dnia 7 listopada 1969"
DU,1969,31,1969-11-08,parser+ocr300,1969-11-08,text:warszawa,1969-11-08,,DU/1969/252,20,20,"J LUDOWEJ Warszawa, dnia 8 listopada 1969"
DU,1969,32,1969-11-14,parser+ocr300,1969-11-14,ocr:warszawa,1969-11-14,,DU/1969/272,8,8," LUDOWEJ Warszawa, dnia 14 listopada 1969"
DU,1969,33,1969-11-27,parser+ocr300,1969-11-27,ocr:warszawa,1969-11-27,,DU/1969/280,4,4," LUDOWEJ Warszawa, dnia 27 listopada 1969"
DU,1969,34,1969-12-16,parser+ocr300,1969-12-16,text:warszawa,1969-12-16,,DU/1969/284,11,11,"OWEJ. ""- Warszawa, dnia i6 grudnia 1969"
DU,1969,35,1969-12-22,parser+ocr300,1969-12-22,ocr:warszawa,1969-12-22,,DU/1969/295,15,15," LUDOWEJ Warszawa, dnia 22 grudnia 1969"
DU,1969,36,1969-12-29,parser+ocr300,1969-12-29,text:warszawa,1969-12-29,,DU/1969/310,1,1,"J Nr 36 Warszawa, dnia 29 grudnia 1969"
DU,1969,37,1969-12-30,parser+ocr300,1969-12-30,ocr:warszawa,1969-12-30,,DU/1969/311,17,17," LUDOWEJ Warszawa, dnia 30 grudnia 1969"
DU,1970,1,1970-01-16,parser+ocr300,1970-01-16,text:warszawa,1970-01-16,,DU/1970/1,6,6,"J LUDOWEJ Warszawa, dnia 16 stycznia 1970"
DU,1970,2,1970-02-05,parser+ocr300,1970-02-05,ocr:warszawa,1970-02-05,,DU/1970/7,5,5," LUDOWEJ Warszawa, dnia 5 lutego 1970"
DU,1970,3,1970-02-17,parser+ocr300,1970-02-17,ocr:warszawa,1970-02-17,,DU/1970/12,13,13,"UDOWEJ Ę Warszawa, dnia 17 lutego 1970"
DU,1970,4,1970-03-12,parser+ocr300,1970-03-12,ocr:warszawa,1970-03-12,,DU/1970/25,12,12," LUDOWEJ Warszawa, dnia 12 marca 1970"
DU,1970,5,1970-03-14,parser+ocr300,1970-03-14,text:warszawa,1970-03-14,,DU/1970/37,12,12," L,UDOWEJ Warszawa, dnia 14 marca 1970"
DU,1970,6,1970-03-27,parser+ocr300,1970-03-27,ocr:warszawa,1970-03-27,,DU/1970/49,7,7," LUDOWEJ Warszawa, dnia 27 marca 1970"
DU,1970,7,1970-04-07,obraz+ocr300,,none,1970-04-07,1970-04-07,DU/1970/56,4,4,
DU,1970,8,1970-04-10,parser+ocr300,1970-04-10,ocr:warszawa,1970-04-10,,DU/1970/60,14,14," LUDOWEJ Warszawa, dnia 10 kwietnia 1970"
DU,1970,9,,bez odczytu (do obrazu),,none,,,DU/1970/74,12,11,
DU,1970,10,1970-04-30,obraz+parser,1970-04-30,text:warszawa,1970-04-30,1970-04-30,DU/1970/86,12,12,"DOWEJ ""- Warsz.awa, dnia 30 kwietnia 1970"
DU,1970,11,1970-05-11,parser+ocr300,1970-05-11,text:warszawa,1970-05-11,,DU/1970/98,12,12,"UD'Q·\VEJ Warszawa, dnia 11 maja 1970"
DU,1970,12,1970-05-21,parser+ocr300,1970-05-21,ocr:warszawa,1970-05-21,,DU/1970/110,5,5," LUDOWEJ Warszawa, dnia 21 maja 1970"
DU,1970,13,1970-05-29,parser+ocr300,1970-05-29,ocr:warszawa,1970-05-29,,DU/1970/115,8,8,"UDOWEJ z Warszawa, dnia 29 maja 1970"
DU,1970,14,,bez odczytu (do obrazu),,none,,,DU/1970/123,4,4,
DU,1970,15,1970-06-19,obraz+ocr300,,none,1970-06-19,1970-06-19,DU/1970/127,7,7,
DU,1970,16,1970-07-07,parser+ocr300,1970-07-07,ocr:warszawa,1970-07-07,,DU/1970/134,10,5," LUDOWEJ Warszawa, dnia 7 lipca 1970"
DU,1970,17,1970-07-18,parser+ocr300,1970-07-18,text:warszawa,1970-07-18,,DU/1970/144,6,6,"UDOWEJ / Warszawa, dnia 18 lipca 1970"
DU,1970,18,1970-07-31,parser+ocr300,1970-07-31,ocr:warszawa,1970-07-31,,DU/1970/150,8,8," LUDOWEJ Warszawa, dnia 31 lipca 1970"
DU,1970,19,,bez odczytu (do obrazu),,none,,,DU/1970/158,9,9,
DU,1970,20,1970-08-17,parser+ocr300,1970-08-17,ocr:warszawa,1970-08-17,,DU/1970/167,3,3," LUDOWEJ Warszawa, dnia 17 sierpnia 1970"
DU,1970,21,1970-08-28,parser+ocr300,1970-08-28,ocr:warszawa,1970-08-28,,DU/1970/170,9,9," LUDOWEI Warszawa, dnia 28 sierpnia 1970"
DU,1970,22,1970-09-08,parser+ocr300,1970-09-08,ocr:warszawa,1970-09-08,,DU/1970/179,6,6," LUDOWEJ Warszawa, dnia 8 września 1970"
DU,1970,23,1970-09-29,parser+ocr300,1970-09-29,ocr:warszawa,1970-09-29,,DU/1970/185,10,10,"DOWEJ ke Warszawa, dnia 29 września 1970"
DU,1970,24,1970-10-10,parser+ocr300,1970-10-10,text:warszawa,1970-10-10,,DU/1970/195,7,7,"~ Nr 24 Warszawa, dnia 10 października 1970"
DU,1970,25,1970-10-16,parser+ocr300,1970-10-16,ocr:warszawa,1970-10-16,,DU/1970/202,6,6,"UDOWEJ „ Warszawa, dnia 16 października 1970"
DU,1970,26,1970-10-30,parser+ocr300,1970-10-30,text:warszawa,1970-10-30,,DU/1970/208,7,7,J Nr 26 Warszawa; dnia 30 października 1970
DU,1970,27,,bez odczytu (do obrazu),,none,,,DU/1970/215,7,7,
DU,1970,28,1970-11-24,parser+ocr300,1970-11-24,ocr:warszawa,1970-11-24,,DU/1970/222,22,22," LUDOWEJ Warszawa, dnia 24 listopada 1970"
DU,1970,29,1970-11-30,parser+ocr300,1970-11-30,ocr:warszawa,1970-11-30,,DU/1970/244,4,4," LUDOWEJ Warszawa, dnia 30 listopada 1970"
DU,1970,30,1970-12-28,parser+ocr300,1970-12-28,ocr:warszawa,1970-12-28,,DU/1970/248,11,11," LUDOWEJ Warszawa, dnia 28 grudnia 1970"
DU,1970,31,1970-12-31,parser+ocr300,1970-12-31,text:warszawa,1970-12-31,,DU/1970/259,12,12," Nr 31~) Warszawa, dnia 31 grudnia 1970"
DU,1972,32,1972-08-12,parser+ocr300,1972-08-12,ocr:warszawa,1972-08-12,,DU/1972/219,6,5," LUDOWEJ Warszawa, dnia 12 sierpnia 1972"
DU,1972,33,1972-08-21,parser+ocr300,1972-08-21,ocr:warszawa,1972-08-21,,DU/1972/225,8,8," LUDOWEJ Warszawa, dnia 21 sierpnia 1972"
DU,1972,34,1972-08-23,parser+ocr300,1972-08-23,text:warszawa,1972-08-23,,DU/1972/233,7,7,"J LUDOWEJ Warsżawa, dnia 23 sierpnia 1972"
DU,1972,35,1972-09-01,obraz+ocr300,,none,1972-09-01,1972-09-01,DU/1972/240,4,4,
DU,1972,36,1972-09-08,obraz+ocr300 (trzeci odczyt inny),1972-09-03,text:warszawa,1972-09-08,1972-09-08,DU/1972/244,2,2," Nr 36 \Varszawa, dnia 3 września 1972"
DU,1972,37,1972-09-11,parser+ocr300,1972-09-11,ocr:warszawa,1972-09-11,,DU/1972/246,1,1," LUDOWEJ Warszawa, dnia 1l września 1972"
DU,1972,38,1972-09-13,obraz+parser,1972-09-13,ocr:warszawa,1972-09-13,1972-09-13 1972-09-13,DU/1972/247,6,6," LUDOWEJ Warszawa, dnia 13 września 1972"
DU,1972,39,1972-09-20,parser+ocr300,1972-09-20,text:warszawa,1972-09-20,,DU/1972/253,6,6," LUDO\VEJ Warszawa, dnia 20 września 1972"
DU,1972,40,1972-09-29,parser+ocr300,1972-09-29,ocr:warszawa,1972-09-29,,DU/1972/259,3,3," LUDOWEJ Warszawa, dnia 29 września 1972"
DU,1972,41,1972-10-04,parser+ocr300,1972-10-04,ocr:warszawa,1972-10-04,,DU/1972/262,7,7," LUDOWEJ Warszawa, dnia 4 października 1972"
DU,1972,42,1972-10-07,parser+ocr300,1972-10-07,ocr:warszawa,1972-10-07,,DU/1972/269,3,3," LUDOWEJ Warszawa, dnia 7 października 1972"
DU,1972,43,1972-10-24,parser+ocr300,1972-10-24,text:warszawa,1972-10-24,,DU/1972/272,3,3,"EJ ,, ,, Warszawa, dnia 24 października 1972"
DU,1972,44,1972-10-27,obraz+parser,1972-10-27,ocr:warszawa,1972-10-27,1972-10-27,DU/1972/275,11,11," LUDOWEJ Warszawa, dnia 27 października 1972"
DU,1972,45,1972-11-02,parser+ocr300,1972-11-02,ocr:warszawa,1972-11-02,,DU/1972/286,8,8," LUDOWEJ Warszawa, dnia 2 listopada 1972"
DU,1972,46,1972-11-17,parser+ocr300,1972-11-17,ocr:warszawa,1972-11-17,,DU/1972/294,4,4," LUDOWEJ Warszawa, dnia 17 listopada 1972"
DU,1972,47,1972-11-22,parser+ocr300,1972-11-22,ocr:warszawa,1972-11-22,,DU/1972/298,4,4," LUDOWEJ Warszawa, dnia 22 listopada 1972"
DU,1972,48,1972-11-24,parser+ocr300,1972-11-24,text:warszawa,1972-11-24,,DU/1972/302,9,9,"UDOWEJ ·' Warszawa, dnia 24 listopada 1972"
DU,1972,49,1972-12-01,parser+ocr300,1972-12-01,ocr:warszawa,1972-12-01,,DU/1972/311,11,10," LUDOWEJ Warszawa, dnia 1 grudnia 1972"
DU,1972,50,1972-12-05,parser+ocr300,1972-12-05,text:warszawa,1972-12-05,,DU/1972/322,6,6," ~ . • Warszawa, dnia 5 grudnia 1972"
DU,1972,51,1972-12-11,parser+ocr300,1972-12-11,text:warszawa,1972-12-11,,DU/1972/328,9,9,"LUDO\VEJ Warszawa, dnia 11 grudnia 1972"
DU,1972,52,1972-12-20,obraz+parser,1972-12-20,text:warszawa,,1972-12-20,DU/1972/337,1,1," LUDOWEJ ,Warszawa, dnia 20 grudnia 1972"
DU,1972,54,1972-12-27,parser+ocr300,1972-12-27,text:warszawa,1972-12-27,,DU/1972/347,13,13,"J LUDOWEJ Warszawa, dnia 27 grudnia 1972"
DU,1972,55,1972-12-30,parser+ocr300,1972-12-30,ocr:warszawa,1972-12-30,,DU/1972/360,23,23," LUDOWEJ Warszawa, dnia 30 grudnia 1972"
DU,1976,32,1976-09-30,parser+ocr300,1976-09-30,ocr:warszawa,1976-09-30,,DU/1976/184,11,1," LUDOWEJ Warszawa, dnia 30 września 1976"
DU,1982,12,1982-04-22,parser+ocr300,1982-04-22,ocr:warszawa,1982-04-22,,DU/1982/89,9,1," LUDOWEJ Warszawa, dnia 22 kwietnia 1982"
DU,1982,13,1982-05-17,parser+ocr300,1982-05-17,ocr:warszawa,1982-05-17,,DU/1982/98,13,1,"J LUDOWEJ Warszawa, dnia 17 maja 1982"
DU,1984,51,1984-11-08,parser+ocr300,1984-11-08,text:warszawa,1984-11-08,,DU/1984/261,7,1,"POLITEJ . Warszawa, dnia 8 listopada 1984"
DU,1985,26,1985-06-08,parser+ocr300,1985-06-08,ocr:warszawa,1985-06-08,,DU/1985/112,1,1," LUDOWEJ Warszawa, dnia 8 czerwca 1985"
DU,1986,5,1986-02-25,parser+ocr300,1986-02-25,text:warszawa,1986-02-25,,DU/1986/28,5,1,"UDO\'VEJ Warszawa, dnia 25 lutego 1986"
DU,1988,29,1988-08-29,parser+ocr300,1988-08-29,text:warszawa,1988-08-29,,DU/1988/199,8,1,"J Nr 29 Warszawa, dnia 29 sierpnia 1988"
DU,1990,71,1990-10-15,parser+ocr300,1990-10-15,text:warszawa,1990-10-15,,DU/1990/417,5,1,"J Nr 71 Warszawa, dnia 15 października 1990"
DU,1992,3,1992-01-20,parser+ocr300,1992-01-20,text:warszawa,1992-01-20,,DU/1992/13,3,1,"EJ Nr 3 Warszawa, dnia 20 stycznia 1992"
DU,1992,81,1992-11-07,obraz+parser,1992-11-07,text:warszawa,1992-11-07,1992-11-07,DU/1992/415,8,1," POLSKIEJ Warszawa, dnia 7 listopada 1992"
DU,1993,8,1993-02-03,parser+ocr300,1993-02-03,text:warszawa,1993-02-03,,DU/1993/38,6,2,"IEJ Nr8 Warszawa, dnia 3 lutego 1993"
DU,1993,9,1993-02-08,parser+ocr300,1993-02-08,ocr:warszawa,1993-02-08,,DU/1993/44,2,2,"POLSKIEJ Warszawa, dnia 8 lutego 1993"
DU,1993,10,1993-02-12,parser+ocr300,1993-02-12,text:warszawa,1993-02-12,,DU/1993/46,4,4,"J Nr 10 Warszawa, dnia 12 lutego 1993"
DU,1993,11,1993-02-15,parser+ocr300,1993-02-15,text:warszawa,1993-02-15,,DU/1993/50,2,2,"J Nr 11 Warszawa, dnia 15 lutego 1993"
DU,1993,12,1993-02-17,parser+ocr300,1993-02-17,text:warszawa,1993-02-17,,DU/1993/52,8,6,"J Nr 12 Warszawa, dnia 17 lutego 1993"
DU,1993,13,1993-02-18,parser+ocr300,1993-02-18,text:warszawa,1993-02-18,,DU/1993/60,4,4,"J Nr 13 Warszawa, dnia 18 lutego 1993"
DU,1993,14,1993-02-25,parser+ocr300,1993-02-25,text:warszawa,1993-02-25,,DU/1993/64,1,1,"J Nr 14 Warszawa, dnia 25 lutego 1993"
DU,1993,15,1993-02-26,parser+ocr300,1993-02-26,text:warszawa,1993-02-26,,DU/1993/65,2,2,"J Nr 15 Warszawa, dnia 26 lutego 1993"
DU,1993,16,1993-02-27,parser+ocr300,1993-02-27,text:warszawa,1993-02-27,,DU/1993/67,11,8,"EJ Nr16 Warszawa, dnia 27 lutego 1993"
DU,1993,17,1993-03-01,parser+ocr300,1993-03-01,text:warszawa,1993-03-01,,DU/1993/78,4,4,"EJ Nr17 Warszawa, dnia 1 marca 1993"
DU,1993,19,1993-03-10,parser+ocr300,1993-03-10,text:warszawa,1993-03-10,,DU/1993/83,4,4,"EJ Nr19 Warszawa, dnia 10 marca 1993"
DU,1993,20,1993-03-15,parser+ocr300,1993-03-15,ocr:warszawa,1993-03-15,,DU/1993/87,2,2,"POLSKIEJ Warszawa, dnia 15 marca 1993"
DU,1993,21,1993-03-17,parser+ocr300,1993-03-17,text:warszawa,1993-03-17,,DU/1993/89,3,3,"J Nr 21 Warszawa, dnia 17 marca 1993"
DU,1993,22,1993-03-23,parser+ocr300,1993-03-23,text:warszawa,1993-03-23,,DU/1993/92,4,4,"J Nr 22 Warszawa, dnia 23 marca 1993"
DU,1993,23,1993-03-26,parser+ocr300,1993-03-26,text:warszawa,1993-03-26,,DU/1993/96,8,8,"J Nr 23 Warszawa, dnia 26 marca 1993"
DU,1993,24,1993-03-31,parser+ocr300,1993-03-31,ocr:warszawa,1993-03-31,,DU/1993/104,7,7,"POLSKIEJ Warszawa, dnia 31 marca 1993"
DU,1993,25,1993-04-05,parser+ocr300,1993-04-05,ocr:warszawa,1993-04-05,,DU/1993/111,5,5,"POLSKIEJ Warszawa, dnia 5 kwietnia 1993"
DU,1993,26,1993-04-08,parser+ocr300,1993-04-08,text:warszawa,1993-04-08,,DU/1993/116,3,3,"J Nr 26 Warszawa, dnia 8 kwietnia 1993"
DU,1993,27,1993-04-13,parser+ocr300,1993-04-13,text:warszawa,1993-04-13,,DU/1993/119,8,8,"J Nr 27 Warszawa, dnia 13 kwietnia 1993"
DU,1993,28,1993-04-16,parser+ocr300,1993-04-16,text:warszawa,1993-04-16,,DU/1993/127,6,5,"J Nr 28 Warszawa, dnia 16 kwietnia 1993"
DU,1993,29,1993-04-19,parser+ocr300,1993-04-19,text:warszawa,1993-04-19,,DU/1993/133,4,3,"J Nr 29 Warszawa, dnia 19 kwietnia 1993"
DU,1993,30,1993-04-21,parser+ocr300,1993-04-21,text:warszawa,1993-04-21,,DU/1993/137,3,3,"J Nr 30 Warszawa, dnia 21 kwietnia 1993"
DU,1993,31,1993-04-23,parser+ocr300,1993-04-23,text:warszawa,1993-04-23,,DU/1993/140,5,5,"J Nr 31 Warszawa, dnia 23 kwietnia 1993"
DU,1993,32,1993-04-28,parser+ocr300,1993-04-28,ocr:warszawa,1993-04-28,,DU/1993/145,1,1,"POLSKIEJ Warszawa, dnia 28 kwietnia 1993"
DU,1993,33,1993-04-29,parser+ocr300,1993-04-29,ocr:warszawa,1993-04-29,,DU/1993/146,8,8,"POLSKIEJ Warszawa, dnia 29 kwietnia 1993"
DU,1993,35,1993-05-04,parser+ocr300,1993-05-04,text:warszawa,1993-05-04,,DU/1993/155,4,4,"J Nr 35 Warszawa, dnia 4 maja 1993"
DU,1993,36,1993-05-06,parser+ocr300,1993-05-06,text:warszawa,1993-05-06,,DU/1993/159,5,4,"J Nr 36 Warszawa, dnia 6 maja 1993"
DU,1993,37,1993-05-07,parser+ocr300,1993-05-07,text:warszawa,1993-05-07,,DU/1993/164,1,1,"J Nr 37 Warszawa, dnia 7 maja 1993"
DU,1993,38,1993-05-13,parser+ocr300,1993-05-13,text:warszawa,1993-05-13,,DU/1993/165,9,9,"J Nr 38 Warszawa, dnia 13 maja 1993"
DU,1993,39,1993-05-15,parser+ocr300,1993-05-15,text:warszawa,1993-05-15,,DU/1993/174,6,6,"J Nr 39 Warszawa, dnia 15 maja 1993"
DU,1993,41,1993-05-20,parser+ocr300,1993-05-20,text:warszawa,1993-05-20,,DU/1993/186,5,5,"J Nr 41 Warszawa, dnia 20 maja 1993"
DU,1993,42,1993-05-25,parser+ocr300,1993-05-25,text:warszawa,1993-05-25,,DU/1993/191,8,8,"J Nr 42 Warszawa, dnia 25 maja 1993"
DU,1993,43,1993-05-26,parser+ocr300,1993-05-26,text:warszawa,1993-05-26,,DU/1993/199,1,1,"J Nr 43 Warszawa, dnia 26 maja 1993"
DU,1993,44,1993-05-31,parser+ocr300,1993-05-31,ocr:warszawa,1993-05-31,,DU/1993/200,5,2,"POLSKIEJ Warszawa, dnia 31 maja 1993"
DU,1993,45,1993-06-02,parser+ocr300,1993-06-02,text:warszawa,1993-06-02,,DU/1993/205,2,2,"J Nr 45 Warszawa, dnia 2 czerwca 1993"
DU,1993,46,1993-06-03,parser+ocr300,1993-06-03,ocr:warszawa,1993-06-03,,DU/1993/207,4,4,"POLSKIEJ Warszawa, dnia 3 czerwca 1993"
DU,1993,47,1993-06-08,parser+ocr300,1993-06-08,ocr:warszawa,1993-06-08,,DU/1993/211,5,2,"POLSKIEJ Warszawa, dnia 8 czerwca 1993"
DU,1993,48,1993-06-11,parser+ocr300,1993-06-11,ocr:warszawa,1993-06-11,,DU/1993/216,7,7,"POLSKIEJ Warszawa, dnia 11 czerwca 1993"
DU,1993,49,1993-06-15,parser+ocr300,1993-06-15,text:warszawa,1993-06-15,,DU/1993/223,3,3,"J Nr 49 Warszawa, dnia 15 czerwca 1993"
DU,1993,50,1993-06-18,parser+ocr300,1993-06-18,text:warszawa,1993-06-18,,DU/1993/226,9,8,"J Nr 50 Warszawa, dnia 18 czerwca 1993"
DU,1993,51,1993-06-22,parser+ocr300,1993-06-22,text:warszawa,1993-06-22,,DU/1993/235,5,5,"J Nr 51 Warszawa, dnia 22 czerwca 1993"
DU,1993,52,1993-06-23,parser+ocr300,1993-06-23,text:warszawa,1993-06-23,,DU/1993/240,5,5,"J Nr 52 Warszawa, dnia 23 czerwca 1993"
DU,1993,53,1993-06-24,parser+ocr300,1993-06-24,text:warszawa,1993-06-24,,DU/1993/245,1,1,"J Nr 53 Warszawa, dnia 24 czerwca 1993"
DU,1993,54,1993-06-25,parser+ocr300,1993-06-25,ocr:warszawa,1993-06-25,,DU/1993/246,1,1,"POLSKIEJ Warszawa, dnia 25 czerwca 1993"
DU,1993,55,,bez odczytu (do obrazu),,none,,,DU/1993/247,6,6,
DU,1993,56,1993-06-30,parser+ocr300,1993-06-30,ocr:warszawa,1993-06-30,,DU/1993/253,11,11,"POLSKIEJ Warszawa, dnia 30 czerwca 1993"
DU,1993,57,1993-07-01,parser+ocr300,1993-07-01,text:warszawa,1993-07-01,,DU/1993/264,1,1," POLSKIEJ Warszawa, dnia 1 lipca 1993"
DU,1993,58,1993-07-02,parser+ocr300,1993-07-02,ocr:warszawa,1993-07-02,,DU/1993/265,1,1,"POLSKIEJ Warszawa, dnia 2 lipca 1993"
DU,1993,59,1993-07-03,parser+ocr300,1993-07-03,ocr:warszawa,1993-07-03,,DU/1993/266,13,13,"POLSKIEJ Warszawa, dnia 3 lipca 1993"
DU,1993,60,1993-07-05,parser+ocr300,1993-07-05,ocr:warszawa,1993-07-05,,DU/1993/279,5,3,"POLSKIEJ Warszawa, dnia 5 lipca 1993"
DU,1993,61,1993-07-10,parser+ocr300,1993-07-10,ocr:warszawa,1993-07-10,,DU/1993/284,11,11,"POLSKIEJ Warszawa, dnia 10 lipca 1993"
DU,1993,62,1993-07-12,parser+ocr300,1993-07-12,text:warszawa,1993-07-12,,DU/1993/295,6,6," POLSKIEJ Warszawa, dnia 12 lipca 1993"
DU,1993,63,1993-07-16,parser+ocr300,1993-07-16,text:warszawa,1993-07-16,,DU/1993/301,5,5," POLSKIEJ Warszawa, dnia 16 lipca 1993"
DU,1993,64,1993-07-19,parser+ocr300,1993-07-19,text:warszawa,1993-07-19,,DU/1993/306,3,3," POLSKIEJ Warszawa, dnia 19 lipca 1993"
DU,1993,65,1993-07-21,parser+ocr300,1993-07-21,ocr:warszawa,1993-07-21,,DU/1993/309,2,2,"POLSKIEJ Warszawa, dnia 21 lipca 1993"
DU,1993,66,1993-07-23,parser+ocr300,1993-07-23,text:warszawa,1993-07-23,,DU/1993/311,8,8," POLSKIEJ Warszawa, dnia 23 lipca 1993"
DU,1993,67,1993-07-28,parser+ocr300,1993-07-28,text:warszawa,1993-07-28,,DU/1993/319,9,9," POLSKIEJ Warszawa, dnia 28 lipca 1993"
DU,1993,68,1993-07-29,parser+ocr300,1993-07-29,text:warszawa,1993-07-29,,DU/1993/328,3,3,"J Nr 68 Warszawa, dnia 29 lipca 1993"
DU,1993,69,1993-07-31,parser+ocr300,1993-07-31,ocr:warszawa,1993-07-31,,DU/1993/331,4,4,"POLSKIEJ Warszawa, dnia 31 lipca 1993"
DU,1993,70,1993-08-03,parser+ocr300,1993-08-03,text:warszawa,1993-08-03,,DU/1993/335,7,7," POLSKIEJ Warszawa, dnia 3 sierpnia 1993"
DU,1993,71,1993-08-04,parser+ocr300,1993-08-04,text:warszawa,1993-08-04,,DU/1993/342,2,2," POLSKIEJ Warszawa, dnia 4 sierpnia 1993"
DU,1993,72,1993-08-06,parser+ocr300,1993-08-06,text:warszawa,1993-08-06,,DU/1993/344,1,1,"J Nr 72 Warszawa, dnia 6 sierpnia 1993"
DU,1993,73,1993-08-09,parser+ocr300,1993-08-09,ocr:warszawa,1993-08-09,,DU/1993/345,3,3,"POLSKIEJ Warszawa, dnia 9 sierpnia 1993"
DU,1993,74,1993-08-10,parser+ocr300,1993-08-10,text:warszawa,1993-08-10,,DU/1993/348,6,6," POLSKIEJ Warszawa, dnia 10 sierpnia 1993"
DU,1993,75,1993-08-14,parser+ocr300,1993-08-14,ocr:warszawa,1993-08-14,,DU/1993/354,6,6,"POLSKIEJ Warszawa, dnia 14 sierpnia 1993"
DU,1993,76,1993-08-19,parser+ocr300,1993-08-19,text:warszawa,1993-08-19,,DU/1993/360,4,4," POLSKIEJ Warszawa, dnia 19 sierpnia 1993"
DU,1993,77,1993-08-20,parser+ocr300,1993-08-20,text:warszawa,1993-08-20,,DU/1993/364,2,2,"J Nr 77 Warszawa, dnia 20 sierpnia 1993"
DU,1993,78,1993-08-25,parser+ocr300,1993-08-25,text:warszawa,1993-08-25,,DU/1993/366,3,3," POLSKIEJ Warszawa, dnia 25 sierpnia 1993"
DU,1993,79,1993-08-28,parser+ocr300,1993-08-28,ocr:warszawa,1993-08-28,,DU/1993/369,7,7,"POLSKIEJ Warszawa, dnia 28 sierpnia 1993"
DU,1993,80,1993-08-30,parser+ocr300,1993-08-30,text:warszawa,1993-08-30,,DU/1993/376,5,5," POLSKIEJ Warszawa, dnia 30 sierpnia 1993"
DU,1993,81,1993-09-01,parser+ocr300,1993-09-01,text:warszawa,1993-09-01,,DU/1993/381,4,4," POLSKIEJ Warszawa, dnia 1 września 1993"
DU,1993,82,1993-09-04,parser+ocr300,1993-09-04,text:warszawa,1993-09-04,,DU/1993/385,4,4," POLSKIEJ Warszawa, dnia 4 września 1993"
DU,1993,83,1993-09-09,parser+ocr300,1993-09-09,ocr:warszawa,1993-09-09,,DU/1993/389,4,4,"POLSKIEJ Warszawa, dnia 9 września 1993"
DU,1993,84,1993-09-13,parser+ocr300,1993-09-13,text:warszawa,1993-09-13,,DU/1993/393,4,4," POLSKIEJ Warszawa, dnia 13 września 1993"
DU,1993,85,1993-09-15,parser+ocr300,1993-09-15,ocr:warszawa,1993-09-15,,DU/1993/397,2,2,"POLSKIEJ Warszawa, dnia 15 września 1993"
DU,1993,86,1993-09-17,parser+ocr300,1993-09-17,ocr:warszawa,1993-09-17,,DU/1993/399,3,3,"POLSKIEJ Warszawa, dnia 17 września 1993"
DU,1993,87,1993-09-21,parser+ocr300,1993-09-21,text:warszawa,1993-09-21,,DU/1993/402,2,2," POLSKIEJ Warszawa, dnia 21 września 1993"
DU,1993,88,1993-09-23,parser+ocr300,1993-09-23,text:warszawa,1993-09-23,,DU/1993/404,8,8,"J Nr 88 Warszawa, dnia 23 września 1993"
DU,1993,89,1993-09-28,parser+ocr300,1993-09-28,ocr:warszawa,1993-09-28,,DU/1993/412,4,4,"POLSKIEJ Warszawa, dnia 28 września 1993"
DU,1993,90,1993-10-02,parser+ocr300,1993-10-02,text:warszawa,1993-10-02,,DU/1993/416,1,1," POLSKIEJ Warszawa, dnia 2 października 1993"
DU,1993,91,1993-10-04,parser+ocr300,1993-10-04,text:warszawa,1993-10-04,,DU/1993/417,7,7," POLSKIEJ Warszawa, dnia 4 października 1993"
DU,1993,92,1993-10-06,parser+ocr300,1993-10-06,ocr:warszawa,1993-10-06,,DU/1993/424,5,5,"POLSKIEJ Warszawa, dnia 6 października 1993"
DU,1993,93,1993-10-08,parser+ocr300,1993-10-08,ocr:warszawa,1993-10-08,,DU/1993/429,2,2,"POLSKIEJ Warszawa, dnia 8 października 1993"
DU,1993,94,1993-10-11,parser+ocr300,1993-10-11,text:warszawa,1993-10-11,,DU/1993/431,1,1," POLSKIEJ Warszawa, dnia 11 października 1993"
DU,1993,95,1993-10-12,parser+ocr300,1993-10-12,ocr:warszawa,1993-10-12,,DU/1993/432,5,5,"POLSKIEJ Warszawa, dnia 12 października 1993"
DU,1993,96,1993-10-15,parser+ocr300,1993-10-15,text:warszawa,1993-10-15,,DU/1993/437,4,2," POLSKIEJ Warszawa, dnia 15 października 1993"
DU,1993,97,1993-10-19,parser+ocr300,1993-10-19,text:warszawa,1993-10-19,,DU/1993/441,8,8," POLSKIEJ Warszawa, dnia 19 października 1993"
DU,1993,98,1993-10-20,parser+ocr300,1993-10-20,ocr:warszawa,1993-10-20,,DU/1993/449,1,1,"POLSKIEJ Warszawa, dnia 20 października 1993"
DU,1993,99,1993-10-21,parser+ocr300,1993-10-21,text:warszawa,1993-10-21,,DU/1993/450,8,8," POLSKIEJ Warszawa, dnia 21 października 1993"
DU,1993,100,1993-10-25,parser+ocr300,1993-10-25,text:warszawa,1993-10-25,,DU/1993/458,3,3," POLSKIEJ Warszawa, dnia 25 października 1993"
DU,1993,101,1993-10-26,parser+ocr300,1993-10-26,text:warszawa,1993-10-26,,DU/1993/461,6,6," POLSKIEJ Warszawa, dnia 26 października 1993"
DU,1993,102,1993-10-27,parser+ocr300,1993-10-27,ocr:warszawa,1993-10-27,,DU/1993/467,3,3,"POLSKIEJ Warszawa, dnia 27 października 1993"
DU,1993,103,1993-10-29,parser+ocr300,1993-10-29,ocr:warszawa,1993-10-29,,DU/1993/470,6,6,"POLSKIEJ Warszawa, dnia 29 października 1993"
DU,1993,104,1993-11-04,parser+ocr300,1993-11-04,text:warszawa,1993-11-04,,DU/1993/476,2,2," POLSKIEJ Warszawa, dnia 4 listopada 1993"
DU,1993,105,1993-11-05,parser+ocr300,1993-11-05,text:warszawa,1993-11-05,,DU/1993/478,4,4," POLSKIEJ Warszawa, dnia 5 listopada 1993"
DU,1993,106,1993-11-09,parser+ocr300,1993-11-09,text:warszawa,1993-11-09,,DU/1993/482,1,1," POLSKIEJ Warszawa, dnia 9 listopada 1993"
DU,1993,107,1993-11-12,parser+ocr300,1993-11-12,text:warszawa,1993-11-12,,DU/1993/483,2,2," POLSKIEJ Warszawa, dnia 12 listopada 1993"
DU,1993,108,1993-11-15,parser+ocr300,1993-11-15,text:warszawa,1993-11-15,,DU/1993/485,2,2," Nr 108 Warszawa, dnia 15 listopada 1993"
DU,1993,109,1993-11-18,parser+ocr300,1993-11-18,text:warszawa,1993-11-18,,DU/1993/487,5,5," Nr 109 Warszawa, dnia 18 listopada 1993"
DU,1993,110,1993-11-19,parser+ocr300,1993-11-19,text:warszawa,1993-11-19,,DU/1993/492,1,1," Nr 110 Warszawa, dnia 19 listopada 1993"
DU,1993,111,1993-11-22,parser+ocr300,1993-11-22,ocr:warszawa,1993-11-22,,DU/1993/493,1,1,"POLSKIEJ Warszawa, dnia 22 listopada 1993"
DU,1993,112,1993-11-24,obraz+parser,1993-11-24,text:warszawa,1993-11-24,1993-11-24,DU/1993/494,2,2," POLSKIEJ Warszawa, dnia 24 listopada 1993"
DU,1993,113,1993-11-25,parser+ocr300,1993-11-25,text:warszawa,1993-11-25,,DU/1993/496,4,4," Nr 113 Warszawa, dnia 25 listopada 1993"
DU,1993,114,1993-11-30,parser+ocr300,1993-11-30,text:warszawa,1993-11-30,,DU/1993/500,10,10," POLSKIEJ Warszawa, dnia 30 listopada 1993"
DU,1993,115,1993-12-01,parser+ocr300,1993-12-01,text:warszawa,1993-12-01,,DU/1993/510,4,4," POLSKIEJ Warszawa, dnia 1 grudnia 1993"
DU,1993,116,1993-12-06,parser+ocr300,1993-12-06,text:warszawa,1993-12-06,,DU/1993/514,7,7," POLSKIEJ Warszawa, dnia 6 grudnia 1993"
DU,1993,117,1993-12-08,parser+ocr300,1993-12-08,ocr:warszawa,1993-12-08,,DU/1993/521,6,6,"POLSKIEJ Warszawa, dnia 8 grudnia 1993"
DU,1993,118,1993-12-09,parser+ocr300,1993-12-09,text:warszawa,1993-12-09,,DU/1993/527,4,4," POLSKIEJ Warszawa, dnia 9 grudnia 1993"
DU,1993,119,1993-12-10,parser+ocr300,1993-12-10,text:warszawa,1993-12-10,,DU/1993/531,3,3," POLSKIEJ Warszawa, dnia 10 grudnia 1993"
DU,1993,120,1993-12-13,parser+ocr300,1993-12-13,text:warszawa,1993-12-13,,DU/1993/534,2,2," POLSKIEJ Warszawa, dnia 13 grudnia 1993"
DU,1993,121,1993-12-15,parser+ocr300,1993-12-15,text:warszawa,1993-12-15,,DU/1993/536,7,7," POLSKIEJ Warszawa, dnia 15 grudnia 1993"
DU,1993,122,1993-12-16,parser+ocr300,1993-12-16,ocr:warszawa,1993-12-16,,DU/1993/543,8,8,"POLSKIEJ Warszawa, dnia 16 grudnia 1993"
DU,1993,123,1993-12-17,parser+ocr300,1993-12-17,text:warszawa,1993-12-17,,DU/1993/551,8,8," POLSKIEJ Warszawa, dnia 17 grudnia 1993"
DU,1993,124,1993-12-18,parser+ocr300,1993-12-18,text:warszawa,1993-12-18,,DU/1993/559,10,10," POLSKIEJ Warszawa, dnia 18 grudnia 1993"
DU,1993,125,1993-12-20,parser+ocr300,1993-12-20,text:warszawa,1993-12-20,,DU/1993/569,8,8," POLSKIEJ Warszawa, dnia 20 grudnia 1993"
DU,1993,126,1993-12-21,parser+ocr300,1993-12-21,text:warszawa,1993-12-21,,DU/1993/577,6,6," POLSKIEJ Warszawa, dnia 21 grudnia 1993"
DU,1993,127,1993-12-22,parser+ocr300,1993-12-22,text:warszawa,1993-12-22,,DU/1993/583,8,5," POLSKIEJ Warszawa, dnia 22 grudnia 1993"
DU,1993,128,1993-12-23,obraz+parser,1993-12-23,text:warszawa,1993-12-23,1993-12-23,DU/1993/591,7,7," Nr 128 Warszawa, dnia 23 grudnia 1993"
DU,1993,129,1993-12-24,parser+ocr300,1993-12-24,text:warszawa,1993-12-24,,DU/1993/598,11,6," POLSKIEJ Warszawa, dnia 24 grudnia 1993"
DU,1993,130,1993-12-27,parser+ocr300,1993-12-27,text:warszawa,1993-12-27,,DU/1993/609,14,14," POLSKIEJ Warszawa, dnia 27 grudnia 1993"
DU,1993,131,1993-12-28,parser+ocr300,1993-12-28,text:warszawa,1993-12-28,,DU/1993/623,7,7," POLSKIEJ Warszawa, dnia 28 grudnia 1993"
DU,1993,132,1993-12-29,parser+ocr300,1993-12-29,text:warszawa,1993-12-29,,DU/1993/630,7,7," POLSKIEJ Warszawa, dnia 29 grudnia 1993"
DU,1993,133,1993-12-30,parser+ocr300,1993-12-30,text:warszawa,1993-12-30,,DU/1993/637,8,8," POLSKIEJ Warszawa, dnia 30 grudnia 1993"
DU,1993,134,1993-12-31,parser+ocr300,1993-12-31,text:warszawa,1993-12-31,,DU/1993/645,12,8," POLSKIEJ Warszawa, dnia 31 grudnia 1993"
DU,1994,2,1994-01-07,parser+ocr300,1994-01-07,text:warszawa,1994-01-07,,DU/1994/4,8,8,"EJ Nr 2 Warszawa, dnia 7 stycznia 1994"
DU,1994,3,1994-01-10,parser+ocr300,1994-01-10,text:warszawa,1994-01-10,,DU/1994/12,5,5,"IEJ Nr3 Warszawa, dnia 10 stycznia 1994"
DU,1994,5,1994-01-15,obraz+parser,1994-01-15,ocr:warszawa,1994-01-15,1994-01-15 1994-01-15,DU/1994/18,6,6,"POLSKIEJ Warszawa, dnia 15 stycznia 1994"
DU,1994,6,1994-01-17,parser+ocr300,1994-01-17,text:warszawa,1994-01-17,,DU/1994/24,1,1,"EJ Nr 6 Warszawa, dnia 17 stycznia 1994"
DU,1994,8,1994-01-22,parser+ocr300,1994-01-22,text:warszawa,1994-01-22,,DU/1994/26,5,5,"IEJ Nr8 Warszawa, dnia 22 stycznia 1994"
DU,1994,9,1994-01-25,parser+ocr300,1994-01-25,text:warszawa,1994-01-25,,DU/1994/31,5,5,"IEJ Nr9 Warszawa, dnia 25 stycznia 1994"
DU,1994,11,1994-01-27,parser+ocr300,1994-01-27,text:warszawa,1994-01-27,,DU/1994/38,6,6,"J Nr 11 Warszawa, dnia 27 stycznia 1994"
DU,1994,12,1994-01-28,parser+ocr300,1994-01-28,text:warszawa,1994-01-28,,DU/1994/44,4,4," Nr ~:12 Warszawa, dnia 28 stycznia 1994"
DU,1994,14,1994-01-31,parser+ocr300,1994-01-31,text:warszawa,1994-01-31,,DU/1994/49,2,2,"J Nr 14 Warszawa, dnia 31 stycznia 1994"
DU,1994,15,1994-02-03,parser+ocr300,1994-02-03,text:warszawa,1994-02-03,,DU/1994/51,2,2,"J Nr 15 Warszawa, dnia 3 lutego 1994"
DU,1994,16,1994-02-07,parser+ocr300,1994-02-07,text:warszawa,1994-02-07,,DU/1994/53,4,4,"EJ Nr16 Warszawa, dnia 7 lutego 1994"
DU,1994,17,1994-02-08,parser+ocr300,1994-02-08,text:warszawa,1994-02-08,,DU/1994/57,5,5,"J Nr 17 Warszawa, dnia 8 lutego 1994"
DU,1994,18,1994-02-10,parser+ocr300,1994-02-10,text:warszawa,1994-02-10,,DU/1994/62,8,8,"J Nr 18 Warszawa, dnia 10 lutego 1994"
DU,1994,20,1994-02-12,parser+ocr300,1994-02-12,text:warszawa,1994-02-12,,DU/1994/71,1,1,"J Nr 20 Warszawa, dnia 12 lutego 1994"
DU,1994,21,1994-02-15,parser+ocr300,1994-02-15,text:warszawa,1994-02-15,,DU/1994/72,4,3,"J Nr 21 Warszawa, dnia 15 lutego 1994"
DU,1994,22,1994-02-17,parser+ocr300,1994-02-17,ocr:warszawa,1994-02-17,,DU/1994/76,4,4,"POLSKIEJ Warszawa, dnia 17 lutego 1994"
DU,1994,23,1994-02-22,obraz+parser,1994-02-22,ocr:warszawa,1994-02-22,1994-02-22,DU/1994/80,3,3,"POLSKIEJ Warszawa, dnia 22 lutego 1994"
DU,1994,25,1994-02-26,obraz+parser,1994-02-26,ocr:warszawa,1994-02-26,1994-02-26,DU/1994/84,7,7,"POLSKIEJ Warszawa, dnia 26 lutego 1994"
DU,1994,26,1994-02-28,parser+ocr300,1994-02-28,text:warszawa,1994-02-28,,DU/1994/91,5,5,"J Nr 26 Warszawa, dnia 28 lutego 1994"
DU,1994,28,1994-03-02,parser+ocr300,1994-03-02,text:warszawa,1994-03-02,,DU/1994/97,7,6,"J Nr 28 Warszawa, dnia 2 marca 1994"
DU,1994,29,1994-03-08,parser+ocr300,1994-03-08,text:warszawa,1994-03-08,,DU/1994/104,4,4,"J Nr 29 Warszawa, dnia 8 marca 1994"
DU,1994,30,1994-03-10,parser+ocr300,1994-03-10,ocr:warszawa,1994-03-10,,DU/1994/108,4,4,"POLSKIEJ Warszawa, dnia 10 marca 1994"
DU,1994,31,1994-03-11,parser+ocr300,1994-03-11,text:warszawa,1994-03-11,,DU/1994/112,7,7,"J Nr 31 Warszawa, dnia 11 marca 1994"
DU,1994,32,1994-03-15,parser+ocr300,1994-03-15,text:warszawa,1994-03-15,,DU/1994/119,1,1," Nr 32 . Warszawa, dnia 15 marca 1994"
DU,1994,33,1994-03-16,parser+ocr300,1994-03-16,text:warszawa,1994-03-16,,DU/1994/120,6,6,"J Nr 33 Warszawa, dnia 16 marca 1994"
DU,1994,34,1994-03-17,parser+ocr300,1994-03-17,text:warszawa,1994-03-17,,DU/1994/126,4,4,"J Nr 34 Warszawa, dnia 17 marca 1994"
DU,1994,35,1994-03-18,parser+ocr300,1994-03-18,ocr:warszawa,1994-03-18,,DU/1994/130,2,2,"POLSKIEJ Warszawa, dnia 18 marca 1994"
DU,1994,36,1994-03-21,parser+ocr300,1994-03-21,text:warszawa,1994-03-21,,DU/1994/132,6,5,"J Nr 36 Warszawa, dnia 21 marca 1994"
DU,1994,37,1994-03-22,parser+ocr300,1994-03-22,ocr:warszawa,1994-03-22,,DU/1994/138,1,1,"POLSKIEJ Warszawa, dnia 22 marca 1994"
DU,1994,38,1994-03-23,parser+ocr300,1994-03-23,text:warszawa,1994-03-23,,DU/1994/139,2,2,"J Nr 38 Warszawa, dnia 23 marca 1994"
DU,1994,39,1994-03-24,parser+ocr300,1994-03-24,ocr:warszawa,1994-03-24,,DU/1994/141,9,9,"POLSKIEJ Warszawa, dnia 24 marca 1994"
DU,1994,40,1994-03-25,parser+ocr300,1994-03-25,text:warszawa,1994-03-25,,DU/1994/150,6,5,"J Nr 40 Warszawa, dnia 25 marca 1994"
DU,1994,41,1994-03-28,parser+ocr300,1994-03-28,text:warszawa,1994-03-28,,DU/1994/156,1,1,"J Nr 41 Warszawa, dnia 28 marca 1994"
DU,1994,42,1994-03-29,parser+ocr300,1994-03-29,text:warszawa,1994-03-29,,DU/1994/157,3,3,"J Nr 42 Warszawa, dnia 29 marca 1994"
DU,1994,43,1994-03-30,parser+ocr300,1994-03-30,text:warszawa,1994-03-30,,DU/1994/160,11,5,J Nr 43 Warszawa; dnia 30 marca 1994
DU,1994,44,1994-03-31,parser+ocr300,1994-03-31,ocr:warszawa,1994-03-31,,DU/1994/171,5,5,"POLSKIEJ Warszawa, dnia 31 marca 1994"
DU,1994,45,1994-04-01,parser+ocr300,1994-04-01,text:warszawa,1994-04-01,,DU/1994/176,9,9,"J Nr 45 Warszawa, dnia 1 kwietnia 1994"
DU,1994,46,1994-04-06,parser+ocr300,1994-04-06,text:warszawa,1994-04-06,,DU/1994/185,4,4,"J Nr 46 Warszawa, dnia 6 kwietnia 1994"
DU,1994,47,1994-04-11,parser+ocr300,1994-04-11,text:warszawa,1994-04-11,,DU/1994/189,6,6,"J Nr 47 Warszawa, dnia 11 kwietnia 1994"
DU,1994,48,1994-04-12,parser+ocr300,1994-04-12,ocr:warszawa,1994-04-12,,DU/1994/195,1,1,"POLSKIEJ Warszawa, dnia 12 kwietnia 1994"
DU,1994,49,1994-04-15,parser+ocr300,1994-04-15,text:warszawa,1994-04-15,,DU/1994/196,1,1,"J Nr 49 Warszawa, dnia 15 kwietnia 1994"
DU,1994,50,1994-04-16,parser+ocr300,1994-04-16,ocr:warszawa,1994-04-16,,DU/1994/197,4,4,"POLSKIEJ Warszawa, dnia 16 kwietnia 1994"
DU,1994,51,1994-04-19,parser+ocr300,1994-04-19,text:warszawa,1994-04-19,,DU/1994/201,8,8,"J Nr 51 Warszawa, dnia 19 kwietnia 1994"
DU,1994,52,1994-04-22,parser+ocr300,1994-04-22,ocr:warszawa,1994-04-22,,DU/1994/209,5,5,"POLSKIEJ Warszawa, dnia 22 kwietnia 1994"
DU,1994,53,1994-04-25,parser+ocr300,1994-04-25,text:warszawa,1994-04-25,,DU/1994/214,6,4,"J Nr 53 Warszawa, dnia 25 kwietnia 1994"
DU,1994,54,1994-04-27,parser+ocr300,1994-04-27,text:warszawa,1994-04-27,,DU/1994/220,5,5,"J Nr 54 Warszawa, dnia 27 kwietnia 1994"
DU,1994,55,1994-04-29,parser+ocr300,1994-04-29,text:warszawa,1994-04-29,,DU/1994/225,7,6,"J Nr 55 Warszawa, dnia 29 kwietnia 1994"
DU,1994,56,1994-05-06,parser+ocr300,1994-05-06,ocr:warszawa,1994-05-06,,DU/1994/232,3,3,"POLSKIEJ Warszawa, dnia 6 maja 1994"
DU,1994,57,1994-05-10,parser+ocr300,1994-05-10,ocr:warszawa,1994-05-10,,DU/1994/235,4,4,"POLSKIEJ Warszawa, dnia 10 maja 1994"
DU,1994,58,1994-05-12,obraz+parser,1994-05-12,ocr:warszawa,1994-05-12,1994-05-12 1994-05-12,DU/1994/239,2,2,"POLSKIEJ Warszawa, dnia 12 maja 1994"
DU,1994,59,1994-05-14,parser+ocr300,1994-05-14,ocr:warszawa,1994-05-14,,DU/1994/241,5,5,"POLSKIEJ Warszawa, dnia 14 maja 1994"
DU,1994,60,1994-05-16,parser+ocr300,1994-05-16,ocr:warszawa,1994-05-16,,DU/1994/246,5,5,"POLSKIEJ Warszawa, dnia 16 maja 1994"
DU,1994,61,1994-05-20,parser+ocr300,1994-05-20,ocr:warszawa,1994-05-20,,DU/1994/251,7,7,"POLSKIEJ Warszawa, dnia 20 maja 1994"
DU,1994,62,1994-05-25,parser+ocr300,1994-05-25,ocr:warszawa,1994-05-25,,DU/1994/258,9,9,"POLSKIEJ Warszawa, dnia 25 maja 1994"
DU,1994,63,1994-05-26,parser+ocr300,1994-05-26,text:warszawa,1994-05-26,,DU/1994/267,5,5," POLSKIEJ Warszawa, dnia 26 maja 1994"
DU,1994,64,1994-05-30,parser+ocr300,1994-05-30,text:warszawa,1994-05-30,,DU/1994/272,6,6,"J Nr 64 Warszawa, dnia 30 maja 1994"
DU,1994,65,1994-06-03,parser+ocr300,1994-06-03,ocr:warszawa,1994-06-03,,DU/1994/278,8,8,"POLSKIEJ Warszawa, dnia 3 czerwca 1994"
DU,1994,66,1994-06-07,parser+ocr300,1994-06-07,text:warszawa,1994-06-07,,DU/1994/286,1,1," POLSKIEJ Warszawa, dnia 7 czerwca 1994"
DU,1994,67,1994-06-08,parser+ocr300,1994-06-08,text:warszawa,1994-06-08,,DU/1994/287,7,5," POLSKIEJ Warszawa, dnia 8 czerwca 1994"
DU,1994,68,1994-06-11,parser+ocr300,1994-06-11,text:warszawa,1994-06-11,,DU/1994/294,5,4," POLSKIEJ Warszawa, dnia 11 czerwca 1994"
DU,1994,69,1994-06-17,parser+ocr300,1994-06-17,text:warszawa,1994-06-17,,DU/1994/299,8,8,"J Nr 69 Warszawa, dnia 17 czerwca 1994"
DU,1994,70,1994-06-21,parser+ocr300,1994-06-21,text:warszawa,1994-06-21,,DU/1994/307,4,4," POLSKIEJ Warszawa, dnia 21 czerwca 1994"
DU,1994,71,1994-06-22,parser+ocr300,1994-06-22,ocr:warszawa,1994-06-22,,DU/1994/311,3,3,"POLSKIEJ Warszawa, dnia 22 czerwca 1994"
DU,1994,72,1994-06-23,parser+ocr300,1994-06-23,text:warszawa,1994-06-23,,DU/1994/314,9,9,"J Nr 72 Warszawa, dnia 23 czerwca 1994"
DU,1994,73,1994-06-27,parser+ocr300,1994-06-27,text:warszawa,1994-06-27,,DU/1994/323,8,6," POLSKIEJ Warszawa, dnia 27 czerwca 1994"
DU,1994,74,1994-06-29,parser+ocr300,1994-06-29,ocr:warszawa,1994-06-29,,DU/1994/331,9,7,"POLSKIEJ Warszawa, dnia 29 czerwca 1994"
DU,1994,75,1994-07-01,parser+ocr300,1994-07-01,text:warszawa,1994-07-01,,DU/1994/340,4,4," POLSKIEJ Warszawa, dnia 1 lipca 1994"
DU,1994,76,1994-07-04,parser+ocr300,1994-07-04,text:warszawa,1994-07-04,,DU/1994/344,5,5,"J Nr 76 Warszawa, dnia 4 lipca 1994"
DU,1994,77,1994-07-06,parser+ocr300,1994-07-06,text:warszawa,1994-07-06,,DU/1994/349,8,8," POLSKIEJ Warszawa, dnia 6 lipca 1994"
DU,1994,78,,bez odczytu (do obrazu),,none,,,DU/1994/357,5,5,
DU,1994,79,1994-07-08,parser+ocr300,1994-07-08,text:warszawa,1994-07-08,,DU/1994/362,6,4,"J Nr 79 Warszawa, dnia 8 lipca 1994"
DU,1994,80,,bez odczytu (do obrazu),,none,,,DU/1994/368,3,3,
DU,1994,81,1994-07-14,parser+ocr300,1994-07-14,text:warszawa,1994-07-14,,DU/1994/371,5,5," POLSKIEJ Warszawa, dnia 14 lipca 1994"
DU,1994,82,1994-07-15,parser+ocr300,1994-07-15,text:warszawa,1994-07-15,,DU/1994/376,7,7," POLSKIEJ Warszawa, dnia 15 lipca 1994"
DU,1994,83,1994-07-19,parser+ocr300,1994-07-19,text:warszawa,1994-07-19,,DU/1994/383,1,1," POLSKIEJ Warszawa, dnia 19 lipca 1994"
DU,1994,84,1994-07-25,parser+ocr300,1994-07-25,text:warszawa,1994-07-25,,DU/1994/384,4,1," POLSKIEJ Warszawa, dnia 25 lipca 1994"
DU,1994,85,1994-07-27,parser+ocr300,1994-07-27,text:warszawa,1994-07-27,,DU/1994/388,7,6,"o Nr 85 Warszawa, dnia 27 lipca 1994"
DU,1994,86,1994-08-05,parser+ocr300,1994-08-05,text:warszawa,1994-08-05,,DU/1994/395,11,7,"J Nr 86 Warszawa, dnia 5 sierpnia 1994"
DU,1994,87,1994-08-11,parser+ocr300,1994-08-11,text:warszawa,1994-08-11,,DU/1994/406,2,1," POLSKIEJ Warszawa, dnia 11 sierpnia 1994"
DU,1994,88,1994-08-12,obraz+parser,1994-08-12,text:warszawa,1994-08-12,1994-08-12,DU/1994/408,6,6," POLSKIEJ Warszawa, dnia 12 sierpnia 1994"
DU,1994,89,1994-08-25,parser+ocr300,1994-08-25,text:warszawa,1994-08-25,,DU/1994/414,4,3,"J Nr 89 Warszawa, dnia 25 sierpnia 1994"
DU,1994,90,1994-08-26,parser+ocr300,1994-08-26,ocr:warszawa,1994-08-26,,DU/1994/418,3,1,"POLSKIEJ Warszawa, dnia 26 sierpnia 1994"
DU,1994,91,1994-08-29,parser+ocr300,1994-08-29,ocr:warszawa,1994-08-29,,DU/1994/421,7,7,"POLSKIEJ Warszawa, dnia 29 sierpnia 1994"
DU,1994,92,1994-08-31,parser+ocr300,1994-08-31,ocr:warszawa,1994-08-31,,DU/1994/428,11,11,"POLSKIEJ Warszawa, dnia 31 sierpnia 1994"
DU,1994,93,1994-09-01,parser+ocr300,1994-09-01,text:warszawa,1994-09-01,,DU/1994/439,8,8," POLSKIEJ Warszawa, dnia 1 września 1994"
DU,1994,94,1994-09-06,parser+ocr300,1994-09-06,text:warszawa,1994-09-06,,DU/1994/447,13,13,"J Nr 94 Warszawa, dnia 6 września 1994"
DU,1994,95,,bez odczytu (do obrazu),,none,,,DU/1994/460,5,5,
DU,1994,96,,bez odczytu (do obrazu),,none,,,DU/1994/465,2,2,
DU,1994,97,1994-09-15,parser+ocr300,1994-09-15,text:warszawa,1994-09-15,,DU/1994/467,4,4," POLSKIEJ Warszawa, dnia 15 września 1994"
DU,1994,98,1994-09-16,parser+ocr300,1994-09-16,text:warszawa,1994-09-16,,DU/1994/471,8,3," POLSKIEJ Warszawa, dnia 16 września 1994"
DU,1994,99,1994-09-21,parser+ocr300,1994-09-21,ocr:warszawa,1994-09-21,,DU/1994/479,4,4,"POLSKIEJ Warszawa, dnia 21 września 1994"
DU,1994,100,1994-09-26,parser+ocr300,1994-09-26,text:warszawa,1994-09-26,,DU/1994/483,9,9," POLSKIEJ Warszawa, dnia 26 września 1994"
DU,1994,101,1994-09-28,parser+ocr300,1994-09-28,text:warszawa,1994-09-28,,DU/1994/492,4,4," POLSKIEJ Warszawa, dnia 28 września 1994"
DU,1994,102,,bez odczytu (do obrazu),,none,,,DU/1994/496,5,5,
DU,1994,103,1994-10-04,parser+ocr300,1994-10-04,text:warszawa,1994-10-04,,DU/1994/501,5,5," POLSKIEJ Warszawa, dnia 4 października 1994"
DU,1994,104,1994-10-10,obraz+parser,1994-10-10,text:warszawa,1994-10-10,1994-10-10,DU/1994/506,3,3," POLSKIEJ Warszawa, dnia 10 października 1994"
DU,1994,105,,bez odczytu (do obrazu),,none,,,DU/1994/509,1,1,
DU,1994,106,1994-10-12,parser+ocr300,1994-10-12,text:warszawa,1994-10-12,,DU/1994/510,2,2," POLSKIEJ Warszawa, dnia 12 października 1994"
DU,1994,107,1994-10-13,parser+ocr300,1994-10-13,ocr:warszawa,1994-10-13,,DU/1994/512,4,4,"POLSKIEJ Warszawa, dnia 13 października 1994"
DU,1994,108,1994-10-14,parser+ocr300,1994-10-14,text:warszawa,1994-10-14,,DU/1994/516,2,2," POLSKIEJ Warszawa, dnia 14 października 1994"
DU,1994,109,1994-10-18,parser+ocr300,1994-10-18,text:warszawa,1994-10-18,,DU/1994/518,10,10," POLSKIEJ Warszawa, dnia 18 października 1994"
DU,1994,110,1994-10-19,parser+ocr300,1994-10-19,ocr:warszawa,1994-10-19,,DU/1994/528,7,7,"POLSKIEJ Warszawa, dnia 19 października 1994"
DU,1994,111,,bez odczytu (do obrazu),,none,,,DU/1994/535,4,1,
DU,1994,112,1994-10-21,parser+ocr300,1994-10-21,text:warszawa,1994-10-21,,DU/1994/539,8,8," POLSKIEJ Warszawa, dnia 21 października 1994"
DU,1994,113,,bez odczytu (do obrazu),,none,,,DU/1994/547,5,4,
DU,1994,114,1994-10-28,parser+ocr300,1994-10-28,text:warszawa,1994-10-28,,DU/1994/552,1,1," POLSKIEJ Warszawa, dnia 28 października 1994"
DU,1994,115,1994-11-03,parser+ocr300,1994-11-03,text:warszawa,1994-11-03,,DU/1994/553,4,4," POLSKIEJ Warszawa, dnia 3 listopada 1994"
DU,1994,116,,bez odczytu (do obrazu),,none,,,DU/1994/557,1,1,
DU,1994,117,1994-11-08,parser+ocr300,1994-11-08,text:warszawa,1994-11-08,,DU/1994/558,7,7," Nr 117 Warszawa, dnia 8 listopada 1994"
DU,1994,118,,bez odczytu (do obrazu),,none,,,DU/1994/565,2,2,
DU,1994,119,1994-11-10,parser+ocr300,1994-11-10,text:warszawa,1994-11-10,,DU/1994/567,17,16," POLSKIEJ Warszawa, dnia 10 listopada 1994"
DU,1994,120,1994-11-15,parser+ocr300,1994-11-15,text:warszawa,1994-11-15,,DU/1994/584,7,7," Nr 120 Warszawa, dnia 15 listopada 1994"
DU,1994,122,1994-11-21,parser+ocr300,1994-11-21,text:warszawa,1994-11-21,,DU/1994/593,7,5," Nr 122 Warszawa, dnia 21 listopada 1994"
DU,1994,123,,bez odczytu (do obrazu),,none,,,DU/1994/600,7,6,
DU,1994,124,,bez odczytu (do obrazu),,none,,,DU/1994/607,2,2,
DU,1994,125,,bez odczytu (do obrazu),,none,,,DU/1994/609,6,6,
DU,1994,126,1994-11-30,parser+ocr300,1994-11-30,text:warszawa,1994-11-30,,DU/1994/615,12,12," POLSKIEJ Warszawa, dnia 30 listopada 1994"
DU,1994,127,1994-12-02,parser+ocr300,1994-12-02,text:warszawa,1994-12-02,,DU/1994/627,4,3," Nr 127 Warszawa, dnia 2 grudnia 1994"
DU,1994,128,1994-12-07,parser+ocr300,1994-12-07,text:warszawa,1994-12-07,,DU/1994/631,2,2," POLSKIEJ Warszawa, dnia 7 grudnia 1994"
DU,1994,129,1994-12-08,parser+ocr300,1994-12-08,ocr:warszawa,1994-12-08,,DU/1994/633,12,12,"POLSKIEJ Warszawa, dnia 8 grudnia 1994"
DU,1994,130,1994-12-09,parser+ocr300,1994-12-09,text:warszawa,1994-12-09,,DU/1994/645,12,11," Nr 130 Warszawa, dnia 9 grudnia 1994"
DU,1994,131,1994-12-15,parser+ocr300,1994-12-15,ocr:warszawa,1994-12-15,,DU/1994/657,12,12,"POLSKIEJ Warszawa, dnia 15 grudnia 1994"
DU,1994,132,1994-12-16,parser+ocr300,1994-12-16,text:warszawa,1994-12-16,,DU/1994/669,16,16," Nr 132 Warszawa, dnia 16 grudnia 1994"
DU,1994,133,1994-12-21,parser+ocr300,1994-12-21,text:warszawa,1994-12-21,,DU/1994/685,7,7," POLSKIEJ Warszawa, dnia 21 grudnia 1994"
DU,1994,134,1994-12-22,parser+ocr300,1994-12-22,text:warszawa,1994-12-22,,DU/1994/692,10,10," POLSKIEJ Warszawa, dnia 22 grudnia 1994"
DU,1994,135,1994-12-23,parser+ocr300,1994-12-23,ocr:warszawa,1994-12-23,,DU/1994/702,1,1,"POLSKIEJ Warszawa, dnia 23 grudnia 1994"
DU,1994,136,1994-12-27,parser+ocr300,1994-12-27,text:warszawa,1994-12-27,,DU/1994/703,11,9," Nr 136 Warszawa, dnia 27 grudnia 1994"
DU,1994,137,,bez odczytu (do obrazu),,none,,,DU/1994/714,15,15,
DU,1994,138,1994-12-29,parser+ocr300,1994-12-29,text:warszawa,1994-12-29,,DU/1994/729,17,17," POLSKIEJ Warszawa, dnia 29 grudnia 1994"
DU,1994,139,1994-12-30,parser+ocr300,1994-12-30,text:warszawa,1994-12-30,,DU/1994/746,22,22," POLSKIEJ Warszawa, dnia 30 grudnia 1994"
DU,1994,140,,bez odczytu (do obrazu),,none,,,DU/1994/768,37,37,
DU,1995,1,1995-01-06,parser+ocr300,1995-01-06,text:warszawa,1995-01-06,,DU/1995/1,3,1,"IEJ Nrl Warszawa, dnia 6 stycznia 1995"
DU,1995,2,1995-01-11,parser+ocr300,1995-01-11,text:warszawa,1995-01-11,,DU/1995/4,8,5,"IEJ Nr2 Warszawa, dnia 11 stycznia 1995"
DU,1995,3,1995-01-16,parser+ocr300,1995-01-16,text:warszawa,1995-01-16,,DU/1995/12,5,5,"IEJ Nr3 Warszawa, dnia 16 stycznia 1995"
DU,1995,4,1995-01-17,parser+ocr300,1995-01-17,text:warszawa,1995-01-17,,DU/1995/17,8,6," POLSKIEJ Warszawa, dnia 17 stycznia 1995"
DU,1995,5,1995-01-20,parser+ocr300,1995-01-20,text:warszawa,1995-01-20,,DU/1995/25,4,3,"IEJ Nr5 Warszawa, dnia 20 stycznia 1995"
DU,1995,6,1995-01-24,parser+ocr300,1995-01-24,text:warszawa,1995-01-24,,DU/1995/29,2,1,"IEJ Nr6 Warszawa, dnia 24 stycznia 1995"
DU,1995,7,1995-01-27,parser+ocr300,1995-01-27,text:warszawa,1995-01-27,,DU/1995/31,5,4,"IEJ Nr7 Warszawa, dnia 27 stycznia 1995"
DU,1995,8,1995-01-31,parser+ocr300,1995-01-31,text:warszawa,1995-01-31,,DU/1995/36,7,7,"IEJ Nr8 Warszawa, dnia 31 stycznia 1995"
DU,1995,9,1995-02-06,parser+ocr300,1995-02-06,text:warszawa,1995-02-06,,DU/1995/43,3,3,"IEJ Nr9 Warszawa, dnia 6 lutego 1995"
DU,1995,10,1995-02-08,parser+ocr300,1995-02-08,text:warszawa,1995-02-08,,DU/1995/46,3,3,"EJ Nr10 Warszawa, dnia 8 lutego 1995"
DU,1995,11,1995-02-14,parser+ocr300,1995-02-14,text:warszawa,1995-02-14,,DU/1995/49,6,6,"J Nr 11 Warszawa, dnia 14 lutego 1995"
DU,1995,12,1995-02-15,parser+ocr300,1995-02-15,text:warszawa,1995-02-15,,DU/1995/55,4,4,"J Nr 12 Warszawa, dnia 15 lutego 1995"
DU,1995,13,1995-02-16,parser+ocr300,1995-02-16,ocr:warszawa,1995-02-16,,DU/1995/59,3,1,"POLSKIEJ Warszawa, dnia 16 lutego 1995"
DU,1995,14,1995-02-17,parser+ocr300,1995-02-17,text:warszawa,1995-02-17,,DU/1995/62,7,6,"J Nr 14 Warszawa, dnia 17 lutego 1995"
DU,1995,15,1995-02-20,parser+ocr300,1995-02-20,text:warszawa,1995-02-20,,DU/1995/69,8,8,"J Nr 15 Warszawa, dnia 20 lutego 1995"
DU,1995,17,1995-02-24,parser+ocr300,1995-02-24,text:warszawa,1995-02-24,,DU/1995/80,4,4,"EJ Nr17 Warszawa, dnia 24 lutego 1995"
DU,1995,18,1995-02-25,parser+ocr300,1995-02-25,text:warszawa,1995-02-25,,DU/1995/84,4,4,"J Nr 18 Warszawa, dnia 25 lutego 1995"
DU,1995,19,1995-02-27,parser+ocr300,1995-02-27,text:warszawa,1995-02-27,,DU/1995/88,13,13,"EJ Nr19 Warszawa, dnia 27 lutego 1995"
DU,1995,20,1995-03-01,parser+ocr300,1995-03-01,text:warszawa,1995-03-01,,DU/1995/101,8,8,"J Nr 20 Warszawa, dnia 1 marca 1995"
DU,1995,21,1995-03-06,parser+ocr300,1995-03-06,text:warszawa,1995-03-06,,DU/1995/109,10,10,"J Nr 21 Warszawa, dnia 6 marca 1995"
DU,1995,22,1995-03-07,obraz+parser,1995-03-07,text:warszawa,1995-03-07,1995-03-07,DU/1995/119,1,1,"J Nr 22 Warszawa, dnia 7 marca 1995"
DU,1995,23,1995-03-09,parser+ocr300,1995-03-09,text:warszawa,1995-03-09,,DU/1995/120,10,7,"J Nr 23 Warszawa, dnia 9 marca 1995"
DU,1995,24,1995-03-11,parser+ocr300,1995-03-11,text:warszawa,1995-03-11,,DU/1995/130,2,2,"J Nr 24 Warszawa, dnia 11 marca 1995"
DU,1995,25,1995-03-13,parser+ocr300,1995-03-13,text:warszawa,1995-03-13,,DU/1995/132,6,6,"J Nr 25 Warszawa, dnia 13 marca 1995"
DU,1995,26,1995-03-15,parser+ocr300,1995-03-15,text:warszawa,1995-03-15,,DU/1995/138,3,3,"J Nr 26 Warszawa, dnia 15 marca 1995"
DU,1995,27,1995-03-16,parser+ocr300,1995-03-16,text:warszawa,1995-03-16,,DU/1995/141,2,2,"J Nr 27 Warszawa, dnia 16 marca 1995"
DU,1995,28,1995-03-17,parser+ocr300,1995-03-17,ocr:warszawa,1995-03-17,,DU/1995/143,4,3,"POLSKIEJ Warszawa, dnia 17 marca 1995"
DU,1995,29,1995-03-23,parser+ocr300,1995-03-23,text:warszawa,1995-03-23,,DU/1995/147,5,5," POLSKIEJ Warszawa, dnia 23 marca 1995"
DU,1995,30,1995-03-27,parser+ocr300,1995-03-27,text:warszawa,1995-03-27,,DU/1995/152,4,4,"J Nr 30 Warszawa, dnia 27 marca 1995"
DU,1995,31,1995-03-28,parser+ocr300,1995-03-28,text:warszawa,1995-03-28,,DU/1995/156,4,4,"J Nr 31 Warszawa, dnia 28 marca 1995"
DU,1995,32,1995-03-29,parser+ocr300,1995-03-29,text:warszawa,1995-03-29,,DU/1995/160,2,2," POLSKIEJ Warszawa, dnia 29 marca 1995"
DU,1995,33,1995-03-30,parser+ocr300,1995-03-30,text:warszawa,1995-03-30,,DU/1995/162,1,1,"IEJ "" "" Warszawa, dnia 30 marca 1995"
DU,1995,34,1995-03-31,parser+ocr300,1995-03-31,text:warszawa,1995-03-31,,DU/1995/163,10,8," POLSKIEJ Warszawa, dnia 31 marca 1995"
DU,1995,35,1995-04-03,obraz+parser,1995-04-03,ocr:warszawa,1995-04-03,1995-04-03 1995-04-03,DU/1995/173,2,2,"POLSKIEJ Warszawa, dnia 3 kwietnia 1995"
DU,1995,36,1995-04-04,obraz+parser,1995-04-04,text:warszawa,1995-04-04,1995-04-04,DU/1995/175,5,5," POLSKIEJ Warszawa, dnia 4 kwietnia 1995"
DU,1995,37,1995-04-07,obraz+parser,1995-04-07,text:warszawa,1995-04-07,1995-04-07,DU/1995/180,4,4," POLSKIEJ Warszawa, dnia 7 kwietnia 1995"
DU,1995,38,1995-04-11,parser+ocr300,1995-04-11,text:warszawa,1995-04-11,,DU/1995/184,10,9," POLSKIEJ Warszawa, dnia 11 kwietnia 1995"
DU,1995,39,1995-04-12,parser+ocr300,1995-04-12,text:warszawa,1995-04-12,,DU/1995/194,6,6," POLSKIEJ Warszawa, dnia 12 kwietnia 1995"
DU,1995,40,1995-04-14,parser+ocr300,1995-04-14,text:warszawa,1995-04-14,,DU/1995/200,8,8,"J Nr 40 Warszawa, dnia 14 kwietnia 1995"
DU,1995,41,1995-04-18,parser+ocr300,1995-04-18,text:warszawa,1995-04-18,,DU/1995/208,8,8,"J Nr 41 Warszawa, dnia 18 kwietnia 1995"
DU,1995,42,1995-04-20,parser+ocr300,1995-04-20,text:warszawa,1995-04-20,,DU/1995/216,5,5," POLSKIEJ Warszawa, dnia 20 kwietnia 1995"
DU,1995,43,1995-04-22,parser+ocr300,1995-04-22,text:warszawa,1995-04-22,,DU/1995/221,5,5," POLSKIEJ Warszawa, dnia 22 kwietnia 1995"
DU,1995,44,1995-04-26,parser+ocr300,1995-04-26,text:warszawa,1995-04-26,,DU/1995/226,6,6," POLSKIEJ Warszawa, dnia 26 kwietnia 1995"
DU,1995,45,1995-04-29,parser+ocr300,1995-04-29,text:warszawa,1995-04-29,,DU/1995/232,6,6," POLSKIEJ Warszawa, dnia 29 kwietnia 1995"
DU,1995,46,1995-05-06,obraz+parser,1995-05-06,text:warszawa,1995-05-06,1995-05-06,DU/1995/238,4,4,"J Nr 46 Warszawa, dnia 6 maja 1995"
DU,1995,47,1995-05-09,parser+ocr300,1995-05-09,text:warszawa,1995-05-09,,DU/1995/242,7,5," POLSKIEJ Warszawa, dnia 9 maja 1995"
DU,1995,48,1995-05-11,parser+ocr300,1995-05-11,text:warszawa,1995-05-11,,DU/1995/249,7,7," POLSKIEJ Warszawa, dnia 11 maja 1995"
DU,1995,49,1995-05-13,parser+ocr300,1995-05-13,text:warszawa,1995-05-13,,DU/1995/256,5,5,"J Nr 49 Warszawa, dnia 13 maja 1995"
DU,1995,50,1995-05-17,parser+ocr300,1995-05-17,text:warszawa,1995-05-17,,DU/1995/261,14,13," POLSKIEJ Warszawa, dnia 17 maja 1995"
DU,1995,51,1995-05-23,parser+ocr300,1995-05-23,text:warszawa,1995-05-23,,DU/1995/275,8,8," POLSKIEJ Warszawa, dnia 23 maja 1995"
DU,1995,52,1995-05-24,parser+ocr300,1995-05-24,ocr:warszawa,1995-05-24,,DU/1995/283,2,2,"POLSKIEJ Warszawa, dnia 24 maja 1995"
DU,1995,53,1995-05-25,parser+ocr300,1995-05-25,text:warszawa,1995-05-25,,DU/1995/285,3,3,"J Nr 53 Warszawa, dnia 25 maja 1995"
DU,1995,54,1995-05-26,parser+ocr300,1995-05-26,text:warszawa,1995-05-26,,DU/1995/288,1,1,"J Nr 54 Warszawa, dnia 26 maja 1995"
DU,1995,55,1995-05-29,obraz+parser,1995-05-29,text:warszawa,1995-05-29,1995-05-29,DU/1995/289,4,4,"J Nr 55 Warszawa, dnia 29 maja 1995"
DU,1995,56,1995-05-30,parser+ocr300,1995-05-30,text:warszawa,1995-05-30,,DU/1995/293,6,6," POLSKIEJ Warszawa, dnia 30 maja 1995"
DU,1995,57,1995-05-31,parser+ocr300,1995-05-31,text:warszawa,1995-05-31,,DU/1995/299,1,1," POLSKIEJ Warszawa, dnia 31 maja 1995"
DU,1995,58,1995-06-01,parser+ocr300,1995-06-01,text:warszawa,1995-06-01,,DU/1995/300,7,7," POLSKIEJ Warszawa, dnia 1 czerwca 1995"
DU,1995,59,1995-06-05,parser+ocr300,1995-06-05,text:warszawa,1995-06-05,,DU/1995/307,3,3,"J Nr 59 Warszawa, dnia 5 czerwca 1995"
DU,1995,61,1995-06-09,parser+ocr300,1995-06-09,text:warszawa,1995-06-09,,DU/1995/311,7,7," POLSKIEJ Warszawa, dnia 9 czerwca 1995"
DU,1995,62,1995-06-12,parser+ocr300,1995-06-12,text:warszawa,1995-06-12,,DU/1995/318,6,6,"J Nr 62 Warszawa, dnia 12 czerwca 1995"
DU,1995,63,1995-06-13,parser+ocr300,1995-06-13,text:warszawa,1995-06-13,,DU/1995/324,4,4,"J Nr 63 Warszawa, dnia 13 czerwca 1995"
DU,1995,64,1995-06-14,parser+ocr300,1995-06-14,text:warszawa,1995-06-14,,DU/1995/328,5,5," POLSKIEJ Warszawa, dnia 14 czerwca 1995"
DU,1995,65,1995-06-16,parser+ocr300,1995-06-16,text:warszawa,1995-06-16,,DU/1995/333,1,1," POLSKIEJ Warszawa, dnia 16 czerwca 1995"
DU,1995,66,1995-06-17,parser+ocr300,1995-06-17,text:warszawa,1995-06-17,,DU/1995/334,8,6," POLSKIEJ Warszawa, dnia 17 czerwca 1995"
DU,1995,67,1995-06-19,parser+ocr300,1995-06-19,text:warszawa,1995-06-19,,DU/1995/342,1,1," POLSKIEJ Warszawa, dnia 19 czerwca 1995"
DU,1995,68,1995-06-21,parser+ocr300,1995-06-21,text:warszawa,1995-06-21,,DU/1995/343,8,8," POLSKIEJ Warszawa, dnia 21 czerwca 1995"
DU,1995,69,1995-06-22,parser+ocr300,1995-06-22,text:warszawa,1995-06-22,,DU/1995/351,2,2," POLSKIEJ Warszawa, dnia 22 czerwca 1995"
DU,1995,70,1995-06-24,parser+ocr300,1995-06-24,text:warszawa,1995-06-24,,DU/1995/353,2,2," POLSKIEJ Warszawa, dnia 24 czerwca 1995"
DU,1995,71,1995-06-26,parser+ocr300,1995-06-26,text:warszawa,1995-06-26,,DU/1995/355,2,2," POLSKIEJ Warszawa, dnia 26 czerwca 1995"
DU,1995,72,1995-06-27,parser+ocr300,1995-06-27,text:warszawa,1995-06-27,,DU/1995/357,5,5,"J Nr 72 Warszawa, dnia 27 czerwca 1995"
DU,1995,73,1995-06-28,parser+ocr300,1995-06-28,text:warszawa,1995-06-28,,DU/1995/362,6,6,"J Nr 73 Warszawa, dnia 28 czerwca 1995"
DU,1995,74,1995-06-30,parser+ocr300,1995-06-30,text:warszawa,1995-06-30,,DU/1995/368,7,7,"J Nr 74 Warszawa, dnia 30 czerwca 1995"
DU,1995,75,1995-07-01,parser+ocr300,1995-07-01,text:warszawa,1995-07-01,,DU/1995/375,6,6," POLSKIEJ Warszawa, dnia 1 lipca 1995"
DU,1995,76,1995-07-05,parser+ocr300,1995-07-05,text:warszawa,1995-07-05,,DU/1995/381,5,5,"J Nr 76 Warszawa, dnia 5 lipca 1995"
DU,1995,77,1995-07-06,parser+ocr300,1995-07-06,text:warszawa,1995-07-06,,DU/1995/386,4,4,"J Nr 77 Warszawa, dnia 6 lipca 1995"
DU,1995,78,1995-07-07,parser+ocr300,1995-07-07,text:warszawa,1995-07-07,,DU/1995/390,9,9,"J Nr 78 Warszawa, dnia 7 lipca 1995"
DU,1995,79,1995-07-11,parser+ocr300,1995-07-11,text:warszawa,1995-07-11,,DU/1995/399,6,6," POLSKIEJ Warszawa, dnia 11 lipca 1995"
DU,1995,80,1995-07-12,parser+ocr300,1995-07-12,text:warszawa,1995-07-12,,DU/1995/405,1,1," POLSKIEJ Warszawa, dnia 12 lipca 1995"
DU,1995,81,1995-07-13,parser+ocr300,1995-07-13,text:warszawa,1995-07-13,,DU/1995/406,9,9,"J Nr 81 Warszawa, dnia 13 lipca 1995"
DU,1995,82,1995-07-17,parser+ocr300,1995-07-17,text:warszawa,1995-07-17,,DU/1995/415,2,2," POLSKIEJ Warszawa, dnia 17 lipca 1995"
DU,1995,83,1995-07-19,parser+ocr300,1995-07-19,text:warszawa,1995-07-19,,DU/1995/417,5,1, POLSKIEJ Warszawa dnia 19 lipca 1995
DU,1995,84,1995-07-21,parser+ocr300,1995-07-21,text:warszawa,1995-07-21,,DU/1995/422,4,4," POLSKIEJ Warszawa, dnia 21 lipca 1995"
DU,1995,85,1995-07-24,parser+ocr300,1995-07-24,text:warszawa,1995-07-24,,DU/1995/426,7,4," POLSKIEJ Warszawa, dnia 24 lipca 1995"
DU,1995,87,1995-07-28,parser+ocr300,1995-07-28,text:warszawa,1995-07-28,,DU/1995/434,5,5," POLSKIEJ Warszawa, dnia 28 lipca 1995"
DU,1995,88,1995-07-31,parser+ocr300,1995-07-31,text:warszawa,1995-07-31,,DU/1995/439,4,3,"J Nr 88 Warszawa, dnia 31 lipca 1995"
DU,1995,89,1995-08-03,parser+ocr300,1995-08-03,text:warszawa,1995-08-03,,DU/1995/443,3,1," POLSKIEJ Warszawa, dnia 3 sierpnia 1995"
DU,1995,90,1995-08-08,parser+ocr300,1995-08-08,text:warszawa,1995-08-08,,DU/1995/446,6,6,"J Nr 90 Warszawa, dnia 8 sierpnia 1995"
DU,1995,91,1995-08-10,parser+ocr300,1995-08-10,text:warszawa,1995-08-10,,DU/1995/452,3,3," POLSKIEJ Warszawa, dnia 10 sierpnia 1995"
DU,1995,92,1995-08-11,parser+ocr300,1995-08-11,text:warszawa,1995-08-11,,DU/1995/455,9,9," POLSKIEJ Warszawa, dnia 11 sierpnia 1995"
DU,1995,93,1995-08-12,parser+ocr300,1995-08-12,text:warszawa,1995-08-12,,DU/1995/464,1,1," POLSKIEJ Warszawa, dnia 12 sierpnia 1995"
DU,1995,94,1995-08-18,parser+ocr300,1995-08-18,text:warszawa,1995-08-18,,DU/1995/465,6,6," POLSKIEJ Warszawa, dnia 18 sierpnia 1995"
DU,1995,95,1995-08-19,parser+ocr300,1995-08-19,text:warszawa,1995-08-19,,DU/1995/471,7,5," POLSKIEJ Warszawa, dnia 19 sierpnia 1995"
DU,1995,98,1995-08-24,parser+ocr300,1995-08-24,text:warszawa,1995-08-24,,DU/1995/483,3,3," POLSKIEJ Warszawa, dnia 24 sierpnia 1995"
DU,1995,99,1995-08-25,obraz+parser,1995-08-25,text:warszawa,1995-08-25,1995-08-25,DU/1995/486,6,3,"J Nr 99 Warszawa, dnia 25 sierpnia 1995"
DU,1995,100,1995-08-30,parser+ocr300,1995-08-30,text:warszawa,1995-08-30,,DU/1995/492,12,12," POLSKIEJ Warszawa, dnia 30 sierpnia 1995"
DU,1995,102,1995-09-06,parser+ocr300,1995-09-06,text:warszawa,1995-09-06,,DU/1995/505,4,4," POLSKIEJ Warszawa, dnia 6 września 1995"
DU,1995,103,1995-09-08,parser+ocr300,1995-09-08,text:warszawa,1995-09-08,,DU/1995/509,6,6," Nr 103 Warszawa, dnia 8 września 1995"
DU,1995,105,1995-09-14,parser+ocr300,1995-09-14,text:warszawa,1995-09-14,,DU/1995/516,1,1," Nr 105 Warszawa, dnia 14 września 1995"
DU,1995,106,1995-09-15,parser+ocr300,1995-09-15,text:warszawa,1995-09-15,,DU/1995/517,7,7," Nr 106 Warszawa, dnia 15 września 1995"
DU,1995,107,1995-09-22,parser+ocr300,1995-09-22,text:warszawa,1995-09-22,,DU/1995/524,4,4," POLSKIEJ Warszawa, dnia 22 września 1995"
DU,1995,108,1995-09-25,parser+ocr300,1995-09-25,text:warszawa,1995-09-25,,DU/1995/528,2,2," POLSKIEJ Warszawa, dnia 25 września 1995"
DU,1995,109,1995-09-26,parser+ocr300,1995-09-26,text:warszawa,1995-09-26,,DU/1995/530,4,4," POLSKIEJ Warszawa, dnia 26 września 1995"
DU,1995,110,1995-09-27,parser+ocr300,1995-09-27,text:warszawa,1995-09-27,,DU/1995/534,2,2," POLSKIEJ Warszawa, dnia 27 września 1995"
DU,1995,111,1995-09-28,parser+ocr300,1995-09-28,text:warszawa,1995-09-28,,DU/1995/536,4,4," POLSKIEJ Warszawa, dnia 28 września 1995"
DU,1995,112,1995-09-29,parser+ocr300,1995-09-29,text:warszawa,1995-09-29,,DU/1995/540,2,2," Nr 112 Warszawa, dnia 29 września 1995"
DU,1995,113,1995-10-03,parser+ocr300,1995-10-03,text:warszawa,1995-10-03,,DU/1995/542,4,4," POLSKIEJ Warszawa, dnia 3 października 1995"
DU,1995,114,1995-10-05,parser+ocr300,1995-10-05,text:warszawa,1995-10-05,,DU/1995/546,11,11," POLSKIEJ Warszawa, dnia 5 października 1995"
DU,1995,115,1995-10-07,parser+ocr300,1995-10-07,text:warszawa,1995-10-07,,DU/1995/557,2,2," POLSKIEJ Warszawa, dnia 7 października 1995"
DU,1995,116,1995-10-11,parser+ocr300,1995-10-11,text:warszawa,1995-10-11,,DU/1995/559,4,4," POLSKIEJ Warszawa, dnia 11 października 1995"
DU,1995,117,1995-10-13,parser+ocr300,1995-10-13,text:warszawa,1995-10-13,,DU/1995/563,2,2," POLSKIEJ Warszawa, dnia 13 października 1995"
DU,1995,118,1995-10-18,parser+ocr300,1995-10-18,text:warszawa,1995-10-18,,DU/1995/565,10,9," POLSKIEJ Warszawa, dnia 18 października 1995"
DU,1995,119,1995-10-20,parser+ocr300,1995-10-20,text:warszawa,1995-10-20,,DU/1995/575,1,1," POLSKIEJ Warszawa, dnia 20 października 1995"
DU,1995,120,1995-10-24,parser+ocr300,1995-10-24,text:warszawa,1995-10-24,,DU/1995/576,8,7," POLSKIEJ Warszawa, dnia 24 października 1995"
DU,1995,121,1995-10-25,parser+ocr300,1995-10-25,text:warszawa,1995-10-25,,DU/1995/584,4,4," POLSKIEJ Warszawa, dnia 25 października 1995"
DU,1995,122,1995-10-27,parser+ocr300,1995-10-27,text:warszawa,1995-10-27,,DU/1995/588,7,7," POLSKIEJ Warszawa, dnia 27 października 1995"
DU,1995,123,1995-10-31,parser+ocr300,1995-10-31,text:warszawa,1995-10-31,,DU/1995/595,6,6," Nr 123 Warszawa, dnia 31 października 1995"
DU,1995,125,1995-11-07,parser+ocr300,1995-11-07,text:warszawa,1995-11-07,,DU/1995/602,2,2," POLSKIEJ Warszawa, dnia 7 listopada 1995"
DU,1995,126,1995-11-10,parser+ocr300,1995-11-10,text:warszawa,1995-11-10,,DU/1995/604,2,2," Nr 126 Warszawa, dnia 10 listopada 1995"
DU,1995,127,1995-11-14,parser+ocr300,1995-11-14,text:warszawa,1995-11-14,,DU/1995/606,11,11," POLSKIEJ Warszawa, dnia 14 listopada 1995"
DU,1995,129,1995-11-17,parser+ocr300,1995-11-17,text:warszawa,1995-11-17,,DU/1995/625,4,4," POLSKIEJ Warszawa, . dnia 17 listopada 1995"
DU,1995,131,1995-11-23,parser+ocr300,1995-11-23,text:warszawa,1995-11-23,,DU/1995/636,4,3," POLSKIEJ Warszawa, dnia 23 listopada 1995"
DU,1995,134,1995-11-28,parser+ocr300,1995-11-28,text:warszawa,1995-11-28,,DU/1995/655,7,7," POLSKIEJ Warszawa, dnia 28 listopada 1995"
DU,1995,135,1995-11-30,parser+ocr300,1995-11-30,text:warszawa,1995-11-30,,DU/1995/662,4,4," Nr 135 Warszawa, dnia 30 listopada 1995"
DU,1995,136,1995-12-01,obraz+parser,1995-12-01,ocr:warszawa,,1995-12-01,DU/1995/666,11,11,"POLSKIEJ Warszawa, dnia 1 grudnia 1995"
DU,1995,137,1995-12-05,parser+ocr300,1995-12-05,text:warszawa,1995-12-05,,DU/1995/677,4,4," POLSKIEJ Warszawa, dnia 5 grudnia 1995"
DU,1995,139,1995-12-07,parser+ocr300,1995-12-07,text:warszawa,1995-12-07,,DU/1995/686,1,1," POLSKIEJ Warszawa, dnia 7 grudnia 1995"
DU,1995,140,1995-12-08,parser+ocr300,1995-12-08,text:warszawa,1995-12-08,,DU/1995/687,5,5," POLSKIEJ Warszawa, dnia 8 grudnia 1995"
DU,1995,141,1995-12-11,parser+ocr300,1995-12-11,text:warszawa,1995-12-11,,DU/1995/692,9,9," POLSKIEJ Warszawa, dnia 11 grudnia 1995"
DU,1995,143,1995-12-13,parser+ocr300,1995-12-13,text:warszawa,1995-12-13,,DU/1995/706,2,2," POLSKIEJ Warszawa, dnia 13 grudnia 1995"
DU,1995,144,1995-12-14,parser+ocr300,1995-12-14,text:warszawa,1995-12-14,,DU/1995/708,3,3," POLSKIEJ Warszawa, dnia 14 grudnia 1995"
DU,1995,145,1995-12-15,parser+ocr300,1995-12-15,text:warszawa,1995-12-15,,DU/1995/711,1,1," POLSKIEJ Warszawa, dnia 15 grudnia 1995"
DU,1995,146,1995-12-16,parser+ocr300,1995-12-16,text:warszawa,1995-12-16,,DU/1995/712,1,1," Nr 146 Warszawa, dnia 16 grudnia 1995"
DU,1995,147,1995-12-18,parser+ocr300,1995-12-18,text:warszawa,1995-12-18,,DU/1995/713,6,5," Nr 14 7 Warszawa, dnia 18 grudnia 1995"
DU,1995,148,1995-12-19,parser+ocr300,1995-12-19,text:warszawa,1995-12-19,,DU/1995/719,5,5," POLSKIEJ Warszawa, dnia 19 grudnia 1995"
DU,1995,149,1995-12-21,parser+ocr300,1995-12-21,text:warszawa,1995-12-21,,DU/1995/724,5,5," Nr 149 Warszawa, dnia 21 grudnia 1995"
DU,1995,151,1995-12-27,parser+ocr300,1995-12-27,text:warszawa,1995-12-27,,DU/1995/737,14,14," POLSKIEJ Warszawa, dnia 27 grudnia 1995"
DU,1995,152,1995-12-28,parser+ocr300,1995-12-28,ocr:warszawa,1995-12-28,,DU/1995/751,23,23,"POLSKIEJ Warszawa, dnia 28 grudnia 1995"
DU,1995,153,1995-12-29,parser+ocr300,1995-12-29,text:warszawa,1995-12-29,,DU/1995/774,17,17," Nr 153 Warszawa, dnia 29 grudnia 1995"
DU,1996,2,1996-01-05,parser+ocr300,1996-01-05,text:warszawa,1996-01-05,,DU/1996/9,7,7,"EJ Nr 2 Warszawa, dnia 5 stycznia 1996"
DU,1996,3,1996-01-11,parser+ocr300,1996-01-11,text:warszawa,1996-01-11,,DU/1996/16,12,12,"IEJ Nr3 Warszawa, dnia 11 stycznia 1996"
DU,1996,4,1996-01-17,parser+ocr300,1996-01-17,text:warszawa,1996-01-17,,DU/1996/28,4,4,"EJ Nr 4 Warszawa, dnia 17 stycznia 1996"
DU,1996,7,1996-01-24,parser+ocr300,1996-01-24,text:warszawa,1996-01-24,,DU/1996/44,2,2,"EJ Nr 7 Warszawa, dnia 24 stycznia 1996"
DU,1996,8,1996-01-26,parser+ocr300,1996-01-26,text:warszawa,1996-01-26,,DU/1996/46,5,5,"EJ Nr 8 Warszawa, dnia 26 stycznia 1996"
DU,1996,9,1996-01-27,parser+ocr300,1996-01-27,ocr:warszawa,1996-01-27,,DU/1996/51,4,4,"POLSKIEJ Warszawa, dnia 27 stycznia 1996"
DU,1996,10,1996-01-30,parser+ocr300,1996-01-30,text:warszawa,1996-01-30,,DU/1996/55,7,5,"J Nr 10 Warszawa, dnia 30 stycznia 1996"
DU,1996,11,,bez odczytu (do obrazu),,none,,,DU/1996/62,1,1,
DU,1996,12,1996-02-06,parser+ocr300,1996-02-06,text:warszawa,1996-02-06,,DU/1996/63,11,11,"EJ Nr12 Warszawa, dnia 6 lutego 1996"
DU,1996,13,1996-02-10,parser+ocr300,1996-02-10,ocr:warszawa,1996-02-10,,DU/1996/74,1,1,"POLSKIEJ Warszawa, dnia 10 lutego 1996"
DU,1996,14,1996-02-12,parser+ocr300,1996-02-12,ocr:warszawa,1996-02-12,,DU/1996/75,6,6,"POLSKIEJ Warszawa, dnia 12 lutego 1996"
DU,1996,15,1996-02-14,parser+ocr300,1996-02-14,text:warszawa,1996-02-14,,DU/1996/81,1,1,"EJ Nr15 Warszawa, dnia 14 lutego 1996"
DU,1996,16,1996-02-16,parser+ocr300,1996-02-16,ocr:warszawa,1996-02-16,,DU/1996/82,3,3,"POLSKIEJ Warszawa, dnia 16 lutego 1996"
DU,1996,17,1996-02-19,parser+ocr300,1996-02-19,text:warszawa,1996-02-19,,DU/1996/85,1,1,"J Nr 17 Warszawa, dnia 19 lutego 1996"
DU,1996,18,1996-02-20,parser+ocr300,1996-02-20,ocr:warszawa,1996-02-20,,DU/1996/86,1,1,"POLSKIEJ Warszawa, dnia 20 lutego 1996"
DU,1996,19,1996-02-21,parser+ocr300,1996-02-21,ocr:warszawa,1996-02-21,,DU/1996/87,1,1,"POLSKIEJ Warszawa, dnia 21 lutego 1996"
DU,1996,20,1996-02-22,parser+ocr300,1996-02-22,text:warszawa,1996-02-22,,DU/1996/88,9,9,"J Nr 20 Warszawa, dnia 22 lutego 1996"
DU,1996,21,1996-02-23,parser+ocr300,1996-02-23,ocr:warszawa,1996-02-23,,DU/1996/97,4,4,"POLSKIEJ Warszawa, dnia 23 lutego 1996"
DU,1996,22,1996-02-24,parser+ocr300,1996-02-24,text:warszawa,1996-02-24,,DU/1996/101,1,1,"J Nr 22 Warszawa, dnia 24 lutego 1996"
DU,1996,23,1996-02-29,parser+ocr300,1996-02-29,ocr:warszawa,1996-02-29,,DU/1996/102,8,7,"POLSKIEJ Warszawa, dnia 29 lutego 1996"
DU,1996,24,,bez odczytu (do obrazu),,none,,,DU/1996/110,3,2,
DU,1996,25,,bez odczytu (do obrazu),,none,,,DU/1996/113,2,2,
DU,1996,26,1996-03-07,parser+ocr300,1996-03-07,text:warszawa,1996-03-07,,DU/1996/115,3,3,"J Nr 26 Warszawa, dnia 7 marca 1996"
DU,1996,27,1996-03-08,parser+ocr300,1996-03-08,text:warszawa,1996-03-08,,DU/1996/118,6,5,"J Nr 27 Warszawa, dnia 8 marca 1996"
DU,1996,28,1996-03-11,parser+ocr300,1996-03-11,text:warszawa,1996-03-11,,DU/1996/124,4,4,"J Nr 28 Warszawa, dnia 11 marca 1996"
DU,1996,29,1996-03-13,parser+ocr300,1996-03-13,text:warszawa,1996-03-13,,DU/1996/128,3,3,"J Nr 29 Warszawa, dnia 13 marca 1996"
DU,1996,30,1996-03-14,parser+ocr300,1996-03-14,text:warszawa,1996-03-14,,DU/1996/131,3,3,"J Nr 30 Warszawa, dnia 14 marca 1996"
DU,1996,31,1996-03-18,parser+ocr300,1996-03-18,text:warszawa,1996-03-18,,DU/1996/134,5,5,"J Nr 31 Warszawa, dnia 18 marca 1996"
DU,1996,33,1996-03-20,parser+ocr300,1996-03-20,ocr:warszawa,1996-03-20,,DU/1996/144,1,1,"POLSKIEJ Warszawa, dnia 20 marca 1996"
DU,1996,35,1996-03-25,parser+ocr300,1996-03-25,text:warszawa,1996-03-25,,DU/1996/149,5,5,"J Nr 35 Warszawa, dnia 25 marca 1996"
DU,1996,36,,bez odczytu (do obrazu),,none,,,DU/1996/154,5,5,
DU,1996,38,1996-04-02,parser+ocr300,1996-04-02,text:warszawa,1996-04-02,,DU/1996/166,3,3," POLSKIEJ Warszawa, dnia 2 kwietnia 1996"
DU,1996,39,1996-04-04,parser+ocr300,1996-04-04,text:warszawa,1996-04-04,,DU/1996/169,3,3,"J Nr 39 Warszawa, dnia 4 kwietnia 1996"
DU,1996,40,1996-04-05,parser+ocr300,1996-04-05,text:warszawa,1996-04-05,,DU/1996/172,3,3," POLSKIEJ Warszawa, dnia 5 kwietnia 1996"
DU,1996,42,1996-04-12,parser+ocr300,1996-04-12,text:warszawa,1996-04-12,,DU/1996/181,8,8,"J Nr 42 Warszawa, dnia 12 kwietnia 1996"
DU,1996,46,1996-04-22,parser+ocr300,1996-04-22,ocr:warszawa,1996-04-22,,DU/1996/205,6,6,"POLSKIEJ Warszawa, dnia 22 kwietnia 1996"
DU,1996,47,1996-04-23,parser+ocr300,1996-04-23,text:warszawa,1996-04-23,,DU/1996/211,1,1," Nr 4 7 Warszawa, dnia 23 kwietnia 1996"
DU,1996,48,1996-04-24,parser+ocr300,1996-04-24,text:warszawa,1996-04-24,,DU/1996/212,1,1,"J Nr 48 Warszawa, dnia 24 kwietnia 1996"
DU,1996,49,1996-04-25,parser+ocr300,1996-04-25,ocr:warszawa,1996-04-25,,DU/1996/213,2,2,"POLSKIEJ Warszawa, dnia 25 kwietnia 1996"
DU,1996,50,1996-04-29,parser+ocr300,1996-04-29,ocr:warszawa,1996-04-29,,DU/1996/215,4,4,"POLSKIEJ Warszawa, dnia 29 kwietnia 1996"
DU,1996,51,1996-04-30,parser+ocr300,1996-04-30,text:warszawa,1996-04-30,,DU/1996/219,6,6," POLSKIEJ Warszawa, dnia 30 kwietnia 1996"
DU,1996,53,1996-05-10,parser+ocr300,1996-05-10,text:warszawa,1996-05-10,,DU/1996/238,2,2,"J Nr 53 Warszawa, dnia 10 maja 1996"
DU,1996,54,1996-05-11,parser+ocr300,1996-05-11,text:warszawa,1996-05-11,,DU/1996/240,6,6," POLSKIEJ Warszawa, dnia 11 maja 1996"
DU,1996,55,1996-05-15,parser+ocr300,1996-05-15,text:warszawa,1996-05-15,,DU/1996/246,6,6," POLSKIEJ Warszawa, dnia 15 maja 1996"
DU,1996,56,1996-05-20,parser+ocr300,1996-05-20,text:warszawa,1996-05-20,,DU/1996/252,6,6," POLSKIEJ Warszawa, dnia 20 maja 1996"
DU,1996,57,1996-05-22,parser+ocr300,1996-05-22,text:warszawa,1996-05-22,,DU/1996/258,3,3," POLSKIEJ Warszawa, dnia 22 maja 1996"
DU,1996,60,1996-05-30,parser+ocr300,1996-05-30,text:warszawa,1996-05-30,,DU/1996/274,9,9,"J Nr 60 Warszawa, dnia 30 maja 1996"
DU,1996,61,1996-05-31,parser+ocr300,1996-05-31,text:warszawa,1996-05-31,,DU/1996/283,2,1,"J Nr 61 Warszawa, dnia 31 maja 1996"
DU,1996,62,1996-06-01,parser+ocr300,1996-06-01,text:warszawa,1996-06-01,,DU/1996/285,7,7," POLSKIEJ Warszawa, dnia 1 czerwca 1996"
DU,1996,63,,bez odczytu (do obrazu),,none,,,DU/1996/292,13,13,
DU,1996,64,1996-06-11,parser+ocr300,1996-06-11,text:warszawa,1996-06-11,,DU/1996/305,11,11,"J Nr 64 Warszawa, dnia 11 czerwca 1996"
DU,1996,65,1996-06-14,parser+ocr300,1996-06-14,ocr:warszawa,1996-06-14,,DU/1996/316,9,9,"POLSKIEJ Warszawa, dnia 14 czerwca 1996"
DU,1996,66,1996-06-19,parser+ocr300,1996-06-19,text:warszawa,1996-06-19,,DU/1996/325,4,4," POLSKIEJ Warszawa, dnia 19 czerwca 1996"
DU,1996,67,1996-06-21,parser+ocr300,1996-06-21,text:warszawa,1996-06-21,,DU/1996/329,1,1," POLSKIEJ Warszawa, dnia 21 czerwca 1996"
DU,1996,68,1996-06-24,parser+ocr300,1996-06-24,text:warszawa,1996-06-24,,DU/1996/330,2,2,"J Nr 68 Warszawa, dnia 24 czerwca 1996"
DU,1996,69,1996-06-25,parser+ocr300,1996-06-25,text:warszawa,1996-06-25,,DU/1996/332,1,1," POLSKIEJ Warszawa, dnia 25 czerwca 1996"
DU,1996,70,1996-06-26,parser+ocr300,1996-06-26,ocr:warszawa,1996-06-26,,DU/1996/333,3,3,"POLSKIEJ Warszawa, dnia 26 czerwca 1996"
DU,1996,71,1996-06-27,parser+ocr300,1996-06-27,ocr:warszawa,1996-06-27,,DU/1996/336,11,11,"POLSKIEJ Warszawa, dnia 27 czerwca 1996"
DU,1996,72,1996-06-28,parser+ocr300,1996-06-28,text:warszawa,1996-06-28,,DU/1996/347,3,2,"J Nr 72 Warszawa, dnia 28 czerwca 1996"
DU,1996,73,1996-06-29,parser+ocr300,1996-06-29,text:warszawa,1996-06-29,,DU/1996/350,2,1,"J Nr 73 Warszawa, dnia 29 czerwca 1996"
DU,1996,74,1996-07-03,parser+ocr300,1996-07-03,text:warszawa,1996-07-03,,DU/1996/352,3,2,"J Nr 74 Warszawa, dnia 3 lipca 1996"
DU,1996,75,1996-07-04,parser+ocr300,1996-07-04,text:warszawa,1996-07-04,,DU/1996/355,8,5," POLSKIEJ Warszawa, dnia 4 lipca 1996"
DU,1996,76,1996-07-05,parser+ocr300,1996-07-05,text:warszawa,1996-07-05,,DU/1996/363,4,4," POLSKIEJ Warszawa, dnia 5 lipca 1996"
DU,1996,77,1996-07-08,parser+ocr300,1996-07-08,text:warszawa,1996-07-08,,DU/1996/367,3,2," POLSKIEJ Warszawa, dnia 8 lipca 1996"
DU,1996,78,1996-07-09,parser+ocr300,1996-07-09,text:warszawa,1996-07-09,,DU/1996/370,2,2," POLSKIEJ Warszawa, dnia 9 lipca 1996"
DU,1996,79,1996-07-10,parser+ocr300,1996-07-10,text:warszawa,1996-07-10,,DU/1996/372,3,3," POLSKIEJ Warszawa, dnia 10 lipca 1996"
DU,1996,80,1996-07-12,parser+ocr300,1996-07-12,text:warszawa,1996-07-12,,DU/1996/375,3,3," POLSKIEJ Warszawa, dnia 12 lipca 1996"
DU,1996,81,1996-07-15,parser+ocr300,1996-07-15,text:warszawa,1996-07-15,,DU/1996/378,1,1," POLSKIEJ Warszawa, dnia 15 lipca 1996"
DU,1996,82,1996-07-16,parser+ocr300,1996-07-16,text:warszawa,1996-07-16,,DU/1996/379,5,5," POLSKIEJ Warszawa, dnia 16 lipca 1996"
DU,1996,83,1996-07-17,parser+ocr300,1996-07-17,text:warszawa,1996-07-17,,DU/1996/384,2,2,"J Nr 83 Warszawa, dnia 17 lipca 1996"
DU,1996,84,1996-07-18,parser+ocr300,1996-07-18,ocr:warszawa,1996-07-18,,DU/1996/386,2,2,"POLSKIEJ Warszawa, dnia 18 lipca 1996"
DU,1996,85,1996-07-19,parser+ocr300,1996-07-19,ocr:warszawa,1996-07-19,,DU/1996/388,3,3,"POLSKIEJ Warszawa, dnia 19 lipca 1996"
DU,1996,86,1996-07-22,parser+ocr300,1996-07-22,text:warszawa,1996-07-22,,DU/1996/391,4,4," POLSKIEJ Warszawa, dnia 22 lipca 1996"
DU,1996,88,1996-07-24,parser+ocr300,1996-07-24,ocr:warszawa,1996-07-24,,DU/1996/397,3,3,"POLSKIEJ Warszawa, dnia 24 lipca 1996"
DU,1996,89,1996-07-25,parser+ocr300,1996-07-25,ocr:warszawa,1996-07-25,,DU/1996/400,4,1,"POLSKIEJ Warszawa, dnia 25 lipca 1996"
DU,1996,91,1996-07-30,parser+ocr300,1996-07-30,text:warszawa,1996-07-30,,DU/1996/409,6,4," POLSKIEJ Warszawa, dnia 30 lipca 1996"
DU,1996,92,1996-07-31,parser+ocr300,1996-07-31,text:warszawa,1996-07-31,,DU/1996/415,6,6,"J Nr 92 Warszawa, dnia 31 lipca 1996"
DU,1996,93,1996-08-01,parser+ocr300,1996-08-01,text:warszawa,1996-08-01,,DU/1996/421,5,5," POLSKIEJ Warszawa, dnia 1 sierpnia 1996"
DU,1996,94,1996-08-02,parser+ocr300,1996-08-02,ocr:warszawa,1996-08-02,,DU/1996/426,8,8,"POLSKIEJ Warszawa, dnia 2 sierpnia 1996"
DU,1996,95,1996-08-06,parser+ocr300,1996-08-06,ocr:warszawa,1996-08-06,,DU/1996/434,10,10,"POLSKIEJ Warszawa, dnia 6 sierpnia 1996"
DU,1996,96,1996-08-07,parser+ocr300,1996-08-07,text:warszawa,1996-08-07,,DU/1996/444,7,7,"J Nr 96 Warszawa, dnia 7 sierpnia 1996"
DU,1996,97,1996-08-08,parser+ocr300,1996-08-08,text:warszawa,1996-08-08,,DU/1996/451,4,4,"J Nr 97 Warszawa, dnia 8 sierpnia 1996"
DU,1996,98,1996-08-09,parser+ocr300,1996-08-09,ocr:warszawa,1996-08-09,,DU/1996/455,2,2,"POLSKIEJ Warszawa, dnia 9 sierpnia 1996"
DU,1996,99,1996-08-12,parser+ocr300,1996-08-12,ocr:warszawa,1996-08-12,,DU/1996/457,2,2,"POLSKIEJ Warszawa, dnia 12 sierpnia 1996"
DU,1996,101,1996-08-16,parser+ocr300,1996-08-16,text:warszawa,1996-08-16,,DU/1996/466,8,8," Nr 101 Warszawa, dnia 16 sierpnia 1996"
DU,1996,103,1996-08-22,parser+ocr300,1996-08-22,text:warszawa,1996-08-22,,DU/1996/476,4,4," POLSKIEJ Warszawa, dnia 22 sierpnia 1996"
DU,1996,104,1996-08-24,parser+ocr300,1996-08-24,ocr:warszawa,1996-08-24,,DU/1996/480,3,3,"POLSKIEJ Warszawa, dnia 24 sierpnia 1996"
DU,1996,105,1996-08-29,parser+ocr300,1996-08-29,text:warszawa,1996-08-29,,DU/1996/483,5,5," POLSKIEJ Warszawa, dnia 29 sierpnia 1996"
DU,1996,108,1996-09-12,parser+ocr300,1996-09-12,ocr:warszawa,1996-09-12,,DU/1996/514,7,7,"POLSKIEJ Warszawa, dnia 12 września 1996"
DU,1996,109,1996-09-16,parser+ocr300,1996-09-16,text:warszawa,1996-09-16,,DU/1996/521,6,6," POLSKIEJ Warszawa, dnia 16 września 1996"
DU,1996,110,1996-09-18,parser+ocr300,1996-09-18,ocr:warszawa,1996-09-18,,DU/1996/527,5,5,"POLSKIEJ Warszawa, dnia 18 września 1996"
DU,1996,111,1996-09-19,obraz+parser,1996-09-19,text:warszawa,1996-09-19,1996-09-19,DU/1996/532,3,3," POLSKIEJ Warszawa, dnia 19 września 1996"
DU,1996,112,1996-09-23,parser+ocr300,1996-09-23,text:warszawa,1996-09-23,,DU/1996/535,6,6," POLSKIEJ Warszawa, dnia 23 września 1996"
DU,1996,113,1996-09-26,parser+ocr300,1996-09-26,text:warszawa,1996-09-26,,DU/1996/541,1,1," POLSKIEJ Warszawa, dnia 26 września 1996"
DU,1996,114,1996-09-27,parser+ocr300,1996-09-27,text:warszawa,1996-09-27,,DU/1996/542,6,5," Nr 114 Warszawa, dnia 27 września 1996"
DU,1996,115,1996-09-30,parser+ocr300,1996-09-30,text:warszawa,1996-09-30,,DU/1996/548,4,4," POLSKIEJ Warszawa, dnia 30 września 1996"
DU,1996,116,1996-10-03,parser+ocr300,1996-10-03,text:warszawa,1996-10-03,,DU/1996/552,5,5," POLSKIEJ Warszawa, dnia 3 października 1996"
DU,1996,117,1996-10-04,parser+ocr300,1996-10-04,text:warszawa,1996-10-04,,DU/1996/557,4,4," POLSKIEJ Warszawa, dnia 4 października 1996"
DU,1996,119,1996-10-08,parser+ocr300,1996-10-08,text:warszawa,1996-10-08,,DU/1996/562,2,2," POLSKIEJ Warszawa, dnia 8 października 1996"
DU,1996,120,1996-10-09,parser+ocr300,1996-10-09,ocr:warszawa,1996-10-09,,DU/1996/564,5,5,"POLSKIEJ Warszawa, dnia 9 października 1996"
DU,1996,121,1996-10-11,parser+ocr300,1996-10-11,text:warszawa,1996-10-11,,DU/1996/569,4,4," POLSKIEJ Warszawa, dnia 11 października 1996"
DU,1996,122,1996-10-16,parser+ocr300,1996-10-16,text:warszawa,1996-10-16,,DU/1996/573,4,4," POLSKIEJ Warszawa, dnia 16 października 1996"
DU,1996,123,1996-10-22,parser+ocr300,1996-10-22,text:warszawa,1996-10-22,,DU/1996/577,6,6," POLSKIEJ Warszawa, dnia 22 października 1996"
DU,1996,124,1996-10-23,parser+ocr300,1996-10-23,text:warszawa,1996-10-23,,DU/1996/583,6,3," Nr 124 Warszawa, dnia 23 października 1996"
DU,1996,125,1996-10-24,parser+ocr300,1996-10-24,ocr:warszawa,1996-10-24,,DU/1996/589,2,2,"POLSKIEJ Warszawa, dnia 24 października 1996"
DU,1996,126,1996-10-25,parser+ocr300,1996-10-25,text:warszawa,1996-10-25,,DU/1996/591,2,2," POLSKIEJ Warszawa, dnia 25 października 1996"
DU,1996,127,1996-10-29,parser+ocr300,1996-10-29,ocr:warszawa,1996-10-29,,DU/1996/593,9,8,"POLSKIEJ Warszawa, dnia 29 października 1996"
DU,1996,128,1996-10-31,parser+ocr300,1996-10-31,text:warszawa,1996-10-31,,DU/1996/602,5,3," POLSKIEJ Warszawa, dnia 31 października 1996"
DU,1996,129,1996-11-08,parser+ocr300,1996-11-08,text:warszawa,1996-11-08,,DU/1996/607,5,5," POLSKIEJ Warszawa, dnia 8 listopada 1996"
DU,1996,130,1996-11-12,parser+ocr300,1996-11-12,text:warszawa,1996-11-12,,DU/1996/612,3,3," Nr 130 Warszawa, dnia 12 listopada 1996"
DU,1996,131,1996-11-15,parser+ocr300,1996-11-15,text:warszawa,1996-11-15,,DU/1996/615,6,5," POLSKIEJ Warszawa, dnia 15 listopada 1996"
DU,1996,132,1996-11-20,parser+ocr300,1996-11-20,text:warszawa,1996-11-20,,DU/1996/621,3,1," Nr 132 Warszawa, dnia 20 listopada 1996"
DU,1996,133,1996-11-21,parser+ocr300,1996-11-21,ocr:warszawa,1996-11-21,,DU/1996/624,2,2,"POLSKIEJ Warszawa, dnia 21 listopada 1996"
DU,1996,134,1996-11-25,parser+ocr300,1996-11-25,text:warszawa,1996-11-25,,DU/1996/626,1,1," POLSKIEJ Warszawa, dnia 25 listopada 1996"
DU,1996,135,1996-11-26,parser+ocr300,1996-11-26,text:warszawa,1996-11-26,,DU/1996/627,9,9," Nr 135 Warszawa, dnia 26 listopada 1996"
DU,1996,136,1996-11-27,parser+ocr300,1996-11-27,text:warszawa,1996-11-27,,DU/1996/636,2,2," Nr 136 Warszawa, dnia 27 listopada 1996"
DU,1996,138,1996-11-30,parser+ocr300,1996-11-30,text:warszawa,1996-11-30,,DU/1996/641,5,5," POLSKIEJ Warszawa, dnia 30 listopada 1996"
DU,1996,139,1996-12-04,parser+ocr300,1996-12-04,text:warszawa,1996-12-04,,DU/1996/646,9,7," POLSKIEJ Warszawa, dnia 4 grudnia 1996"
DU,1996,140,1996-12-05,parser+ocr300,1996-12-05,text:warszawa,1996-12-05,,DU/1996/655,4,4," POLSKIEJ Warszawa, dnia 5 grudnia 1996"
DU,1996,141,1996-12-06,parser+ocr300,1996-12-06,ocr:warszawa,1996-12-06,,DU/1996/659,1,1," POLSKIEJ Warszawa, dnia 6 grudnia 1996"
DU,1996,142,1996-12-07,parser+ocr300,1996-12-07,text:warszawa,1996-12-07,,DU/1996/660,1,1," POLSKIEJ Warszawa, dnia 7 grudnia 1996"
DU,1996,143,1996-12-09,parser+ocr300,1996-12-09,text:warszawa,1996-12-09,,DU/1996/661,3,3," POLSKIEJ Warszawa, dnia 9 grudnia 1996"
DU,1996,144,1996-12-11,parser+ocr300,1996-12-11,text:warszawa,1996-12-11,,DU/1996/664,5,5," Nr 144 Warszawa, dnia 11 grudnia 1996"
DU,1996,145,1996-12-12,parser+ocr300,1996-12-12,ocr:warszawa,1996-12-12,,DU/1996/669,9,9,"POLSKIEJ Warszawa, dnia 12 grudnia 1996"
DU,1996,146,1996-12-13,parser+ocr300,1996-12-13,ocr:warszawa,1996-12-13,,DU/1996/678,8,5,"POLSKIEJ Warszawa, dnia 13 grudnia 1996"
DU,1996,147,1996-12-17,parser+ocr300,1996-12-17,text:warszawa,1996-12-17,,DU/1996/686,5,3," Nr 147 Warszawa, dnia 17 grudnia 1996"
DU,1996,148,1996-12-18,obraz+parser,1996-12-18,text:warszawa,1996-12-18,1996-12-18,DU/1996/691,12,12," POLSKIEJ Warszawa, dnia 18 grudnia 1996"
DU,1996,149,1996-12-19,parser+ocr300,1996-12-19,text:warszawa,1996-12-19,,DU/1996/703,8,6," POLSKIEJ Warszawa, dnia 19 grudnia 1996"
DU,1996,150,1996-12-20,parser+ocr300,1996-12-20,text:warszawa,1996-12-20,,DU/1996/711,2,2," POLSKIEJ Warszawa, dnia 20 grudnia 1996"
DU,1996,151,1996-12-21,parser+ocr300,1996-12-21,text:warszawa,1996-12-21,,DU/1996/713,6,6," POLSKIEJ Warszawa, dnia 21 grudnia 1996"
DU,1996,152,1996-12-23,parser+ocr300,1996-12-23,text:warszawa,1996-12-23,,DU/1996/719,9,3," Nr 152 Warszawa, dnia 23 grudnia 1996"
DU,1996,153,,bez odczytu (do obrazu),,none,,,DU/1996/728,18,18,
DU,1996,154,1996-12-27,parser+ocr300,1996-12-27,ocr:warszawa,1996-12-27,,DU/1996/746,11,11,"POLSKIEJ Warszawa, dnia 27 grudnia 1996"
DU,1996,155,1996-12-28,parser+ocr300,1996-12-28,text:warszawa,1996-12-28,,DU/1996/757,16,15," Nr 155 Warszawa, dnia 28 grudnia 1996"
DU,1996,156,1996-12-30,parser+ocr300,1996-12-30,text:warszawa,1996-12-30,,DU/1996/773,16,11," POLSKIEJ Warszawa, dnia 30 grudnia 1996"
DU,1996,157,1996-12-31,parser+ocr300,1996-12-31,text:warszawa,1996-12-31,,DU/1996/789,18,18," POLSKIEJ Warszawa, dnia 31 grudnia 1996"
DU,1996,158,,bez odczytu (do obrazu),,none,,,DU/1996/807,15,15,
DU,1997,1,1997-01-07,parser+ocr300,1997-01-07,text:warszawa,1997-01-07,,DU/1997/1,5,5," POLSKIEJ Warszawa, dnia 7 stycznia 1997"
DU,1997,2,1997-01-09,parser+ocr300,1997-01-09,text:warszawa,1997-01-09,,DU/1997/6,11,11,"EJ Nr 2 Warszawa, dnia 9 stycznia 1997"
DU,1997,3,1997-01-10,parser+ocr300,1997-01-10,text:warszawa,1997-01-10,,DU/1997/17,2,2,"EJ Nr 3 Warszawa, dnia 10 stycznia 1997"
DU,1997,4,1997-01-14,parser+ocr300,1997-01-14,text:warszawa,1997-01-14,,DU/1997/19,5,5,"EJ Nr 4 Warszawa, dnia 14 stycznia 1997"
DU,1997,5,1997-01-20,parser+ocr300,1997-01-20,text:warszawa,1997-01-20,,DU/1997/24,6,5,"EJ Nr 5 Warszawa, dnia 20 stycznia 1997"
DU,1997,6,1997-01-24,parser+ocr300,1997-01-24,text:warszawa,1997-01-24,,DU/1997/30,8,5,"IEJ Nr6 Warszawa, dnia 24 stycznia 1997"
DU,1997,7,1997-01-28,parser+ocr300,1997-01-28,text:warszawa,1997-01-28,,DU/1997/38,1,1," POLSKIEJ Warszawa, dnia 28 stycznia 1997"
DU,1997,8,1997-01-29,obraz+parser,1997-01-29,text:warszawa,1997-01-29,1997-01-29,DU/1997/39,4,4,"IEJ Nr8 Warszawa, dnia 29 stycznia 1997"
DU,1997,9,1997-02-05,parser+ocr300,1997-02-05,ocr:warszawa,1997-02-05,,DU/1997/43,8,6,"POLSKIEJ Warszawa, dnia 5 lutego 1997"
DU,1997,10,1997-02-06,parser+ocr300,1997-02-06,text:warszawa,1997-02-06,,DU/1997/51,5,5,"J Nr 10 Warszawa, dnia 6 lutego 1997"
DU,1997,11,1997-02-07,parser+ocr300,1997-02-07,ocr:warszawa,1997-02-07,,DU/1997/56,8,8," POLSKIEJ Warszawa, dnia 7 lutego 1997"
DU,1997,12,1997-02-10,parser+ocr300,1997-02-10,text:warszawa,1997-02-10,,DU/1997/64,6,6,"EJ Nr12 Warszawa, dnia 10 lutego 1997"
DU,1997,13,1997-02-13,parser+ocr300,1997-02-13,text:warszawa,1997-02-13,,DU/1997/70,2,2,"J Nr 13 Warszawa, dnia 13 lutego 1997"
DU,1997,14,1997-02-18,parser+ocr300,1997-02-18,text:warszawa,1997-02-18,,DU/1997/72,11,10,"EJ Nr14 Warszawa, dnia 18 lutego 1997"
DU,1997,15,1997-02-18,parser+ocr300,1997-02-18,text:warszawa,1997-02-18,,DU/1997/83,5,3,"J Nr 15 Warszawa, dnia 18 lutego 1997"
DU,1997,16,1997-02-21,parser+ocr300,1997-02-21,text:warszawa,1997-02-21,,DU/1997/88,2,2,"J Nr 16 Warszawa, dnia 21 lutego 1997"
DU,1997,17,1997-02-24,parser+ocr300,1997-02-24,text:warszawa,1997-02-24,,DU/1997/90,6,6,"J Nr 17 Warszawa, dnia 24 lutego 1997"
DU,1997,18,1997-02-28,parser+ocr300,1997-02-28,text:warszawa,1997-02-28,,DU/1997/96,10,8,"EJ Nr18 Warszawa, dnia 28 lutego 1997"
DU,1997,20,1997-03-04,parser+ocr300,1997-03-04,ocr:warszawa,1997-03-04,,DU/1997/107,2,2,"POLSKIEJ Warszawa, dnia 4 marca 1997"
DU,1997,21,1997-03-05,parser+ocr300,1997-03-05,ocr:warszawa,1997-03-05,,DU/1997/109,5,5,"POLSKIEJ Warszawa, dnia 5 marca 1997"
DU,1997,22,1997-03-07,parser+ocr300,1997-03-07,text:warszawa,1997-03-07,,DU/1997/114,3,3,"J Nr 22 Warszawa, dnia 7 marca 1997"
DU,1997,24,1997-03-14,parser+ocr300,1997-03-14,ocr:warszawa,1997-03-14,,DU/1997/118,10,8,"POLSKIEJ Warszawa, dnia 14 marca 1997"
DU,1997,25,1997-03-18,parser+ocr300,1997-03-18,text:warszawa,1997-03-18,,DU/1997/128,9,9," POLSKIEJ Warszawa, dnia 18 marca 1997"
DU,1997,26,1997-03-19,parser+ocr300,1997-03-19,text:warszawa,1997-03-19,,DU/1997/137,7,7," POLSKIEJ Warszawa, dnia 19 marca 1997"
DU,1997,27,1997-03-21,parser+ocr300,1997-03-21,text:warszawa,1997-03-21,,DU/1997/144,8,8,"J Nr 27 Warszawa, dnia 21 marca 1997"
DU,1997,28,1997-03-26,parser+ocr300,1997-03-26,text:warszawa,1997-03-26,,DU/1997/152,6,3,"J Nr 28 Warszawa, dnia 26 marca 1997"
DU,1997,29,1997-03-27,parser+ocr300,1997-03-27,text:warszawa,1997-03-27,,DU/1997/158,5,5,"J Nr 29 Warszawa, dnia 27 marca 1997"
DU,1997,30,1997-03-28,parser+ocr300,1997-03-28,text:warszawa,1997-03-28,,DU/1997/163,11,8,"J Nr 30 Warszawa, dnia 28 marca 1997"
DU,1997,31,1997-04-02,parser+ocr300,1997-04-02,text:warszawa,1997-04-02,,DU/1997/174,9,9,"J Nr 31 Warszawa, dnia 2 kwietnia 1997"
DU,1997,32,1997-04-05,parser+ocr300,1997-04-05,text:warszawa,1997-04-05,,DU/1997/183,14,12," POLSKIEJ Warszawa, dnia 5 kwietnia 1997"
DU,1997,33,1997-04-09,parser+ocr300,1997-04-09,text:warszawa,1997-04-09,,DU/1997/197,4,4,"J Nr 33 Warszawa, dnia 9 kwietnia 1997"
DU,1997,34,1997-04-11,parser+ocr300,1997-04-11,text:warszawa,1997-04-11,,DU/1997/201,14,14," POLSKIEJ Warszawa, dnia 11 kwietnia 1997"
DU,1997,35,1997-04-12,parser+ocr300,1997-04-12,text:warszawa,1997-04-12,,DU/1997/215,1,1,"J Nr 35 Warszawa, dnia 12 kwietnia 1997"
DU,1997,36,1997-04-17,parser+ocr300,1997-04-17,text:warszawa,1997-04-17,,DU/1997/216,9,9," POLSKIEJ Warszawa, dnia 17 kwietnia 1997"
DU,1997,37,1997-04-18,obraz+parser,1997-04-18,text:warszawa,1997-04-18,1997-04-18,DU/1997/225,8,8," POLSKIEJ Warszawa, dnia 18 kwietnia 1997"
DU,1997,38,1997-04-19,parser+ocr300,1997-04-19,text:warszawa,1997-04-19,,DU/1997/233,1,1," POLSKIEJ Warszawa, dnia 19 kwietnia 1997"
DU,1997,39,1997-04-22,parser+ocr300,1997-04-22,text:warszawa,1997-04-22,,DU/1997/234,14,14,"J Nr 39 Warszawa, dnia 22 kwietnia 1997"
DU,1997,40,1997-04-25,parser+ocr300,1997-04-25,text:warszawa,1997-04-25,,DU/1997/248,3,3," POLSKIEJ Warszawa, dnia 25 kwietnia 1997"
DU,1997,41,1997-04-26,parser+ocr300,1997-04-26,text:warszawa,1997-04-26,,DU/1997/251,11,6," POLSKIEJ Warszawa, dnia 26 kwietnia 1997"
DU,1997,42,1997-04-29,parser+ocr300,1997-04-29,text:warszawa,1997-04-29,,DU/1997/262,8,8,"J Nr 42 Warszawa, dnia 29 kwietnia 1997"
DU,1997,43,1997-04-30,parser+ocr300,1997-04-30,text:warszawa,1997-04-30,,DU/1997/270,4,1,"J Nr 43 Warszawa, dnia 30 kwietnia 1997"
DU,1997,44,1997-05-12,parser+ocr300,1997-05-12,text:warszawa,1997-05-12,,DU/1997/274,8,8," POLSKIEJ Warszawa, dnia 12 maja 1997"
DU,1997,45,1997-05-13,parser+ocr300,1997-05-13,ocr:warszawa,1997-05-13,,DU/1997/282,6,6,"POLSKIEJ Warszawa, dnia 13 maja 1997"
DU,1997,46,1997-05-14,parser+ocr300,1997-05-14,text:warszawa,1997-05-14,,DU/1997/288,9,9," POLSKIEJ Warszawa, dnia 14 maja 1997"
DU,1997,47,1997-05-16,parser+ocr300,1997-05-16,text:warszawa,1997-05-16,,DU/1997/297,18,18," POLSKIEJ Warszawa, dnia 16 maja 1997"
DU,1997,48,1997-05-17,parser+ocr300,1997-05-17,text:warszawa,1997-05-17,,DU/1997/315,3,3," POLSKIEJ Warszawa, dnia 17 maja 1997"
DU,1997,49,1997-05-21,parser+ocr300,1997-05-21,text:warszawa,1997-05-21,,DU/1997/318,1,1," POLSKIEJ Warszawa, dnia 21 maja 1997"
DU,1997,50,1997-05-26,parser+ocr300,1997-05-26,text:warszawa,1997-05-26,,DU/1997/319,7,7," POLSKIEJ Warszawa, dnia 26 maja 1997"
DU,1997,51,1997-05-27,parser+ocr300,1997-05-27,text:warszawa,1997-05-27,,DU/1997/326,4,4," POLSKIEJ Warszawa, dnia 27 maja 1997"
DU,1997,52,1997-05-28,parser+ocr300,1997-05-28,text:warszawa,1997-05-28,,DU/1997/330,7,7," POLSKIEJ Warszawa, dnia 28 maja 1997"
DU,1997,53,1997-05-30,parser+ocr300,1997-05-30,text:warszawa,1997-05-30,,DU/1997/337,11,11," POLSKIEJ Warszawa, dnia 30 maja 1997"
DU,1997,54,1997-06-04,parser+ocr300,1997-06-04,text:warszawa,1997-06-04,,DU/1997/348,6,4,"J Nr 54 Warszawa, dnia 4 czerwca 1997"
DU,1997,55,1997-06-05,parser+ocr300,1997-06-05,text:warszawa,1997-06-05,,DU/1997/354,3,3," POLSKIEJ Warszawa, dnia 5 czerwca 1997"
DU,1997,56,1997-06-06,parser+ocr300,1997-06-06,text:warszawa,1997-06-06,,DU/1997/357,1,1," POLSKIEJ Warszawa, dnia 6 czerwca 1997"
DU,1997,57,1997-06-07,parser+ocr300,1997-06-07,text:warszawa,1997-06-07,,DU/1997/358,3,3," POLSKIEJ Warszawa, dnia 7 czerwca 1997"
DU,1997,58,1997-06-11,parser+ocr300,1997-06-11,text:warszawa,1997-06-11,,DU/1997/361,2,2,"J Nr 58 Warszawa, dnia 11 czerwca 1997"
DU,1997,59,1997-06-13,parser+ocr300,1997-06-13,text:warszawa,1997-06-13,,DU/1997/363,6,5," POLSKIEJ Warszawa, dnia 13 czerwca 1997"
DU,1997,60,1997-06-14,parser+ocr300,1997-06-14,text:warszawa,1997-06-14,,DU/1997/369,7,5,"J Nr 60 Warszawa, dnia 14 czerwca 1997"
DU,1997,61,1997-06-18,parser+ocr300,1997-06-18,text:warszawa,1997-06-18,,DU/1997/376,15,15," POLSKIEJ Warszawa, dnia 18 czerwca 1997"
DU,1997,62,1997-06-19,parser+ocr300,1997-06-19,text:warszawa,1997-06-19,,DU/1997/391,2,2," POLSKIEJ Warszawa, dnia 19 czerwca 1997"
DU,1997,63,1997-06-20,parser+ocr300,1997-06-20,text:warszawa,1997-06-20,,DU/1997/393,12,12," POLSKIEJ Warszawa, dnia 20 czerwca 1997"
DU,1997,64,1997-06-24,parser+ocr300,1997-06-24,text:warszawa,1997-06-24,,DU/1997/405,10,8," POLSKIEJ Warszawa, dnia 24 czerwca 1997"
DU,1997,65,1997-06-26,parser+ocr300,1997-06-26,text:warszawa,1997-06-26,,DU/1997/415,4,4," POLSKIEJ Warszawa, dnia 26 czerwca 1997"
DU,1997,66,1997-06-27,parser+ocr300,1997-06-27,text:warszawa,1997-06-27,,DU/1997/419,3,3," POLSKIEJ Warszawa, dnia 27 czerwca 1997"
DU,1997,67,1997-06-28,parser+ocr300,1997-06-28,text:warszawa,1997-06-28,,DU/1997/422,13,13," POLSKIEJ Warszawa, dnia 28 czerwca 1997"
DU,1997,68,1997-06-30,parser+ocr300,1997-06-30,text:warszawa,1997-06-30,,DU/1997/435,5,3,"J N r68 Warszawa, dnia 30 czerwca 1997"
DU,1997,69,1997-07-01,parser+ocr300,1997-07-01,text:warszawa,1997-07-01,,DU/1997/440,3,3," POLSKIEJ Warszawa, dnia 1 lipca 1997"
DU,1997,70,1997-07-03,parser+ocr300,1997-07-03,text:warszawa,1997-07-03,,DU/1997/443,6,6," POLSKIEJ Warszawa, dnia 3 lipca 1997"
DU,1997,71,1997-07-07,parser+ocr300,1997-07-07,text:warszawa,1997-07-07,,DU/1997/449,1,1,"J Nr 71 Warszawa, dnia 7 lipca 1997"
DU,1997,72,1997-07-08,parser+ocr300,1997-07-08,text:warszawa,1997-07-08,,DU/1997/450,6,6," POLSKIEJ Warszawa, dnia 8 lipca 1997"
DU,1997,73,1997-07-10,parser+ocr300,1997-07-10,text:warszawa,1997-07-10,,DU/1997/456,10,10," POLSKIEJ Warszawa, dnia 10 lipca 1997"
DU,1997,74,1997-07-12,parser+ocr300,1997-07-12,text:warszawa,1997-07-12,,DU/1997/466,1,1," POLSKIEJ Warszawa, dnia 12 lipca 1997"
DU,1997,75,1997-07-14,parser+ocr300,1997-07-14,text:warszawa,1997-07-14,,DU/1997/467,10,4,"J Nr 75 Warszawa, dnia 14 lipca 1997"
DU,1997,76,1997-07-14,parser+ocr300,1997-07-14,text:warszawa,1997-07-14,,DU/1997/477,5,5," POLSKIEJ Warszawa, dnia 14 lipca 1997"
DU,1997,77,1997-07-15,parser+ocr300,1997-07-15,text:warszawa,1997-07-15,,DU/1997/482,1,1," POLSKIEJ Warszawa, dnia 15 lipca 1997"
DU,1997,78,1997-07-16,parser+ocr300,1997-07-16,text:warszawa,1997-07-16,,DU/1997/483,1,1,"J Nr 78 Warszawa, dnia 16 lipca 1997"
DU,1997,79,1997-07-17,parser+ocr300,1997-07-17,text:warszawa,1997-07-17,,DU/1997/484,7,5," POLSKIEJ Warszawa, dnia 17 lipca 1997"
DU,1997,81,1997-07-19,parser+ocr300,1997-07-19,text:warszawa,1997-07-19,,DU/1997/512,6,5,"J Nr 81 Warszawa, dnia 19 lipca 1997"
DU,1997,82,1997-07-24,parser+ocr300,1997-07-24,text:warszawa,1997-07-24,,DU/1997/518,13,12," POLSKIEJ Warszawa, dnia 24 lipca 1997"
DU,1997,83,1997-07-25,parser+ocr300,1997-07-25,ocr:warszawa,1997-07-25,,DU/1997/531,6,6,"POLSKIEJ Warszawa, dnia 25 lipca 1997"
DU,1997,84,1997-07-26,parser+ocr300,1997-07-26,text:warszawa,1997-07-26,,DU/1997/537,1,1," POLSKIEJ Warszawa, dnia 26 lipca 1997"
DU,1997,85,1997-07-28,parser+ocr300,1997-07-28,ocr:warszawa,1997-07-28,,DU/1997/538,7,5,"POLSKIEJ Warszawa, dnia 28 lipca 1997"
DU,1997,86,1997-07-31,parser+ocr300,1997-07-31,text:warszawa,1997-07-31,,DU/1997/545,1,1," POLSKIEJ Warszawa, dnia 31 lipca 1997"
DU,1997,87,1997-08-01,parser+ocr300,1997-08-01,text:warszawa,1997-08-01,,DU/1997/546,7,7," POLSKIEJ Warszawa, dnia 1 sierpnia 1997"
DU,1997,91,1997-08-06,parser+ocr300,1997-08-06,text:warszawa,1997-08-06,,DU/1997/558,10,10,"J Nr 91 Warszawa, dnia 6 sierpnia 1997"
DU,1997,92,1997-08-07,parser+ocr300,1997-08-07,text:warszawa,1997-08-07,,DU/1997/568,1,1," POLSKIEJ Warszawa, dnia 7 sierpnia 1997"
DU,1997,93,1997-08-08,parser+ocr300,1997-08-08,text:warszawa,1997-08-08,,DU/1997/569,4,3," POLSKIEJ Warszawa, dnia 8 sierpnia 1997"
DU,1997,94,1997-08-11,parser+ocr300,1997-08-11,text:warszawa,1997-08-11,,DU/1997/573,4,4,"J Nr 94 Warszawa, dnia 11 sierpnia 1997"
DU,1997,95,1997-08-12,parser+ocr300,1997-08-12,text:warszawa,1997-08-12,,DU/1997/577,12,12," POLSKIEJ Warszawa, dnia 12 sierpnia 1997"
DU,1997,97,1997-08-14,parser+ocr300,1997-08-14,text:warszawa,1997-08-14,,DU/1997/594,8,8," POLSKIEJ Warszawa, dnia 14 sierpnia 1997"
DU,1997,99,1997-08-21,parser+ocr300,1997-08-21,text:warszawa,1997-08-21,,DU/1997/605,14,14," POLSKIEJ Warszawa , dnia 21 sierpnia 1997"
DU,1997,100,1997-08-26,parser+ocr300,1997-08-26,text:warszawa,1997-08-26,,DU/1997/619,9,9," POLSKIEJ Warszawa, dnia 26 sierpnia 1997"
DU,1997,101,1997-08-28,parser+ocr300,1997-08-28,text:warszawa,1997-08-28,,DU/1997/628,14,11," POLSKIEJ Warszawa, dnia 28 sierpnia 1997"
DU,1997,102,1997-09-01,parser+ocr300,1997-09-01,text:warszawa,1997-09-01,,DU/1997/642,8,6," POLSKIEJ Warszawa, dnia 1 września 1997"
DU,1997,103,1997-09-03,parser+ocr300,1997-09-03,ocr:warszawa,1997-09-03,,DU/1997/650,11,8,"POLSKIEJ Warszawa, dnia 3 września 1997"
DU,1997,104,1997-09-04,parser+ocr300,1997-09-04,ocr:warszawa,1997-09-04,,DU/1997/661,4,3,"POLSKIEJ Warszawa, dnia 4 września 1997"
DU,1997,105,1997-09-10,parser+ocr300,1997-09-10,text:warszawa,1997-09-10,,DU/1997/665,8,8," POLSKIEJ Warszawa, dnia 10 września 1997"
DU,1997,106,1997-09-11,parser+ocr300,1997-09-11,ocr:warszawa,1997-09-11,,DU/1997/673,11,1,"POLSKIEJ Warszawa, dnia 11 września 1997"
DU,1997,107,1997-09-15,parser+ocr300,1997-09-15,text:warszawa,1997-09-15,,DU/1997/684,12,3," Nr 107 Warszawa, dnia 15 września 1997"
DU,1997,108,1997-09-16,parser+ocr300,1997-09-16,text:warszawa,1997-09-16,,DU/1997/696,6,6," POLSKIEJ Warszawa, dnia 16 września 1997"
DU,1997,109,1997-09-18,parser+ocr300,1997-09-18,text:warszawa,1997-09-18,,DU/1997/702,12,12," POLSKIEJ Warszawa, dnia 18 września 1997"
DU,1997,110,1997-09-22,parser+ocr300,1997-09-22,text:warszawa,1997-09-22,,DU/1997/714,8,6," POLSKIEJ Warszawa, dnia 22 września 1997"
DU,1997,111,1997-09-23,parser+ocr300,1997-09-23,text:warszawa,1997-09-23,,DU/1997/722,7,2," Nr 111 Warszawa, dnia 23 września 1997"
DU,1997,112,1997-09-24,parser+ocr300,1997-09-24,text:warszawa,1997-09-24,,DU/1997/729,2,2," Nr 112 Warszawa, dnia 24 września 1997"
DU,1997,116,1997-10-01,parser+ocr300,1997-10-01,text:warszawa,1997-10-01,,DU/1997/742,9,9," POLSKIEJ Warszawa, dnia 1 października 1997"
DU,1997,119,1997-10-04,parser+ocr300,1997-10-04,text:warszawa,1997-10-04,,DU/1997/755,1,1," POLSKIEJ Warszawa, dnia 4 października 1997"
DU,1997,120,1997-10-06,parser+ocr300,1997-10-06,text:warszawa,1997-10-06,,DU/1997/756,13,13," POLSKIEJ Warszawa, dnia 6 października 1997"
DU,1997,122,1997-10-08,parser+ocr300,1997-10-08,text:warszawa,1997-10-08,,DU/1997/771,3,3," POLSKIEJ Warszawa, dnia 8 października 1997"
DU,1997,124,1997-10-13,parser+ocr300,1997-10-13,text:warszawa,1997-10-13,,DU/1997/782,16,14," POLSKIEJ Warszawa, dnia 13 października 1997"
DU,1997,125,1997-10-14,parser+ocr300,1997-10-14,text:warszawa,1997-10-14,,DU/1997/798,7,7," POLSKIEJ Warszawa, dnia 14 października 1997"
DU,1997,126,1997-10-15,parser+ocr300,1997-10-15,text:warszawa,1997-10-15,,DU/1997/805,10,9," Nr 126 Warszawa, dnia 15 października 1997"
DU,1997,127,1997-10-16,parser+ocr300,1997-10-16,text:warszawa,1997-10-16,,DU/1997/815,14,14," POLSKIEJ Warszawa, dnia 16 października 1997"
DU,1997,128,1997-10-22,parser+ocr300,1997-10-22,text:warszawa,1997-10-22,,DU/1997/829,12,12," POLSKIEJ Warszawa, dnia 22 października 1997"
DU,1997,129,1997-10-23,parser+ocr300,1997-10-23,text:warszawa,1997-10-23,,DU/1997/841,5,5," POLSKIEJ Warszawa, dnia 23 października 1997"
DU,1997,130,1997-10-24,obraz+parser,1997-10-24,text:warszawa,1997-10-24,1997-10-24,DU/1997/846,28,27," POLSKIEJ Warszawa, dnia 24 października 1997"
DU,1997,131,1997-10-25,obraz+parser,1997-10-25,text:warszawa,1997-10-25,1997-10-25,DU/1997/874,2,2," Nr 131 Warszawa, dnia 25 października 1997"
DU,1997,132,1997-10-28,parser+ocr300,1997-10-28,text:warszawa,1997-10-28,,DU/1997/876,6,6," POLSKIEJ Warszawa, dnia 28 października 1997"
DU,1997,134,1997-10-30,parser+ocr300,1997-10-30,text:warszawa,1997-10-30,,DU/1997/886,16,16," POLSKIEJ Warszawa, dnia 30 października 1997"
DU,1997,135,1997-10-31,parser+ocr300,1997-10-31,text:warszawa,1997-10-31,,DU/1997/902,19,19," POLSKIEJ Warszawa, dnia 31 października 1997"
DU,1997,136,1997-11-08,parser+ocr300,1997-11-08,text:warszawa,1997-11-08,,DU/1997/921,5,5," POLSKIEJ Warszawa, dnia 8 listopada 1997"
DU,1997,138,1997-11-15,parser+ocr300,1997-11-15,text:warszawa,1997-11-15,,DU/1997/927,5,5," POLSKIEJ Warszawa, dnia 15 listopada 1997"
DU,1997,139,1997-11-20,parser+ocr300,1997-11-20,text:warszawa,1997-11-20,,DU/1997/932,6,3," Nr 139 Warszawa, dnia 20 listopada 1997"
DU,1997,141,1997-11-24,parser+ocr300,1997-11-24,text:warszawa,1997-11-24,,DU/1997/942,7,3," POLSKIEJ Warszawa, dnia 24 listopada 1997"
DU,1997,142,1997-11-27,parser+ocr300,1997-11-27,text:warszawa,1997-11-27,,DU/1997/949,3,3," POLSKIEJ Warszawa, dnia 27 listopada 1997"
DU,1997,143,1997-11-28,parser+ocr300,1997-11-28,text:warszawa,1997-11-28,,DU/1997/952,11,11," POLSKIEJ Warszawa, dnia 28 listopada 1997"
DU,1997,144,1997-12-02,parser+ocr300,1997-12-02,text:warszawa,1997-12-02,,DU/1997/963,9,9," POLSKIEJ Warszawa, dnia 2 grudnia 1997"
DU,1997,145,1997-12-08,parser+ocr300,1997-12-08,text:warszawa,1997-12-08,,DU/1997/972,12,12," Nr 145 Warszawa, dnia 8 grudnia 1997"
DU,1997,146,1997-12-10,parser+ocr300,1997-12-10,text:warszawa,1997-12-10,,DU/1997/984,5,5," Nr 146 Warszawa, dnia 10 grudnia 1997"
DU,1997,147,1997-12-11,parser+ocr300,1997-12-11,text:warszawa,1997-12-11,,DU/1997/989,1,1," Nr 147 Warszawa, dnia 11 grudnia 1997"
DU,1997,148,1997-12-12,parser+ocr300,1997-12-12,text:warszawa,1997-12-12,,DU/1997/990,5,5," POLSKIEJ Warszawa, dnia 12 grudnia 1997"
DU,1997,149,1997-12-13,parser+ocr300,1997-12-13,text:warszawa,1997-12-13,,DU/1997/995,1,1," POLSKIEJ Warszawa, dnia 13 grudnia 1997"
DU,1997,150,1997-12-15,parser+ocr300,1997-12-15,text:warszawa,1997-12-15,,DU/1997/996,2,2," POLSKIEJ Warszawa, dnia 15 grudnia 1997"
DU,1997,151,1997-12-16,parser+ocr300,1997-12-16,text:warszawa,1997-12-16,,DU/1997/998,3,3," POLSKIEJ Warszawa, dnia 16 grudnia 1997"
DU,1997,152,1997-12-17,parser+ocr300,1997-12-17,text:warszawa,1997-12-17,,DU/1997/1001,2,2," POLSKIEJ Warszawa, dnia 17 grudnia 1997"
DU,1997,153,1997-12-18,parser+ocr300,1997-12-18,text:warszawa,1997-12-18,,DU/1997/1003,4,4," POLSKIEJ Warszawa, dnia 18 grudnia 1997"
DU,1997,154,1997-12-19,parser+ocr300,1997-12-19,text:warszawa,1997-12-19,,DU/1997/1007,10,10," POLSKIEJ Warszawa, dnia 19 grudnia 1997"
DU,1997,155,1997-12-20,parser+ocr300,1997-12-20,text:warszawa,1997-12-20,,DU/1997/1017,2,2," Nr 155 Warszawa, dnia 20 grudnia 1997"
DU,1997,156,1997-12-22,parser+ocr300,1997-12-22,text:warszawa,1997-12-22,,DU/1997/1019,7,7," POLSKIEJ Warszawa, dnia 22 grudnia 1997"
DU,1997,157,1997-12-23,parser+ocr300,1997-12-23,text:warszawa,1997-12-23,,DU/1997/1026,15,11," Nr 157 Warszawa, dnia 23 grudnia 1997"
DU,1997,158,1997-12-24,parser+ocr300,1997-12-24,text:warszawa,1997-12-24,,DU/1997/1041,15,10," POLSKIEJ Warszawa, dnia 24 grudnia 1997"
DU,1997,159,1997-12-27,parser+ocr300,1997-12-27,text:warszawa,1997-12-27,,DU/1997/1056,22,22," POLSKIEJ Warszawa, dnia 27 grudnia 1997"
DU,1997,160,1997-12-29,parser+ocr300,1997-12-29,text:warszawa,1997-12-29,,DU/1997/1078,24,14," Nr 160 Warszawa, dnia 29 grudnia 1997"
DU,1997,161,1997-12-30,parser+ocr300,1997-12-30,text:warszawa,1997-12-30,,DU/1997/1102,2,2," POLSKIEJ Warszawa, dnia 30 grudnia 1997"
DU,1997,162,1997-12-31,parser+ocr300,1997-12-31,text:warszawa,1997-12-31,,DU/1997/1104,33,33," POLSKIEJ Warszawa, dnia 31 grudnia 1997"
DU,1998,1,1998-01-05,parser+ocr300,1998-01-05,text:warszawa,1998-01-05,,DU/1998/1,2,2,"EJ Nr 1 Warszawa, dnia 5 stycznia 1998"
DU,1998,2,1998-01-08,parser+ocr300,1998-01-08,text:warszawa,1998-01-08,,DU/1998/3,3,3,"EJ Nr 2 Warszawa, dnia 8 stycznia 1998"
DU,1998,3,1998-01-10,parser+ocr300,1998-01-10,text:warszawa,1998-01-10,,DU/1998/6,3,3," POLSKIEJ Warszawa, dnia 10 stycznia 1998"
DU,1998,4,1998-01-12,parser+ocr300,1998-01-12,text:warszawa,1998-01-12,,DU/1998/9,6,6,"EJ Nr 4 Warszawa, dnia 12 stycznia 1998"
DU,1998,5,1998-01-14,parser+ocr300,1998-01-14,text:warszawa,1998-01-14,,DU/1998/15,3,3," POLSKIEJ Warszawa, dnia 14 stycznia 1998"
DU,1998,6,1998-01-15,parser+ocr300,1998-01-15,text:warszawa,1998-01-15,,DU/1998/18,7,7,"EJ Nr 6 Warszawa, dnia 15 stycznia 1998"
DU,1998,8,1998-01-20,parser+ocr300,1998-01-20,text:warszawa,1998-01-20,,DU/1998/26,4,4,"EJ Nr 8 Warszawa, dnia 20 stycznia 1998"
DU,1998,9,1998-01-21,parser+ocr300,1998-01-21,text:warszawa,1998-01-21,,DU/1998/30,6,6,"EJ Nr 9 Warszawa, dnia 21 stycznia 1998"
DU,1998,10,1998-01-22,parser+ocr300,1998-01-22,text:warszawa,1998-01-22,,DU/1998/36,1,1,"J Nr 10 Warszawa, dnia 22 stycznia 1998"
DU,1998,11,1998-01-23,parser+ocr300,1998-01-23,text:warszawa,1998-01-23,,DU/1998/37,5,5,"J Nr 11 Warszawa, dnia 23 stycznia 1998"
DU,1998,12,1998-01-26,parser+ocr300,1998-01-26,text:warszawa,1998-01-26,,DU/1998/42,13,12,"EJ Nr12 Warszawa, dnia 26 stycznia 1998"
DU,1998,13,1998-01-28,parser+ocr300,1998-01-28,text:warszawa,1998-01-28,,DU/1998/55,6,6,"J Nr 13 Warszawa, dnia 28 stycznia 1998"
DU,1998,14,1998-02-02,parser+ocr300,1998-02-02,text:warszawa,1998-02-02,,DU/1998/61,2,2,"J Nr 14 Warszawa, dnia 2 lutego 1998"
DU,1998,15,1998-02-03,parser+ocr300,1998-02-03,text:warszawa,1998-02-03,,DU/1998/63,8,8,"EJ Nr15 Warszawa, dnia 3 lutego 1998"
DU,1998,16,1998-02-04,parser+ocr300,1998-02-04,text:warszawa,1998-02-04,,DU/1998/71,6,6,"J Nr 16 Warszawa, dnia 4 lutego 1998"
DU,1998,17,1998-02-06,parser+ocr300,1998-02-06,text:warszawa,1998-02-06,,DU/1998/77,9,9,"EJ Nr17 Warszawa, dnia 6 lutego 1998"
DU,1998,18,1998-02-07,parser+ocr300,1998-02-07,text:warszawa,1998-02-07,,DU/1998/86,1,1,"J Nr 18 Warszawa, dnia 7 lutego 1998"
DU,1998,19,1998-02-12,parser+ocr300,1998-02-12,text:warszawa,1998-02-12,,DU/1998/87,3,3,"J Nr 19 Warszawa, dnia 12 lutego 1998"
DU,1998,20,1998-02-13,parser+ocr300,1998-02-13,text:warszawa,1998-02-13,,DU/1998/90,3,3,"J Nr 20 Warszawa, dnia 13 lutego 1998"
DU,1998,21,1998-02-16,parser+ocr300,1998-02-16,text:warszawa,1998-02-16,,DU/1998/93,2,2,"J Nr 21 Warszawa, dnia 16 lutego 1998"
DU,1998,22,1998-02-19,parser+ocr300,1998-02-19,text:warszawa,1998-02-19,,DU/1998/95,24,24,"J Nr 22 Warszawa, dnia 19 lutego 1998"
DU,1998,23,1998-02-23,parser+ocr300,1998-02-23,text:warszawa,1998-02-23,,DU/1998/119,9,9,"J Nr 23 Warszawa, dnia 23 lutego 1998"
DU,1998,24,,bez odczytu (do obrazu),,none,,,DU/1998/128,2,2,
DU,1998,25,1998-02-27,parser+ocr300,1998-02-27,text:warszawa,1998-02-27,,DU/1998/130,17,17,"J Nr 25 Warszawa, dnia 27 lutego 1998"
DU,1998,26,1998-02-28,parser+ocr300,1998-02-28,text:warszawa,1998-02-28,,DU/1998/147,6,6,"J Nr 26 Warszawa, dnia 28 lutego 1998"
DU,1998,27,1998-03-05,parser+ocr300,1998-03-05,text:warszawa,1998-03-05,,DU/1998/153,3,3,"J Nr 27 Warszawa, dnia 5 marca 1998"
DU,1998,29,1998-03-07,parser+ocr300,1998-03-07,text:warszawa,1998-03-07,,DU/1998/157,5,5,"J Nr 29 Warszawa, dnia 7 marca 1998"
DU,1998,30,1998-03-09,parser+ocr300,1998-03-09,text:warszawa,1998-03-09,,DU/1998/162,3,3,"J Nr 30 Warszawa, dnia 9 marca 1998"
DU,1998,31,1998-03-10,parser+ocr300,1998-03-10,text:warszawa,1998-03-10,,DU/1998/165,4,4," POLSKIEJ Warszawa, dnia 10 marca 1998"
DU,1998,32,1998-03-13,parser+ocr300,1998-03-13,text:warszawa,1998-03-13,,DU/1998/169,8,8,"J Nr 32 Warszawa, dnia 13 marca 1998"
DU,1998,33,1998-03-16,parser+ocr300,1998-03-16,text:warszawa,1998-03-16,,DU/1998/177,9,9," POLSKIEJ Warszawa, dnia 16 marca 1998"
DU,1998,34,1998-03-19,parser+ocr300,1998-03-19,text:warszawa,1998-03-19,,DU/1998/186,10,10," POLSKIEJ Warszawa, dnia 19 marca 1998"
DU,1998,35,1998-03-20,parser+ocr300,1998-03-20,text:warszawa,1998-03-20,,DU/1998/196,5,5,"J Nr 35 Warszawa, dnia 20 marca 1998"
DU,1998,36,1998-03-21,parser+ocr300,1998-03-21,text:warszawa,1998-03-21,,DU/1998/201,1,1,"J Nr 36 Warszawa, dnia 21 marca 1998"
DU,1998,37,1998-03-24,parser+ocr300,1998-03-24,text:warszawa,1998-03-24,,DU/1998/202,15,12,"J Nr 37 Warszawa, dnia 24 marca 1998"
DU,1998,38,1998-03-25,parser+ocr300,1998-03-25,text:warszawa,1998-03-25,,DU/1998/217,8,8," POLSKIEJ Warszawa, dnia 25 marca 1998"
DU,1998,39,1998-03-26,parser+ocr300,1998-03-26,text:warszawa,1998-03-26,,DU/1998/225,5,5," POLSKIEJ Warszawa, dnia 26 marca 1998"
DU,1998,40,1998-03-28,parser+ocr300,1998-03-28,text:warszawa,1998-03-28,,DU/1998/230,4,4,"J Nr 40 Warszawa, dnia 28 marca 1998"
DU,1998,41,1998-03-30,parser+ocr300,1998-03-30,text:warszawa,1998-03-30,,DU/1998/234,7,7," POLSKIEJ Warszawa, dnia 30 marca 1998"
DU,1998,42,1998-04-01,parser+ocr300,1998-04-01,text:warszawa,1998-04-01,,DU/1998/241,14,14,"J Nr 42 Warszawa, dnia 1 kwietnia 1998"
DU,1998,43,1998-04-03,parser+ocr300,1998-04-03,text:warszawa,1998-04-03,,DU/1998/255,6,6," POLSKIEJ Warszawa, dnia 3 kwietnia 1998"
DU,1998,44,1998-04-09,parser+ocr300,1998-04-09,text:warszawa,1998-04-09,,DU/1998/261,9,9," POLSKIEJ Warszawa, dnia 9 kwietnia 1998"
DU,1998,45,1998-04-10,parser+ocr300,1998-04-10,text:warszawa,1998-04-10,,DU/1998/270,18,18,"J Nr 45 Warszawa, dnia 10 kwietnia 1998"
DU,1998,46,1998-04-11,parser+ocr300,1998-04-11,text:warszawa,1998-04-11,,DU/1998/288,6,6," POLSKIEJ Warszawa, dnia 11 kwietnia 1998"
DU,1998,47,1998-04-14,parser+ocr300,1998-04-14,text:warszawa,1998-04-14,,DU/1998/294,6,6,"J Nr 47 Warszawa, dnia 14 kwietnia 1998"
DU,1998,48,1998-04-16,parser+ocr300,1998-04-16,text:warszawa,1998-04-16,,DU/1998/300,6,6," POLSKIEJ Warszawa, dnia 16 kwietnia 1998"
DU,1998,49,1998-04-18,parser+ocr300,1998-04-18,text:warszawa,1998-04-18,,DU/1998/306,4,4,"J Nr 49 Warszawa, dnia 18 kwietnia 1998"
DU,1998,50,1998-04-22,parser+ocr300,1998-04-22,text:warszawa,1998-04-22,,DU/1998/310,8,8,"J Nr 50 Warszawa, dnia 22 kwietnia 1998"
DU,1998,51,1998-04-23,parser+ocr300,1998-04-23,text:warszawa,1998-04-23,,DU/1998/318,3,3," POLSKIEJ Warszawa, dnia 23 kwietnia 1998"
DU,1998,52,1998-04-27,parser+ocr300,1998-04-27,text:warszawa,1998-04-27,,DU/1998/321,9,9," POLSKIEJ Warszawa, dnia 27 kwietnia 1998"
DU,1998,53,1998-04-28,parser+ocr300,1998-04-28,text:warszawa,1998-04-28,,DU/1998/330,12,12," POLSKIEJ Warszawa, dnia 28 kwietnia 1998"
DU,1998,54,1998-04-30,parser+ocr300,1998-04-30,text:warszawa,1998-04-30,,DU/1998/342,9,9," POLSKIEJ Warszawa, dnia 30 kwietnia 1998"
DU,1998,55,1998-05-06,parser+ocr300,1998-05-06,text:warszawa,1998-05-06,,DU/1998/351,13,13," POLSKIEJ Warszawa, dnia 6 maja 1998"
DU,1998,56,1998-05-07,parser+ocr300,1998-05-07,text:warszawa,1998-05-07,,DU/1998/364,1,1,"J Nr 56 Warszawa, dnia 7 maja 1998"
DU,1998,57,1998-05-08,parser+ocr300,1998-05-08,text:warszawa,1998-05-08,,DU/1998/365,1,1,"J Nr 57 Warszawa, dnia 8 maja 1998"
DU,1998,58,1998-05-12,parser+ocr300,1998-05-12,text:warszawa,1998-05-12,,DU/1998/366,9,9,"J Nr 58 Warszawa, dnia 12 maja 1998"
DU,1998,59,1998-05-15,parser+ocr300,1998-05-15,text:warszawa,1998-05-15,,DU/1998/375,7,6," POLSKIEJ Warszawa, dnia 15 maja 1998"
DU,1998,60,1998-05-16,parser+ocr300,1998-05-16,text:warszawa,1998-05-16,,DU/1998/382,8,6,"J Nr 60 Warszawa, dnia 16 maja 1998"
DU,1998,61,1998-05-18,parser+ocr300,1998-05-18,text:warszawa,1998-05-18,,DU/1998/390,1,1," POLSKIEJ Warszawa, dnia 18 maja 1998"
DU,1998,62,1998-05-20,parser+ocr300,1998-05-20,ocr:warszawa,1998-05-20,,DU/1998/391,10,10,"POLSKIEJ Warszawa, dnia 20 maja 1998"
DU,1998,63,1998-05-26,parser+ocr300,1998-05-26,text:warszawa,1998-05-26,,DU/1998/401,12,12," POLSKIEJ Warszawa, dnia 26 maja 1998"
DU,1998,64,1998-05-28,parser+ocr300,1998-05-28,text:warszawa,1998-05-28,,DU/1998/413,3,3," POLSKIEJ Warszawa, dnia 28 maja 1998"
DU,1998,65,1998-05-29,parser+ocr300,1998-05-29,text:warszawa,1998-05-29,,DU/1998/416,14,14," POLSKIEJ Warszawa, dnia 29 maja 1998"
DU,1998,66,1998-06-01,parser+ocr300,1998-06-01,text:warszawa,1998-06-01,,DU/1998/430,7,5,"J Nr 66 Warszawa, dnia 1 czerwca 1998"
DU,1998,67,1998-06-03,parser+ocr300,1998-06-03,text:warszawa,1998-06-03,,DU/1998/437,10,10," POLSKIEJ Warszawa, dnia 3 czerwca 1998"
DU,1998,68,1998-06-05,parser+ocr300,1998-06-05,text:warszawa,1998-06-05,,DU/1998/447,1,1," POLSKIEJ Warszawa, dnia 5 czerwca 1998"
DU,1998,69,1998-06-06,parser+ocr300,1998-06-06,text:warszawa,1998-06-06,,DU/1998/448,11,11," POLSKIEJ Warszawa, dnia 6 czerwca 1998"
DU,1998,70,1998-06-08,parser+ocr300,1998-06-08,text:warszawa,1998-06-08,,DU/1998/459,2,2," POLSKIEJ Warszawa, dnia 8 czerwca 1998"
DU,1998,71,1998-06-10,parser+ocr300,1998-06-10,text:warszawa,1998-06-10,,DU/1998/461,1,1,"J Nr 71 Warszawa, dnia 10 czerwca 1998"
DU,1998,72,1998-06-15,parser+ocr300,1998-06-15,text:warszawa,1998-06-15,,DU/1998/462,1,1," POLSKIEJ Warszawa, dnia 15 czerwca 1998"
DU,1998,73,1998-06-16,parser+ocr300,1998-06-16,text:warszawa,1998-06-16,,DU/1998/463,8,8," POLSKIEJ Warszawa, dnia 16 czerwca 1998"
DU,1998,74,1998-06-18,parser+ocr300,1998-06-18,text:warszawa,1998-06-18,,DU/1998/471,15,12,"J Nr 74 Warszawa, dnia 18 czerwca 1998"
DU,1998,75,1998-06-19,parser+ocr300,1998-06-19,text:warszawa,1998-06-19,,DU/1998/486,4,3,"J Nr 75 Warszawa, dnia 19 czerwca 1998"
DU,1998,76,1998-06-24,parser+ocr300,1998-06-24,text:warszawa,1998-06-24,,DU/1998/490,17,17," POLSKIEJ Warszawa, dnia 24 czerwca 1998"
DU,1998,77,1998-06-25,parser+ocr300,1998-06-25,text:warszawa,1998-06-25,,DU/1998/507,4,4," POLSKIEJ Warszawa, dnia 25 czerwca 1998"
DU,1998,78,1998-06-26,parser+ocr300,1998-06-26,text:warszawa,1998-06-26,,DU/1998/511,2,2," POLSKIEJ Warszawa, dnia 26 czerwca 1998"
DU,1998,79,1998-06-27,parser+ocr300,1998-06-27,text:warszawa,1998-06-27,,DU/1998/513,2,2," POLSKIEJ Warszawa, dnia 27 czerwca 1998"
DU,1998,80,1998-06-30,parser+ocr300,1998-06-30,text:warszawa,1998-06-30,,DU/1998/515,9,9," POLSKIEJ Warszawa, dnia 30 czerwca 1998"
DU,1998,81,1998-07-01,parser+ocr300,1998-07-01,text:warszawa,1998-07-01,,DU/1998/524,5,5," POLSKIEJ Warszawa, dnia 1 lipca 1998"
DU,1998,82,1998-07-03,parser+ocr300,1998-07-03,text:warszawa,1998-07-03,,DU/1998/529,4,4," POLSKIEJ Warszawa, dnia 3 lipca 1998"
DU,1998,83,1998-07-04,parser+ocr300,1998-07-04,text:warszawa,1998-07-04,,DU/1998/533,1,1," POLSKIEJ Warszawa, dnia 4 lipca 1998"
DU,1998,84,1998-07-07,parser+ocr300,1998-07-07,text:warszawa,1998-07-07,,DU/1998/534,6,6," POLSKIEJ Warszawa, dnia 7 lipca 1998"
DU,1998,85,1998-07-09,parser+ocr300,1998-07-09,text:warszawa,1998-07-09,,DU/1998/540,3,3," POLSKIEJ Warszawa, dnia 9 lipca 1998"
DU,1998,86,1998-07-10,parser+ocr300,1998-07-10,text:warszawa,1998-07-10,,DU/1998/543,10,10,"J Nr 86 Warszawa, dnia 10 lipca 1998"
DU,1998,87,1998-07-11,parser+ocr300,1998-07-11,text:warszawa,1998-07-11,,DU/1998/553,3,3," POLSKIEJ Warszawa, dnia 11 lipca 1998"
DU,1998,88,1998-07-13,parser+ocr300,1998-07-13,text:warszawa,1998-07-13,,DU/1998/556,4,4," POLSKIEJ Warszawa, dnia 13 lipca 1998"
DU,1998,89,1998-07-15,parser+ocr300,1998-07-15,text:warszawa,1998-07-15,,DU/1998/560,9,9," POLSKIEJ Warszawa, dnia 15 lipca 1998"
DU,1998,90,1998-07-17,parser+ocr300,1998-07-17,text:warszawa,1998-07-17,,DU/1998/569,7,7," POLSKIEJ Warszawa, dnia 17 lipca 1998"
DU,1998,91,1998-07-18,parser+ocr300,1998-07-18,ocr:warszawa,1998-07-18,,DU/1998/576,6,3,"POLSKIEJ Warszawa, dnia 18 lipca 1998"
DU,1998,92,1998-07-21,obraz+parser,1998-07-21,ocr:warszawa,1998-07-21,1998-07-21,DU/1998/582,4,4,"POLSKIEJ Warszawa, dnia 21 lipca 1998"
DU,1998,93,1998-07-23,parser+ocr300,1998-07-23,text:warszawa,1998-07-23,,DU/1998/586,7,7," POLSKIEJ Warszawa, dnia 23 lipca 1998"
DU,1998,94,1998-07-24,parser+ocr300,1998-07-24,text:warszawa,1998-07-24,,DU/1998/593,9,7,"J Nr 94 Warszawa, dnia 24 lipca 1998"
DU,1998,95,1998-07-27,parser+ocr300,1998-07-27,text:warszawa,1998-07-27,,DU/1998/602,1,1," POLSKIEJ Warszawa, dnia 27 lipca 1998"
DU,1998,97,1998-07-30,parser+ocr300,1998-07-30,text:warszawa,1998-07-30,,DU/1998/604,3,2," POLSKIEJ Warszawa, dnia 30 lipca 1998"
DU,1998,98,1998-07-31,parser+ocr300,1998-07-31,text:warszawa,1998-07-31,,DU/1998/607,21,16," POLSKIEJ Warszawa, dnia 31 lipca 1998"
DU,1998,99,1998-08-04,parser+ocr300,1998-08-04,ocr:warszawa,1998-08-04,,DU/1998/628,10,5,"POLSKIEJ Warszawa, dnia 4 sierpnia 1998"
DU,1998,100,1998-08-05,parser+ocr300,1998-08-05,ocr:warszawa,1998-08-05,,DU/1998/638,7,7,"POLSKIEJ Warszawa, dnia 5 sierpnia 1998"
DU,1998,101,1998-08-06,parser+ocr300,1998-08-06,text:warszawa,1998-08-06,,DU/1998/645,1,1," POLSKIEJ Warszawa, dnia 6 sierpnia 1998"
DU,1998,102,1998-08-07,parser+ocr300,1998-08-07,text:warszawa,1998-08-07,,DU/1998/646,6,6," POLSKIEJ Warszawa, dnia 7 sierpnia 1998"
DU,1998,103,1998-08-10,parser+ocr300,1998-08-10,text:warszawa,1998-08-10,,DU/1998/652,1,1," Nr 103 Warszawa, dnia 10 sierpnia 1998"
DU,1998,104,1998-08-11,parser+ocr300,1998-08-11,text:warszawa,1998-08-11,,DU/1998/653,4,4,"O L SKIEJ Warszawa, dnia 11 sierpnia 1998"
DU,1998,105,1998-08-14,parser+ocr300,1998-08-14,text:warszawa,1998-08-14,,DU/1998/657,11,11," Nr 105 Warszawa, dnia 14 sierpnia 1998"
DU,1998,107,1998-08-20,parser+ocr300,1998-08-20,text:warszawa,1998-08-20,,DU/1998/669,12,11," POLSKIEJ Warszawa, dnia 20 sierpnia 1998"
DU,1998,108,1998-08-21,parser+ocr300,1998-08-21,text:warszawa,1998-08-21,,DU/1998/681,7,2," POLSKIEJ Warszawa, dnia 21 sierpnia 1998"
DU,1998,109,1998-08-22,parser+ocr300,1998-08-22,text:warszawa,1998-08-22,,DU/1998/688,1,1," POLSKIEJ Warszawa, dnia 22 sierpnia 1998"
DU,1998,110,1998-08-25,parser+ocr300,1998-08-25,text:warszawa,1998-08-25,,DU/1998/689,1,1," POLSKIEJ Warszawa, dnia 25 sierpnia 1998"
DU,1998,111,1998-08-26,parser+ocr300,1998-08-26,text:warszawa,1998-08-26,,DU/1998/690,23,23," POLSKIEJ Warszawa, dnia 26 sierpnia 1998"
DU,1998,112,1998-08-29,parser+ocr300,1998-08-29,text:warszawa,1998-08-29,,DU/1998/713,1,1," POLSKIEJ Warszawa, dnia 29 sierpnia 1998"
DU,1998,113,,bez odczytu (do obrazu),,none,,,DU/1998/714,20,16,
DU,1998,114,1998-09-02,parser+ocr300,1998-09-02,text:warszawa,1998-09-02,,DU/1998/734,10,10," POLSKIEJ Warszawa, dnia 2 września 1998"
DU,1998,115,1998-09-04,parser+ocr300,1998-09-04,text:warszawa,1998-09-04,,DU/1998/744,6,6," POLSKIEJ Warszawa, dnia 4 września 1998"
DU,1998,116,1998-09-05,parser+ocr300,1998-09-05,text:warszawa,1998-09-05,,DU/1998/750,6,6," POLSKIEJ Warszawa, dnia 5 września 1998"
DU,1998,118,1998-09-10,parser+ocr300,1998-09-10,text:warszawa,1998-09-10,,DU/1998/760,11,11," POLSKIEJ Warszawa, dnia 10 września 1998"
DU,1998,119,1998-09-14,parser+ocr300,1998-09-14,text:warszawa,1998-09-14,,DU/1998/771,3,3," POLSKIEJ Warszawa, dnia 14 września 1998"
DU,1998,120,1998-09-16,parser+ocr300,1998-09-16,ocr:warszawa,1998-09-16,,DU/1998/774,14,14,"POLSKIEJ Warszawa, dnia 16 września 1998"
DU,1998,121,1998-09-22,parser+ocr300,1998-09-22,text:warszawa,1998-09-22,,DU/1998/788,12,12," POLSKIEJ Warszawa, dnia 22 września 1998"
DU,1998,122,1998-09-28,parser+ocr300,1998-09-28,text:warszawa,1998-09-28,,DU/1998/800,7,7," Nr 122 Warszawa, dnia 28 września 1998"
DU,1998,123,1998-09-29,parser+ocr300,1998-09-29,text:warszawa,1998-09-29,,DU/1998/807,3,3," Nr 123 Warszawa, dnia 29 września 1998"
DU,1998,124,1998-09-30,parser+ocr300,1998-09-30,ocr:warszawa,1998-09-30,,DU/1998/810,16,16,"POLSKIEJ Warszawa, dnia 30 września 1998"
DU,1998,125,1998-10-06,parser+ocr300,1998-10-06,text:warszawa,1998-10-06,,DU/1998/826,4,4," POLSKIEJ Warszawa, dnia 6 października 1998"
DU,1998,126,1998-10-08,parser+ocr300,1998-10-08,text:warszawa,1998-10-08,,DU/1998/830,10,10," Nr 126 Warszawa, dnia 8 października 1998"
DU,1998,127,1998-10-13,parser+ocr300,1998-10-13,ocr:warszawa,1998-10-13,,DU/1998/840,8,8,"POLSKIEJ Warszawa, dnia 13 października 1998"
DU,1998,128,1998-10-19,parser+ocr300,1998-10-19,ocr:warszawa,1998-10-19,,DU/1998/848,4,4,"POLSKIEJ Warszawa, dnia 19 października 1998"
DU,1998,129,1998-10-23,parser+ocr300,1998-10-23,ocr:warszawa,1998-10-23,,DU/1998/852,7,7,"POLSKIEJ Warszawa, dnia 23 października 1998"
DU,1998,130,1998-10-26,parser+ocr300,1998-10-26,ocr:warszawa,1998-10-26,,DU/1998/859,1,1,"POLSKIEJ Warszawa, dnia 26 października 1998"
DU,1998,131,1998-10-27,parser+ocr300,1998-10-27,text:warszawa,1998-10-27,,DU/1998/860,2,1," POLSKIEJ Warszawa, dnia 27 października 1998"
DU,1998,132,1998-10-28,parser+ocr300,1998-10-28,text:warszawa,1998-10-28,,DU/1998/862,10,10," POLSKIEJ Warszawa, dnia 28 października 1998"
DU,1998,134,1998-10-30,parser+ocr300,1998-10-30,ocr:warszawa,1998-10-30,,DU/1998/873,4,4,"POLSKIEJ Warszawa, dnia 30 października 1998"
DU,1998,135,1998-11-06,parser+ocr300,1998-11-06,ocr:warszawa,1998-11-06,,DU/1998/877,6,6,"POLSKIEJ Warszawa, dnia 6 listopada 1998"
DU,1998,136,1998-11-07,parser+ocr300,1998-11-07,ocr:warszawa,1998-11-07,,DU/1998/883,3,3," POLSKIEJ Warszawa, dnia 7 listopada 1998"
DU,1998,138,1998-11-13,parser+ocr300,1998-11-13,ocr:warszawa,1998-11-13,,DU/1998/888,11,11," POLSKIEJ Warszawa, dnia 13 listopada 1998"
DU,1998,139,1998-11-17,parser+ocr300,1998-11-17,ocr:warszawa,1998-11-17,,DU/1998/899,7,7,"POLSKIEJ Warszawa, dnia 17 listopada 1998"
DU,1998,140,1998-11-20,parser+ocr300,1998-11-20,text:warszawa,1998-11-20,,DU/1998/906,7,7," POLSKIEJ Warszawa, dnia 20 listopada 1998"
DU,1998,141,1998-11-23,parser+ocr300,1998-11-23,text:warszawa,1998-11-23,,DU/1998/913,2,2," Nr 141 Warszawa, dnia 23 listopada 1998"
DU,1998,142,1998-11-25,parser+ocr300,1998-11-25,text:warszawa,1998-11-25,,DU/1998/915,1,1," POLSKIEJ Warszawa, dnia 25 listopada 1998"
DU,1998,143,1998-11-26,parser+ocr300,1998-11-26,text:warszawa,1998-11-26,,DU/1998/916,13,12," Nr 143 Warszawa, dnia 26 listopada 1998"
DU,1998,144,1998-11-27,parser+ocr300,1998-11-27,ocr:warszawa,1998-11-27,,DU/1998/929,8,5,"POLSKIEJ Warszawa, dnia 27 listopada 1998"
DU,1998,145,1998-12-02,parser+ocr300,1998-12-02,ocr:warszawa,1998-12-02,,DU/1998/937,10,8,"POLSKIEJ Warszawa, dnia 2 grudnia 1998"
DU,1998,146,1998-12-07,parser+ocr300,1998-12-07,text:warszawa,1998-12-07,,DU/1998/947,15,15," POLSKIEJ Warszawa, dnia 7 grudnia 1998"
DU,1998,147,1998-12-09,parser+ocr300,1998-12-09,text:warszawa,1998-12-09,,DU/1998/962,4,4,"LSKIEJ , Warszawa, dnia 9 grudnia 1998"
DU,1998,148,1998-12-10,parser+ocr300,1998-12-10,text:warszawa,1998-12-10,,DU/1998/966,15,14," Nr 148 Warszawa, dnia 10 grudnia 1998"
DU,1998,149,1998-12-12,parser+ocr300,1998-12-12,text:warszawa,1998-12-12,,DU/1998/981,2,2," Nr 149 Warszawa, dnia 12 grudnia 1998"
DU,1998,150,1998-12-14,parser+ocr300,1998-12-14,text:warszawa,1998-12-14,,DU/1998/983,4,2," POLSKIEJ Warszawa, dnia 14 grudnia 1998"
DU,1998,151,1998-12-15,obraz+parser,1998-12-15,text:warszawa,1998-12-15,1998-12-15,DU/1998/987,1,1," POLSKIEJ Warszawa, dnia 15 grudnia 1998"
DU,1998,152,1998-12-16,parser+ocr300,1998-12-16,ocr:warszawa,1998-12-16,,DU/1998/988,2,2,"POLSKIEJ Warszawa, dnia 16 grudnia 1998"
DU,1998,153,1998-12-17,parser+ocr300,1998-12-17,ocr:warszawa,1998-12-17,,DU/1998/990,19,19,"POLSKIEJ Warszawa, dnia 17 grudnia 1998"
DU,1998,154,1998-12-18,parser+ocr300,1998-12-18,text:warszawa,1998-12-18,,DU/1998/1009,5,5," Nr 154 Warszawa, dnia 18 grudnia 1998"
DU,1998,156,1998-12-21,parser+ocr300,1998-12-21,text:warszawa,1998-12-21,,DU/1998/1017,14,10," POLSKIEJ Warszawa, dnia 21 grudnia 1998"
DU,1998,157,1998-12-22,parser+ocr300,1998-12-22,text:warszawa,1998-12-22,,DU/1998/1031,5,5," POLSKIEJ Warszawa, dnia 22 grudnia 1998"
DU,1998,158,1998-12-23,parser+ocr300,1998-12-23,ocr:warszawa,1998-12-23,,DU/1998/1036,10,10,"POLSKIEJ Warszawa, dnia 23 grudnia 1998"
DU,1998,159,1998-12-24,parser+ocr300,1998-12-24,text:warszawa,1998-12-24,,DU/1998/1046,12,12," POLSKIEJ Warszawa, dnia 24 grudnia 1998"
DU,1998,160,1998-12-28,parser+ocr300,1998-12-28,text:warszawa,1998-12-28,,DU/1998/1058,18,10," POLSKIEJ Warszawa, dnia 28 grudnia 1998"
DU,1998,161,1998-12-29,parser+ocr300,1998-12-29,text:warszawa,1998-12-29,,DU/1998/1076,36,36," POLSKIEJ Warszawa, dnia 29 grudnia 1998"
DU,1998,162,1998-12-30,parser+ocr300,1998-12-30,text:warszawa,1998-12-30,,DU/1998/1112,43,28," POLSKIEJ Warszawa, dnia 30 grudnia 1998"
DU,1998,163,1998-12-30,parser+ocr300,1998-12-30,text:warszawa,1998-12-30,,DU/1998/1155,8,8," POLSKIEJ Warszawa, dnia 30 grudnia 1998"
DU,1998,164,1998-12-31,parser+ocr300,1998-12-31,text:warszawa,1998-12-31,,DU/1998/1163,33,33," POLSKIEJ Warszawa, dnia 31 grudnia 1998"
DU,1998,165,1998-12-31,parser+ocr300,1998-12-31,text:warszawa,1998-12-31,,DU/1998/1196,8,8," POLSKIEJ Warszawa, dnia 31 grudnia 1998"
DU,1998,166,1998-12-31,parser+ocr300,1998-12-31,text:warszawa,1998-12-31,,DU/1998/1204,64,64," POLSKIEJ Warszawa, dnia 31 grudnia 1998"
DU,1999,1,1999-01-12,parser+ocr300,1999-01-12,text:warszawa,1999-01-12,,DU/1999/1,7,6," POLSKIEJ Warszawa, dnia 12 stycznia 1999"
DU,1999,2,1999-01-14,parser+ocr300,1999-01-14,text:warszawa,1999-01-14,,DU/1999/8,1,1,"EJ Nr 2 Warszawa, dnia 14 stycznia 1999"
DU,1999,3,1999-01-15,parser+ocr300,1999-01-15,text:warszawa,1999-01-15,,DU/1999/9,22,22,"IEJ Nr3 Warszawa, dnia 15 stycznia 1999"
DU,1999,4,1999-01-18,parser+ocr300,1999-01-18,text:warszawa,1999-01-18,,DU/1999/31,1,1," POLSKIEJ Warszawa, dnia 18 stycznia 1999"
DU,1999,5,1999-01-19,parser+ocr300,1999-01-19,text:warszawa,1999-01-19,,DU/1999/32,6,5,"J l Nr5 Warszawa, dnia 19 stycznia 1999"
DU,1999,6,1999-01-21,parser+ocr300,1999-01-21,text:warszawa,1999-01-21,,DU/1999/38,13,13,"IEJ Nr6 Warszawa, dnia 21 stycznia 1999"
DU,1999,7,1999-01-26,parser+ocr300,1999-01-26,text:warszawa,1999-01-26,,DU/1999/51,16,16,"IEJ Nr7 Warszawa, dnia 26 stycznia 1999"
DU,1999,8,1999-01-29,parser+ocr300,1999-01-29,text:warszawa,1999-01-29,,DU/1999/67,8,8,"EJ Nr 8 Warszawa, dnia 29 stycznia 1999"
DU,1999,9,1999-02-01,parser+ocr300,1999-02-01,text:warszawa,1999-02-01,,DU/1999/75,11,10,"EJ Nr 9 Warszawa, dnia 1 lutego 1999"
DU,1999,10,1999-02-05,parser+ocr300,1999-02-05,text:warszawa,1999-02-05,,DU/1999/86,9,9,""" Nr 10 Warszawa, dnia 5 lutego 1999"
DU,1999,11,1999-02-08,parser+ocr300,1999-02-08,text:warszawa,1999-02-08,,DU/1999/95,1,1," POLSKIEJ Warszawa, dnia 8 lutego 1999"
DU,1999,12,1999-02-12,parser+ocr300,1999-02-12,ocr:warszawa,1999-02-12,,DU/1999/96,15,15,"POLSKIEJ Warszawa, dnia 12 lutego 1999"
DU,1999,13,1999-02-19,parser+ocr300,1999-02-19,text:warszawa,1999-02-19,,DU/1999/111,13,12,"J Nr 13 Warszawa, dnia 19 lutego 1999"
DU,1999,14,1999-02-23,parser+ocr300,1999-02-23,text:warszawa,1999-02-23,,DU/1999/124,11,11,"LSKIEJ "" Warszawa, dnia 23 lutego 1999"
DU,1999,16,1999-02-26,parser+ocr300,1999-02-26,text:warszawa,1999-02-26,,DU/1999/141,13,13,"J Nr 16 Warszawa, dnia 26 lutego 1999"
DU,1999,17,1999-03-02,parser+ocr300,1999-03-02,text:warszawa,1999-03-02,,DU/1999/154,1,1,"J Nr 17 Warszawa, dnia 2 marca 1999"
DU,1999,18,1999-03-05,parser+ocr300,1999-03-05,text:warszawa,1999-03-05,,DU/1999/155,14,14," POLSKIEJ Warszawa, dnia 5 marca 1999"
DU,1999,19,1999-03-06,parser+ocr300,1999-03-06,text:warszawa,1999-03-06,,DU/1999/169,1,1," POLSKIEJ Warszawa, dnia 6 marca 1999"
DU,1999,20,1999-03-10,parser+ocr300,1999-03-10,text:warszawa,1999-03-10,,DU/1999/170,13,13,"J Nr 20 Warszawa, dnia 10 marca 1999"
DU,1999,21,,bez odczytu (do obrazu),,none,,,DU/1999/183,14,14,
DU,1999,22,1999-03-19,parser+ocr300,1999-03-19,text:warszawa,1999-03-19,,DU/1999/197,17,17,"J Nr 22 Warszawa, dnia 19 marca 1999"
DU,1999,23,1999-03-20,parser+ocr300,1999-03-20,text:warszawa,1999-03-20,,DU/1999/214,1,1," POLSKIEJ Warszawa, dnia 20 marca 1999"
DU,1999,24,1999-03-23,parser+ocr300,1999-03-23,text:warszawa,1999-03-23,,DU/1999/215,3,3," POLSKIEJ Warszawa, dnia 23 marca 1999"
DU,1999,25,1999-03-26,parser+ocr300,1999-03-26,text:warszawa,1999-03-26,,DU/1999/218,10,10," POLSKIEJ Warszawa, dnia 26 marca 1999"
DU,1999,26,1999-03-30,parser+ocr300,1999-03-30,text:warszawa,1999-03-30,,DU/1999/228,15,13," POLSKIEJ Warszawa, dnia 30 marca 1999"
DU,1999,27,1999-03-31,parser+ocr300,1999-03-31,text:warszawa,1999-03-31,,DU/1999/243,12,11," POLSKIEJ Warszawa, dnia 31 marca 1999"
DU,1999,28,1999-04-02,parser+ocr300,1999-04-02,text:warszawa,1999-04-02,,DU/1999/255,12,9," POLSKIEJ Warszawa, dnia 2 kwietnia 1999"
DU,1999,29,1999-04-08,parser+ocr300,1999-04-08,text:warszawa,1999-04-08,,DU/1999/267,15,15," POLSKIEJ Warszawa, dnia 8 kwietnia 1999"
DU,1999,30,1999-04-12,parser+ocr300,1999-04-12,text:warszawa,1999-04-12,,DU/1999/282,19,18," POLSKIEJ Warszawa, dnia 12 kwietnia 1999"
DU,1999,31,1999-04-14,parser+ocr300,1999-04-14,text:warszawa,1999-04-14,,DU/1999/301,2,2,"J Nr 31 Warszawa, dnia 14 kwietnia 1999"
DU,1999,32,1999-04-15,parser+ocr300,1999-04-15,text:warszawa,1999-04-15,,DU/1999/303,15,7," POLSKIEJ Warszawa, dnia 15 kwietnia 1999"
DU,1999,33,1999-04-19,parser+ocr300,1999-04-19,text:warszawa,1999-04-19,,DU/1999/318,1,1," POLSKIEJ Warszawa, dnia 19 kwietnia 1999"
DU,1999,34,1999-04-20,parser+ocr300,1999-04-20,text:warszawa,1999-04-20,,DU/1999/319,2,2," POLSKIEJ Warszawa, dnia 20 kwietnia 1999"
DU,1999,35,1999-04-22,parser+ocr300,1999-04-22,text:warszawa,1999-04-22,,DU/1999/321,15,14,"J Nr 35 Warszawa, dnia 22 kwietnia 1999"
DU,1999,36,1999-04-23,parser+ocr300,1999-04-23,text:warszawa,1999-04-23,,DU/1999/336,22,22," POLSKIEJ Warszawa, dnia 23 kwietnia 1999"
DU,1999,37,1999-04-24,parser+ocr300,1999-04-24,text:warszawa,1999-04-24,,DU/1999/358,2,2," POLSKIEJ Warszawa, dnia 24 kwietnia 1999"
DU,1999,38,1999-04-28,parser+ocr300,1999-04-28,text:warszawa,1999-04-28,,DU/1999/360,19,18," POLSKIEJ Warszawa, dnia 28 kwietnia 1999"
DU,1999,39,1999-04-30,parser+ocr300,1999-04-30,text:warszawa,1999-04-30,,DU/1999/379,20,20," POLSKIEJ Warszawa, dnia 30 kwietnia 1999"
DU,1999,41,1999-05-10,parser+ocr300,1999-05-10,text:warszawa,1999-05-10,,DU/1999/412,9,8,"J Nr 41 Warszawa, dnia 10 maja 1999"
DU,1999,42,1999-05-13,parser+ocr300,1999-05-13,text:warszawa,1999-05-13,,DU/1999/421,8,8," POLSKIEJ Warszawa, dnia 13 maja 1999"
DU,1999,43,1999-05-14,parser+ocr300,1999-05-14,text:warszawa,1999-05-14,,DU/1999/429,3,3,"J Nr 43 Warszawa, dnia 14 maja 1999"
DU,1999,44,1999-05-15,parser+ocr300,1999-05-15,text:warszawa,1999-05-15,,DU/1999/432,3,3," POLSKIEJ Warszawa, dnia 15 maja 1999"
DU,1999,45,1999-05-20,parser+ocr300,1999-05-20,text:warszawa,1999-05-20,,DU/1999/435,24,18," POLSKIEJ Warszawa, dnia 20 maja 1999"
DU,1999,46,1999-05-21,parser+ocr300,1999-05-21,text:warszawa,1999-05-21,,DU/1999/459,2,2," POLSKIEJ Warszawa, dnia 21 maja 1999"
DU,1999,47,1999-05-27,parser+ocr300,1999-05-27,text:warszawa,1999-05-27,,DU/1999/461,20,20,"J Nr 47 Warszawa, dnia 27 maja 1999"
DU,1999,48,1999-05-29,parser+ocr300,1999-05-29,text:warszawa,1999-05-29,,DU/1999/481,2,2," POLSKIEJ Warszawa, dnia 29 maja 1999"
DU,1999,49,1999-05-31,parser+ocr300,1999-05-31,text:warszawa,1999-05-31,,DU/1999/483,16,12," POLSKIEJ Warszawa, dnia 31 maja 1999"
DU,1999,50,1999-06-02,parser+ocr300,1999-06-02,text:warszawa,1999-06-02,,DU/1999/499,20,18," POLSKIEJ Warszawa, dnia 2 czerwca 1999"
DU,1999,51,1999-06-09,parser+ocr300,1999-06-09,text:warszawa,1999-06-09,,DU/1999/519,8,8," POLSKIEJ Warszawa, dnia 9 czerwca 1999"
DU,1999,52,1999-06-15,parser+ocr300,1999-06-15,text:warszawa,1999-06-15,,DU/1999/527,21,15," POLSKIEJ Warszawa, dnia 15 czerwca 1999"
DU,1999,53,1999-06-19,parser+ocr300,1999-06-19,text:warszawa,1999-06-19,,DU/1999/548,23,21," POLSKIEJ Warszawa, dnia 19 czerwca 1999"
DU,1999,54,1999-06-21,parser+ocr300,1999-06-21,text:warszawa,1999-06-21,,DU/1999/571,2,2," POLSKIEJ Warszawa, dnia 21 czerwca 1999"
DU,1999,55,1999-06-22,parser+ocr300,1999-06-22,text:warszawa,1999-06-22,,DU/1999/573,16,16," POLSKIEJ Warszawa, dnia 22 czerwca 1999"
DU,1999,56,1999-06-23,parser+ocr300,1999-06-23,text:warszawa,1999-06-23,,DU/1999/589,7,7," POLSKIEJ Warszawa, dnia 23 czerwca 1999"
DU,1999,57,1999-06-25,parser+ocr300,1999-06-25,text:warszawa,1999-06-25,,DU/1999/596,23,23," POLSKIEJ Warszawa, dnia 25 czerwca 1999"
DU,1999,58,1999-06-26,parser+ocr300,1999-06-26,text:warszawa,1999-06-26,,DU/1999/619,4,4," POLSKIEJ Warszawa, dnia 26 czerwca 1999"
DU,1999,59,1999-07-01,parser+ocr300,1999-07-01,text:warszawa,1999-07-01,,DU/1999/623,13,13," POLSKIEJ Warszawa, dnia 1 lipca 1999"
DU,1999,60,1999-07-12,parser+ocr300,1999-07-12,text:warszawa,1999-07-12,,DU/1999/636,18,17," POLSKIEJ Warszawa, dnia 12 lipca 1999"
DU,1999,61,1999-07-15,parser+ocr300,1999-07-15,text:warszawa,1999-07-15,,DU/1999/654,27,27," POLSKIEJ Warszawa, dnia 15 lipca 1999"
DU,1999,62,1999-07-23,parser+ocr300,1999-07-23,text:warszawa,1999-07-23,,DU/1999/681,19,9," POLSKIEJ Warszawa, dnia 23 lipca 1999"
DU,1999,63,1999-07-30,parser+ocr300,1999-07-30,text:warszawa,1999-07-30,,DU/1999/700,28,25," POLSKIEJ Warszawa, dnia 30 lipca 1999"
DU,1999,64,1999-08-02,parser+ocr300,1999-08-02,text:warszawa,1999-08-02,,DU/1999/728,10,8," POLSKIEJ Warszawa, dnia 2 sierpnia 1999"
DU,1999,65,1999-08-09,parser+ocr300,1999-08-09,text:warszawa,1999-08-09,,DU/1999/738,9,9,"r Nr 65 Warszawa, dnia 9 sierpnia 1999"
DU,1999,66,1999-08-11,parser+ocr300,1999-08-11,text:warszawa,1999-08-11,,DU/1999/747,6,6," POLSKIEJ Warszawa, dnia 11 sierpnia 1999"
DU,1999,67,1999-08-17,parser+ocr300,1999-08-17,text:warszawa,1999-08-17,,DU/1999/753,7,7," POLSKIEJ Warszawa, dnia 17 sierpnia 1999"
DU,1999,68,1999-08-19,parser+ocr300,1999-08-19,text:warszawa,1999-08-19,,DU/1999/760,2,2," POLSKIEJ Warszawa, dnia 19 sierpnia 1999"
DU,1999,69,1999-08-20,parser+ocr300,1999-08-20,text:warszawa,1999-08-20,,DU/1999/762,11,10,"J Nr 69 Warszawa, dnia 20 sierpnia 1999"
DU,1999,70,1999-08-26,parser+ocr300,1999-08-26,text:warszawa,1999-08-26,,DU/1999/773,23,17,"J Nr 70 Warszawa, dnia 26 sierpnia 1999"
DU,1999,71,1999-08-27,parser+ocr300,1999-08-27,text:warszawa,1999-08-27,,DU/1999/796,5,5," POLSKIEJ Warszawa, dnia 27 sierpnia 1999"
DU,1999,72,1999-08-31,parser+ocr300,1999-08-31,text:warszawa,1999-08-31,,DU/1999/801,13,9," POLSKIEJ Warszawa, dnia 31 sierpnia 1999"
DU,1999,73,1999-09-03,parser+ocr300,1999-09-03,text:warszawa,1999-09-03,,DU/1999/814,12,12," POLSKIEJ Warszawa, dnia 3 września 1999"
DU,1999,74,1999-09-09,parser+ocr300,1999-09-09,text:warszawa,1999-09-09,,DU/1999/826,12,12," POLSKIEJ Warszawa, dnia 9 września 1999"
DU,1999,75,1999-09-17,parser+ocr300,1999-09-17,text:warszawa,1999-09-17,,DU/1999/838,16,16," POLSKIEJ Warszawa, dnia 17 września 1999"
DU,1999,76,1999-09-22,parser+ocr300,1999-09-22,text:warszawa,1999-09-22,,DU/1999/854,8,8," POLSKIEJ Warszawa, dnia 22 września 1999"
DU,1999,77,1999-09-24,parser+ocr300,1999-09-24,text:warszawa,1999-09-24,,DU/1999/862,13,12," POLSKIEJ Warszawa, dnia 24 września 1999"
DU,1999,78,1999-09-29,parser+ocr300,1999-09-29,text:warszawa,1999-09-29,,DU/1999/875,9,8,"J Nr 78 Warszawa, dnia 29 września 1999"
DU,1999,79,1999-10-01,parser+ocr300,1999-10-01,text:warszawa,1999-10-01,,DU/1999/884,18,14," POLSKIEJ Warszawa, dnia 1 października 1999"
DU,1999,80,1999-10-08,obraz+parser,1999-10-08,text:warszawa,1999-10-08,1999-10-08,DU/1999/902,15,12," POLSKIEJ Warszawa, dnia 8 października 1999"
DU,1999,81,1999-10-13,parser+ocr300,1999-10-13,text:warszawa,1999-10-13,,DU/1999/917,3,3," POLSKIEJ Warszawa, dnia 13 października 1999"
DU,1999,82,1999-10-14,parser+ocr300,1999-10-14,text:warszawa,1999-10-14,,DU/1999/920,10,10,"J Nr 82 Warszawa, dnia 14 października 1999"
DU,1999,83,1999-10-15,parser+ocr300,1999-10-15,text:warszawa,1999-10-15,,DU/1999/930,4,1,"J Nr 83 Warszawa, dnia 15 października 1999"
DU,1999,84,1999-10-16,parser+ocr300,1999-10-16,text:warszawa,1999-10-16,,DU/1999/934,6,3,"J Nr 84 Warszawa, dnia 16 października 1999"
DU,1999,85,1999-10-18,parser+ocr300,1999-10-18,text:warszawa,1999-10-18,,DU/1999/940,10,10," POLSKIEJ Warszawa, dnia 18 października 1999"
DU,1999,86,1999-10-22,parser+ocr300,1999-10-22,text:warszawa,1999-10-22,,DU/1999/950,18,18," POLSKIEJ Warszawa, dnia 22 października 1999"
DU,1999,87,1999-10-27,parser+ocr300,1999-10-27,text:warszawa,1999-10-27,,DU/1999/968,12,12," POLSKIEJ Warszawa, dnia 27 października 1999"
DU,1999,88,1999-10-29,parser+ocr300,1999-10-29,text:warszawa,1999-10-29,,DU/1999/980,16,15," POLSKIEJ Warszawa, dnia 29 października 1999"
DU,1999,89,1999-10-30,parser+ocr300,1999-10-30,text:warszawa,1999-10-30,,DU/1999/996,2,2," POLSKIEJ Warszawa, dnia 30 października 1999"
DU,1999,90,1999-11-08,parser+ocr300,1999-11-08,text:warszawa,1999-11-08,,DU/1999/998,16,12,"J Nr 90 Warszawa, dnia 8 listopada 1999"
DU,1999,91,1999-11-10,parser+ocr300,1999-11-10,text:warszawa,1999-11-10,,DU/1999/1014,30,30," POLSKIEJ Warszawa, dnia 10 listopada 1999"
DU,1999,92,1999-11-17,parser+ocr300,1999-11-17,text:warszawa,1999-11-17,,DU/1999/1044,19,19,"J Nr 92 Warszawa, dnia 17 listopada 1999"
DU,1999,93,1999-11-20,obraz+parser,1999-11-20,text:warszawa,1999-11-20,1999-11-20,DU/1999/1063,23,16," POLSKIEJ Warszawa, dnia 20 listopada 1999"
DU,1999,94,1999-11-24,obraz+parser,1999-11-24,text:warszawa,1999-11-24,1999-11-24,DU/1999/1086,14,13," POLSKIEJ Warszawa, dnia 24 listopada 1999"
DU,1999,95,1999-11-30,parser+ocr300,1999-11-30,text:warszawa,1999-11-30,,DU/1999/1100,6,4," POLSKIEJ Warszawa, dnia 30 listopada 1999"
DU,1999,96,1999-12-03,parser+ocr300,1999-12-03,text:warszawa,1999-12-03,,DU/1999/1106,28,26," POLSKIEJ Warszawa, dnia 3 grudnia 1999"
DU,1999,97,1999-12-04,parser+ocr300,1999-12-04,text:warszawa,1999-12-04,,DU/1999/1134,4,4," POLSKIEJ Warszawa, dnia 4 grudnia 1999"
DU,1999,98,1999-12-10,parser+ocr300,1999-12-10,text:warszawa,1999-12-10,,DU/1999/1138,13,13," POLSKIEJ Warszawa, dnia 10 grudnia 1999"
DU,1999,99,1999-12-14,parser+ocr300,1999-12-14,text:warszawa,1999-12-14,,DU/1999/1151,20,18,"J Nr 99 Warszawa, dnia 14 grudnia 1999"
DU,1999,100,1999-12-15,parser+ocr300,1999-12-15,text:warszawa,1999-12-15,,DU/1999/1171,6,6," POLSKIEJ Warszawa, dnia 15 grudnia 1999"
DU,1999,101,1999-12-17,parser+ocr300,1999-12-17,text:warszawa,1999-12-17,,DU/1999/1177,6,4," Nr 101 Warszawa, dnia 17 grudnia 1999"
DU,1999,102,1999-12-20,parser+ocr300,1999-12-20,text:warszawa,1999-12-20,,DU/1999/1183,7,7," Nr 102 Warszawa, dnia 20 grudnia 1999"
DU,1999,103,1999-12-21,parser+ocr300,1999-12-21,text:warszawa,1999-12-21,,DU/1999/1190,3,3," Nr 103 Warszawa, dnia 21 grudnia 1999"
DU,1999,104,1999-12-22,parser+ocr300,1999-12-22,text:warszawa,1999-12-22,,DU/1999/1193,3,3," POLSKIEJ Warszawa, dnia 22 grudnia 1999"
DU,1999,105,1999-12-23,parser+ocr300,1999-12-23,text:warszawa,1999-12-23,,DU/1999/1196,10,10," POLSKIEJ Warszawa, dnia 23 grudnia 1999"
DU,1999,106,1999-12-24,parser+ocr300,1999-12-24,text:warszawa,1999-12-24,,DU/1999/1206,11,11," POLSKIEJ Warszawa, dnia 24 grudnia 1999"
DU,1999,107,1999-12-27,obraz+parser,1999-12-27,text:warszawa,1999-12-27,1999-12-27,DU/1999/1217,9,9," Nr 107 Warszawa, dnia 27 grudnia 1999"
DU,1999,108,1999-12-28,parser+ocr300,1999-12-28,text:warszawa,1999-12-28,,DU/1999/1226,5,3," POLSKIEJ Warszawa, dnia 28 grudnia 1999"
DU,1999,109,1999-12-29,parser+ocr300,1999-12-29,text:warszawa,1999-12-29,,DU/1999/1231,24,18," POLSKIEJ Warszawa, dnia 29 grudnia 1999"
DU,1999,110,1999-12-30,parser+ocr300,1999-12-30,text:warszawa,1999-12-30,,DU/1999/1255,24,22," POLSKIEJ Warszawa, dnia 30 grudnia 1999"
DU,1999,111,1999-12-31,parser+ocr300,1999-12-31,text:warszawa,1999-12-31,,DU/1999/1279,37,34," POLSKIEJ Warszawa, dnia 31 grudnia 1999"
DU,1999,112,1999-12-31,parser+ocr300,1999-12-31,text:warszawa,1999-12-31,,DU/1999/1316,7,7," POLSKIEJ Warszawa, dnia 31 grudnia 1999"
DU,2000,4,2000-01-24,parser+ocr300,2000-01-24,ocr:warszawa,2000-01-24,,DU/2000/47,2,2,"POLSKIEJ Warszawa, dnia 24 stycznia 2000"
DU,2000,5,2000-01-28,parser+ocr300,2000-01-28,ocr:warszawa,2000-01-28,,DU/2000/49,20,20,"POLSKIEJ Warszawa, dnia 28 stycznia 2000"
DU,2000,6,,bez odczytu (do obrazu),,none,,,DU/2000/69,16,14,
DU,2000,7,2000-02-03,parser+ocr300,2000-02-03,ocr:warszawa,2000-02-03,,DU/2000/85,1,1,"POLSKIEJ Warszawa, dnia 3 lutego 2000"
DU,2000,8,,bez odczytu (do obrazu),,none,,,DU/2000/86,30,30,
DU,2000,9,,bez odczytu (do obrazu),,none,,,DU/2000/116,16,13,
DU,2000,10,2000-02-18,parser+ocr300,2000-02-18,text:warszawa,2000-02-18,,DU/2000/132,2,2," POLSKIEJ Warszawa, dnia 18 lutego 2000"
DU,2000,11,2000-02-19,parser+ocr300,2000-02-19,ocr:warszawa,2000-02-19,,DU/2000/134,2,2,"POLSKIEJ Warszawa, dnia 19 lutego 2000"
DU,2000,12,,bez odczytu (do obrazu),,none,,,DU/2000/136,19,18,
DU,2000,13,,bez odczytu (do obrazu),,none,,,DU/2000/155,21,21,
DU,2000,14,2000-03-03,parser+ocr300,2000-03-03,text:warszawa,2000-03-03,,DU/2000/176,1,1," POLSKIEJ Warszawa, dnia 3 marca 2000"
DU,2000,15,,bez odczytu (do obrazu),,none,,,DU/2000/177,28,23,
DU,2000,16,2000-03-13,parser+ocr300,2000-03-13,ocr:warszawa,2000-03-13,,DU/2000/205,10,10,"POLSKIEJ Warszawa, dnia 13 marca 2000"
DU,2000,17,2000-03-16,parser+ocr300,2000-03-16,text:warszawa,2000-03-16,,DU/2000/215,15,15," POLSKIEJ Warszawa, dnia 16 marca 2000"
DU,2000,18,2000-03-20,parser+ocr300,2000-03-20,text:warszawa,2000-03-20,,DU/2000/230,8,8," POLSKIEJ Warszawa, dnia 20 marca 2000"
DU,2000,20,,bez odczytu (do obrazu),,none,,,DU/2000/242,15,15,
DU,2000,21,,bez odczytu (do obrazu),,none,,,DU/2000/257,11,11,
DU,2000,23,2000-04-05,parser+ocr300,2000-04-05,text:warszawa,2000-04-05,,DU/2000/292,4,4," POLSKIEJ Warszawa, dnia 5 kwietnia 2000"
DU,2000,24,2000-04-06,parser+ocr300,2000-04-06,text:warszawa,2000-04-06,,DU/2000/296,5,5," POLSKIEJ Warszawa, dnia 6 kwietnia 2000"
DU,2000,25,2000-04-07,parser+ocr300,2000-04-07,text:warszawa,2000-04-07,,DU/2000/301,5,5," POLSKIEJ Warszawa, dnia 7 kwietnia 2000"
DU,2000,26,,bez odczytu (do obrazu),,none,,,DU/2000/306,14,13,
DU,2000,27,,bez odczytu (do obrazu),,none,,,DU/2000/320,26,26,
DU,2000,28,2000-04-14,parser+ocr300,2000-04-14,text:warszawa,2000-04-14,,DU/2000/346,8,8," POLSKIEJ Warszawa, dnia 14 kwietnia 2000"
DU,2000,30,2000-04-20,parser+ocr300,2000-04-20,text:warszawa,2000-04-20,,DU/2000/372,9,9," POLSKIEJ Warszawa, dnia 20 kwietnia 2000"
DU,2000,32,2000-04-25,parser+ocr300,2000-04-25,text:warszawa,2000-04-25,,DU/2000/393,1,1," POLSKIEJ Warszawa, dnia 25 kwietnia 2000"
DU,2000,33,2000-04-26,parser+ocr300,2000-04-26,text:warszawa,2000-04-26,,DU/2000/394,5,5," POLSKIEJ Warszawa, dnia 26 kwietnia 2000"
DU,2000,34,2000-04-27,parser+ocr300,2000-04-27,text:warszawa,2000-04-27,,DU/2000/399,2,2," POLSKIEJ Warszawa, dnia 27 kwietnia 2000"
DU,2000,35,2000-04-28,parser+ocr300,2000-04-28,text:warszawa,2000-04-28,,DU/2000/401,1,1," POLSKIEJ Warszawa, dnia 28 kwietnia 2000"
DU,2000,36,2000-05-08,parser+ocr300,2000-05-08,text:warszawa,2000-05-08,,DU/2000/402,15,15," POLSKIEJ Warszawa, dnia 8 maja 2000"
DU,2000,37,2000-05-10,parser+ocr300,2000-05-10,text:warszawa,2000-05-10,,DU/2000/417,1,1," POLSKIEJ Warszawa, dnia 10 maja 2000"
DU,2000,38,,bez odczytu (do obrazu),,none,,,DU/2000/418,21,21,
DU,2000,39,,bez odczytu (do obrazu),,none,,,DU/2000/439,24,19,
DU,2000,40,2000-05-19,parser+ocr300,2000-05-19,text:warszawa,2000-05-19,,DU/2000/463,14,14," POLSKIEJ Warszawa, dnia 19 maja 2000"
DU,2000,41,2000-05-20,obraz+parser,2000-05-20,text:warszawa,2000-05-20,2000-05-20,DU/2000/477,3,3,"J Nr 41 Warszawa, dnia 20 maja 2000"
DU,2000,42,2000-05-23,parser+ocr300,2000-05-23,ocr:warszawa,2000-05-23,,DU/2000/480,2,2,"POLSKIEJ Warszawa, dnia 23 maja 2000"
DU,2000,44,,bez odczytu (do obrazu),,none,,,DU/2000/500,21,21,
DU,2000,45,2000-06-02,parser+ocr300,2000-06-02,text:warszawa,2000-06-02,,DU/2000/521,11,11," POLSKIEJ Warszawa, dnia 2 czerwca 2000"
DU,2000,46,2000-06-07,parser+ocr300,2000-06-07,text:warszawa,2000-06-07,,DU/2000/532,12,12," POLSKIEJ Warszawa, dnia 7 czerwca 2000"
DU,2000,47,2000-06-12,parser+ocr300,2000-06-12,text:warszawa,2000-06-12,,DU/2000/544,1,1," POLSKIEJ Warszawa, dnia 12 czerwca 2000"
DU,2000,51,,bez odczytu (do obrazu),,none,,,DU/2000/602,19,19,
DU,2000,52,2000-07-04,parser+ocr300,2000-07-04,ocr:warszawa,2000-07-04,,DU/2000/621,12,12,"POLSKIEJ Warszawa, dnia 4 lipca 2000"
DU,2000,53,,bez odczytu (do obrazu),,none,,,DU/2000/633,18,12,
DU,2000,54,2000-07-13,parser+ocr300,2000-07-13,text:warszawa,2000-07-13,,DU/2000/651,4,4," POLSKIEJ Warszawa, dnia 13 lipca 2000"
DU,2000,55,2000-07-17,parser+ocr300,2000-07-17,text:warszawa,2000-07-17,,DU/2000/655,12,12," POLSKIEJ Warszawa, dnia 17 lipca 2000"
DU,2000,56,,bez odczytu (do obrazu),,none,,,DU/2000/667,13,13,
DU,2000,57,2000-07-20,parser+ocr300,2000-07-20,ocr:warszawa,2000-07-20,,DU/2000/680,3,3,"POLSKIEJ Warszawa, dnia 20 lipca 2000"
DU,2000,58,2000-07-24,parser+ocr300,2000-07-24,text:warszawa,2000-07-24,,DU/2000/683,4,4," POLSKIEJ Warszawa, dnia 24 lipca 2000"
DU,2000,59,2000-07-26,parser+ocr300,2000-07-26,text:warszawa,2000-07-26,,DU/2000/687,6,6," POLSKIEJ Warszawa, dnia 26 lipca 2000"
DU,2000,61,2000-07-28,parser+ocr300,2000-07-28,text:warszawa,2000-07-28,,DU/2000/705,12,12," POLSKIEJ Warszawa, dnia 28 lipca 2000"
DU,2000,62,,bez odczytu (do obrazu),,none,,,DU/2000/717,18,17,
DU,2000,63,2000-08-03,parser+ocr300,2000-08-03,text:warszawa,2000-08-03,,DU/2000/735,1,1," POLSKIEJ Warszawa, dnia 3 sierpnia 2000"
DU,2000,64,,bez odczytu (do obrazu),,none,,,DU/2000/736,21,21,
DU,2000,65,,bez odczytu (do obrazu),,none,,,DU/2000/757,30,30,
DU,2000,66,,bez odczytu (do obrazu),,none,,,DU/2000/787,16,15,
DU,2000,67,2000-08-14,parser+ocr300,2000-08-14,text:warszawa,2000-08-14,,DU/2000/803,2,2," POLSKIEJ Warszawa, dnia 14 sierpnia 2000"
DU,2000,68,2000-08-17,obraz+parser,2000-08-17,text:warszawa,2000-08-17,2000-08-17,DU/2000/805,6,6," POLSKIEJ Warszawa, dnia 17 sierpnia 2000"
DU,2000,69,2000-08-22,parser+ocr300,2000-08-22,text:warszawa,2000-08-22,,DU/2000/811,5,5," POLSKIEJ Warszawa, dnia 22 sierpnia 2000"
DU,2000,70,2000-08-24,parser+ocr300,2000-08-24,text:warszawa,2000-08-24,,DU/2000/816,15,10," POLSKIEJ Warszawa, dnia 24 sierpnia 2000"
DU,2000,71,2000-08-29,parser+ocr300,2000-08-29,text:warszawa,2000-08-29,,DU/2000/831,8,8," POLSKIEJ Warszawa, dnia 29 sierpnia 2000"
DU,2000,72,,bez odczytu (do obrazu),,none,,,DU/2000/839,13,13,
DU,2000,73,2000-09-06,parser+ocr300,2000-09-06,text:warszawa,2000-09-06,,DU/2000/852,3,3,"J Nr 73 Warszawa, dnia 6 wrzeÊnia 2000"
DU,2000,74,2000-09-08,obraz+parser,2000-09-08,text:warszawa,2000-09-08,2000-09-08,DU/2000/855,10,7,"J Nr 74 Warszawa, dnia 8 wrzeÊnia 2000"
DU,2000,75,2000-09-15,parser+ocr300,2000-09-15,ocr:warszawa,2000-09-15,,DU/2000/865,2,2,"POLSKIEJ Warszawa, dnia 15 września 2000"
DU,2000,76,2000-09-18,parser+ocr300,2000-09-18,text:warszawa,2000-09-18,,DU/2000/867,8,7," POLSKIEJ Warszawa, dnia 18 wrzeÊnia 2000"
DU,2000,77,2000-09-20,parser+ocr300,2000-09-20,ocr:warszawa,2000-09-20,,DU/2000/875,12,12,"POLSKIEJ Warszawa, dnia 20 września 2000"
DU,2000,78,2000-09-21,parser+ocr300,2000-09-21,text:warszawa,2000-09-21,,DU/2000/887,1,1," POLSKIEJ Warszawa, dnia 21 wrzeÊnia 2000"
DU,2000,79,,bez odczytu (do obrazu),,none,,,DU/2000/888,11,11,
DU,2000,80,2000-09-26,parser+ocr300,2000-09-26,text:warszawa,2000-09-26,,DU/2000/899,6,6," POLSKIEJ Warszawa, dnia 26 wrzeÊnia 2000"
DU,2000,81,,bez odczytu (do obrazu),,none,,,DU/2000/905,17,17,
DU,2000,82,,bez odczytu (do obrazu),,none,,,DU/2000/922,16,16,
DU,2000,83,2000-10-06,parser+ocr300,2000-10-06,text:warszawa,2000-10-06,,DU/2000/938,10,10," POLSKIEJ Warszawa, dnia 6 paêdziernika 2000"
DU,2000,84,2000-10-12,parser+ocr300,2000-10-12,text:warszawa,2000-10-12,,DU/2000/948,4,3," POLSKIEJ Warszawa, dnia 12 paêdziernika 2000"
DU,2000,85,2000-10-13,parser+ocr300,2000-10-13,text:warszawa,2000-10-13,,DU/2000/952,6,6," POLSKIEJ Warszawa, dnia 13 paêdziernika 2000"
DU,2000,86,2000-10-17,parser+ocr300,2000-10-17,ocr:warszawa,2000-10-17,,DU/2000/958,10,7," POLSKIEJ Warszawa, dnia 17 października 2000"
DU,2000,87,,bez odczytu (do obrazu),,none,,,DU/2000/968,15,15,
DU,2000,88,2000-10-20,parser+ocr300,2000-10-20,ocr:warszawa,2000-10-20,,DU/2000/983,8,4,"POLSKIEJ Warszawa, dnia 20 października 2000"
DU,2000,89,2000-10-24,parser+ocr300,2000-10-24,text:warszawa,2000-10-24,,DU/2000/991,2,2," POLSKIEJ Warszawa, dnia 24 paêdziernika 2000"
DU,2000,90,2000-10-26,parser+ocr300,2000-10-26,text:warszawa,2000-10-26,,DU/2000/993,15,15," POLSKIEJ Warszawa, dnia 26 paêdziernika 2000"
DU,2000,91,2000-10-28,parser+ocr300,2000-10-28,text:warszawa,2000-10-28,,DU/2000/1008,7,4," POLSKIEJ Warszawa, dnia 28 paêdziernika 2000"
DU,2000,92,,bez odczytu (do obrazu),,none,,,DU/2000/1015,11,11,
DU,2000,93,2000-11-03,parser+ocr300,2000-11-03,ocr:warszawa,2000-11-03,,DU/2000/1026,11,8,"POLSKIEJ Warszawa, dnia 3 listopada 2000"
DU,2000,94,2000-11-08,parser+ocr300,2000-11-08,text:warszawa,2000-11-08,,DU/2000/1037,3,2,"J Nr 94 Warszawa, dnia 8 listopada 2000"
DU,2000,95,2000-11-09,parser+ocr300,2000-11-09,text:warszawa,2000-11-09,,DU/2000/1040,12,10," POLSKIEJ Warszawa, dnia 9 listopada 2000"
DU,2000,96,2000-11-10,parser+ocr300,2000-11-10,text:warszawa,2000-11-10,,DU/2000/1052,5,5," POLSKIEJ Warszawa, dnia 10 listopada 2000"
DU,2000,97,2000-11-14,parser+ocr300,2000-11-14,text:warszawa,2000-11-14,,DU/2000/1057,5,5," POLSKIEJ Warszawa, dnia 14 listopada 2000"
DU,2000,98,,bez odczytu (do obrazu),,none,,,DU/2000/1062,10,9,
DU,2000,99,2000-11-18,parser+ocr300,2000-11-18,text:warszawa,2000-11-18,,DU/2000/1072,2,1,"J Nr 99 Warszawa, dnia 18 listopada 2000"
DU,2000,100,,bez odczytu (do obrazu),,none,,,DU/2000/1074,14,14,
DU,2000,101,2000-11-23,parser+ocr300,2000-11-23,text:warszawa,2000-11-23,,DU/2000/1088,5,5," POLSKIEJ Warszawa, dnia 23 listopada 2000"
DU,2000,102,2000-11-24,parser+ocr300,2000-11-24,text:warszawa,2000-11-24,,DU/2000/1093,4,4," POLSKIEJ Warszawa, dnia 24 listopada 2000"
DU,2000,103,2000-11-27,parser+ocr300,2000-11-27,text:warszawa,2000-11-27,,DU/2000/1097,6,2," POLSKIEJ Warszawa, dnia 27 listopada 2000"
DU,2000,105,,bez odczytu (do obrazu),,none,,,DU/2000/1107,11,10,
DU,2000,106,,bez odczytu (do obrazu),,none,,,DU/2000/1118,9,8,
DU,2000,107,,bez odczytu (do obrazu),,none,,,DU/2000/1127,21,20,
DU,2000,108,2000-12-12,parser+ocr300,2000-12-12,text:warszawa,2000-12-12,,DU/2000/1148,8,8," POLSKIEJ Warszawa, dnia 12 grudnia 2000"
DU,2000,109,2000-12-13,parser+ocr300,2000-12-13,text:warszawa,2000-12-13,,DU/2000/1156,10,7," POLSKIEJ Warszawa, dnia 13 grudnia 2000"
DU,2000,110,2000-12-14,parser+ocr300,2000-12-14,text:warszawa,2000-12-14,,DU/2000/1166,13,13," Nr 110 Warszawa, dnia 14 grudnia 2000"
DU,2000,111,2000-12-15,parser+ocr300,2000-12-15,text:warszawa,2000-12-15,,DU/2000/1179,3,3," POLSKIEJ Warszawa, dnia 15 grudnia 2000"
DU,2000,112,2000-12-16,parser+ocr300,2000-12-16,text:warszawa,2000-12-16,,DU/2000/1182,4,4," POLSKIEJ Warszawa, dnia 16 grudnia 2000"
DU,2000,113,2000-12-18,parser+ocr300,2000-12-18,text:warszawa,2000-12-18,,DU/2000/1186,2,1," POLSKIEJ Warszawa, dnia 18 grudnia 2000"
DU,2000,114,2000-12-20,parser+ocr300,2000-12-20,text:warszawa,2000-12-20,,DU/2000/1188,9,2," POLSKIEJ Warszawa, dnia 20 grudnia 2000"
DU,2000,115,,bez odczytu (do obrazu),,none,,,DU/2000/1197,19,19,
DU,2000,116,,bez odczytu (do obrazu),,none,,,DU/2000/1216,12,11,
DU,2000,117,,bez odczytu (do obrazu),,none,,,DU/2000/1228,19,18,
DU,2000,118,2000-12-27,parser+ocr300,2000-12-27,text:warszawa,2000-12-27,,DU/2000/1247,2,2," POLSKIEJ Warszawa, dnia 27 grudnia 2000"
DU,2000,119,,bez odczytu (do obrazu),,none,,,DU/2000/1249,19,15,
DU,2000,120,,bez odczytu (do obrazu),,none,,,DU/2000/1268,24,23,
DU,2000,121,,bez odczytu (do obrazu),,none,,,DU/2000/1292,18,18,
DU,2000,122,,bez odczytu (do obrazu),,none,,,DU/2000/1310,37,22,
DU,2001,38,2001-05-02,parser+ocr300,2001-05-02,text:warszawa,2001-05-02,,DU/2001/452,7,1,"J Nr 38 Warszawa, dnia 2 maja 2001"
DU,2003,159,,bez odczytu (do obrazu),,none,,,DU/2003/1537,12,1,
DU,2005,264,2005-12-30,parser+ocr300,2005-12-30,text:warszawa,2005-12-30,,DU/2005/2204,7,1," POLSKIEJ Warszawa, dnia 30 grudnia 2005"
MP,1936,161,1936-07-14,obraz+parser,1936-07-14,text:mp_weekday,1936-07-14,1936-07-14,MP/1936/291,4,2,"Opłata Warszawa, Wtorek Nr. 161. pocztowa uiszczona ryczalle. . Rok XIX. 14 lipca 1936 roku"
MP,1936,162,1936-07-15,obraz+parser,1936-07-15,ocr:mp_weekday,1936-07-15,1936-07-15,MP/1936/295,3,2,"Nr. 162, Warszawa, Środa 15 lipca 1936 roku"
MP,1936,241,1936-10-16,parser+ocr300,1936-10-16,ocr:mp_weekday,1936-10-16,,MP/1936/421,5,5,"Nr 241, Warszawa, Piątek 16 pażdziernika 1936 roku"
MP,1936,242,1936-10-17,parser+ocr300,1936-10-17,ocr50:mp_weekday,1936-10-17,,MP/1936/426,5,2,"Nr 242, Warszawa, Sobota 17 października 1936 roku"
MP,1936,243,,bez odczytu (do obrazu),,none,,,MP/1936/431,3,2,
MP,1936,246,1936-10-22,parser+ocr300,1936-10-22,text:mp_weekday,1936-10-22,,MP/1936/437,4,4," Nr 246. Warszawa, Czwartek 22 października 1936 roku"
MP,1936,247,1936-10-23,obraz+ocr300,,none,1936-10-23,1936-10-23,MP/1936/441,3,3,
MP,1936,248,1936-10-24,parser+ocr300,1936-10-24,ocr:mp_weekday,1936-10-24,,MP/1936/444,2,1,"__Nr 248. Warszawa, Sobota 24 października 1936 roku"
MP,1936,249,1936-10-26,parser+ocr300,1936-10-26,text:mp_weekday,1936-10-26,,MP/1936/446,2,2,zalle•• \Varszawa. Poniedziałek Nt' 249. 26 października 1936 roku
MP,1936,250,1936-10-27,parser+ocr300,1936-10-27,ocr:mp_weekday,1936-10-27,,MP/1936/448,1,1,"Nr 250. Warszawa, Wtorek Opłata pocztowa uiszczona ryczałtem. 27 października 1936 roku"
MP,1937,45,1937-02-25,parser+ocr300,1937-02-25,text:mp_weekday,1937-02-25,,MP/1937/63,1,1," Nr 45. Warszawa, Czwartek 25 lutego 1937 roku"
MP,1937,128,1937-06-08,parser+ocr300,1937-06-08,ocr:mp_weekday,1937-06-08,,MP/1937/203,2,1," Nr 128. Warszawa, Wtorek 8 czerwca 1937 roku"
MP,1937,144,1937-06-26,parser+ocr300,1937-06-26,ocr50:mp_weekday,1937-06-26,,MP/1937/239,3,1,"Nr 144, Warszawa, Sobota $ 26 czerwca 1937 roku"
MP,1937,149,1937-07-03,parser+ocr300,1937-07-03,text:mp_weekday,1937-07-03,,MP/1937/249,1,1,"czałtem. Warszawa, Sobota Nr 149, Rok Xx. 3 lipca 1937 roku"
MP,1938,33,1938-02-11,obraz+parser,1938-02-11,text:mp_weekday,1938-02-11,1938-02-11,MP/1938/29,3,1,"czałtem. Warszawa, Piątek Nr 33. XXI. 11 lutego 1938 roku"
MP,1938,82,1938-04-09,parser+ocr300,1938-04-09,text:mp_weekday,1938-04-09,,MP/1938/118,4,2, Ni- 82. Warszawa. Sobota uiszczona ryczałtem. 9 kwietnia 1938 roku
MP,1938,83,1938-04-11,parser+ocr300,1938-04-11,text:mp_weekday,1938-04-11,,MP/1938/122,3,2,"czałtem. Warszawa, Poniedziałek Nr 83. 11 kwietnia 1938 roku"
MP,1938,88,1938-04-16,parser+ocr300,1938-04-16,text:mp_weekday,1938-04-16,,MP/1938/130,1,1,"czałtem. Warszawa, Sobota Nr 88. 16 kwietnia 1938 roku"
MP,1938,90,1938-04-20,parser+ocr300,1938-04-20,ocr:mp_weekday,1938-04-20,,MP/1938/132,1,1,"Nr 90. Warszawa, Środa __MoONITO 20 kwietnia 1938 roku"
MP,1938,97,1938-04-28,parser+ocr300,1938-04-28,ocr50:mp_weekday,1938-04-28,,MP/1938/148,3,1,"Nr 97. Warszawa, Czwartek 28 kwietnia 1938 roku"
MP,1938,128,1938-06-07,parser+ocr300,1938-06-07,text:mp_weekday,1938-06-07,,MP/1938/217,3,1,"Opłata Warszawa, Wtorek Nr 128. p""zto)'a uiszczona,yczaltem. 7 czerwca 1938 roku"
MP,1938,134,1938-06-14,parser+ocr300,1938-06-14,text:mp_weekday,1938-06-14,,MP/1938/233,2,1,"yczałtem. Warszawa, Wtorek Nr 13'4. 14 czerwca 1938 roku"
MP,1938,150,1938-07-05,obraz+ocr300,,none,1938-07-05,1938-07-05,MP/1938/271,1,1,
MP,1946,1,,bez odczytu (do obrazu),,none,,,MP/1946/1,1,1,
MP,1946,2,,bez odczytu (do obrazu),,none,,,MP/1946/2,1,1,
MP,1946,3,,bez odczytu (do obrazu),,none,,,MP/1946/3,2,2,
MP,1946,4,1946-01-10,obraz×2,,none,,1946-01-10 1946-01-10,MP/1946/5,2,2,
MP,1946,5,,bez odczytu (do obrazu),,none,,,MP/1946/7,1,1,
MP,1946,6,,bez odczytu (do obrazu),,none,,,MP/1946/8,2,2,
MP,1946,7,,bez odczytu (do obrazu),,none,,,MP/1946/10,2,2,
MP,1946,8,,bez odczytu (do obrazu),,none,,,MP/1946/12,2,2,
MP,1946,9,1946-01-27,obraz×2,,none,,1946-01-27 1946-01-27,MP/1946/14,3,3,
MP,1946,10,,bez odczytu (do obrazu),,none,,,MP/1946/17,1,1,
MP,1946,11,,bez odczytu (do obrazu),,none,,,MP/1946/18,1,1,
MP,1946,12,,bez odczytu (do obrazu),,none,,,MP/1946/19,2,2,
MP,1946,13,,bez odczytu (do obrazu),,none,,,MP/1946/21,1,1,
MP,1946,14,1946-02-12,obraz×2,,none,,1946-02-12 1946-02-12,MP/1946/22,2,2,
MP,1946,15,1946-02-14,obraz×2,,none,,1946-02-14 1946-02-14,MP/1946/24,2,2,
MP,1946,16,,bez odczytu (do obrazu),,none,,,MP/1946/26,4,4,
MP,1946,17,,bez odczytu (do obrazu),,none,,,MP/1946/30,1,1,
MP,1946,18,,bez odczytu (do obrazu),,none,,,MP/1946/31,1,1,
MP,1946,19,,bez odczytu (do obrazu),,none,,,MP/1946/32,1,1,
MP,1946,20,,bez odczytu (do obrazu),,none,,,MP/1946/33,1,1,
MP,1946,21,,bez odczytu (do obrazu),,none,,,MP/1946/34,3,3,
MP,1946,22,,bez odczytu (do obrazu),,none,,,MP/1946/37,1,1,
MP,1946,23,,bez odczytu (do obrazu),,none,,,MP/1946/38,1,1,
MP,1946,24,,bez odczytu (do obrazu),,none,,,MP/1946/39,2,2,
MP,1946,25,,bez odczytu (do obrazu),,none,,,MP/1946/41,2,2,
MP,1946,26,,bez odczytu (do obrazu),,none,,,MP/1946/43,1,1,
MP,1946,27,,bez odczytu (do obrazu),,none,,,MP/1946/44,2,2,
MP,1946,28,,bez odczytu (do obrazu),,none,,,MP/1946/0280045,9,9,
MP,1946,29,1946-03-27,obraz×2,,none,,1946-03-27 1946-03-27,MP/1946/54,4,4,
MP,1946,30,,bez odczytu (do obrazu),,none,,,MP/1946/58,1,1,
MP,1946,31,,bez odczytu (do obrazu),,none,,,MP/1946/59,1,1,
MP,1946,32,1946-04-08,obraz×2,,none,,1946-04-08 1946-04-08,MP/1946/60,5,5,
MP,1946,33,,bez odczytu (do obrazu),,none,,,MP/1946/65,2,2,
MP,1946,34,,bez odczytu (do obrazu),,none,,,MP/1946/67,2,2,
MP,1946,35,1946-04-17,obraz×2,,none,,1946-04-17 1946-04-17,MP/1946/69,2,2,
MP,1946,36,,bez odczytu (do obrazu),,none,,,MP/1946/71,1,1,
MP,1946,37,1946-04-26,obraz×2,,none,,1946-04-26 1946-04-26,MP/1946/72,1,1,
MP,1946,38,,bez odczytu (do obrazu),,none,,,MP/1946/73,1,1,
MP,1946,39,,bez odczytu (do obrazu),,none,,,MP/1946/74,4,4,
MP,1946,40,,bez odczytu (do obrazu),,none,,,MP/1946/78,1,1,
MP,1946,41,,bez odczytu (do obrazu),,none,,,MP/1946/79,1,1,
MP,1946,42,,bez odczytu (do obrazu),,none,,,MP/1946/80,3,3,
MP,1946,43,,bez odczytu (do obrazu),,none,,,MP/1946/83,2,2,
MP,1946,44,,bez odczytu (do obrazu),,none,,,MP/1946/85,1,1,
MP,1946,45,,bez odczytu (do obrazu),,none,,,MP/1946/86,2,2,
MP,1946,46,,bez odczytu (do obrazu),,none,,,MP/1946/88,1,1,
MP,1946,47,,bez odczytu (do obrazu),,none,,,MP/1946/89,2,2,
MP,1946,48,,bez odczytu (do obrazu),,none,,,MP/1946/0480090,3,3,
MP,1946,49,,bez odczytu (do obrazu),,none,,,MP/1946/0490095,3,3,
MP,1946,50,,bez odczytu (do obrazu),,none,,,MP/1946/0500098,1,1,
MP,1946,51,,bez odczytu (do obrazu),,none,,,MP/1946/0510090,1,1,
MP,1946,52,,bez odczytu (do obrazu),,none,,,MP/1946/0520091,4,4,
MP,1946,53,,bez odczytu (do obrazu),,none,,,MP/1946/0530095,1,1,
MP,1946,54,,bez odczytu (do obrazu),,none,,,MP/1946/0540096,1,1,
MP,1946,55,,bez odczytu (do obrazu),,none,,,MP/1946/0550097,1,1,
MP,1946,56,,bez odczytu (do obrazu),,none,,,MP/1946/0560098,4,4,
MP,1946,57,1946-07-01,obraz×2,,none,,1946-07-01 1946-07-01,MP/1946/102,2,2,
MP,1946,58,,bez odczytu (do obrazu),,none,,,MP/1946/104,5,5,
MP,1946,59,,bez odczytu (do obrazu),,none,,,MP/1946/109,3,3,
MP,1946,60,1946-07-07,obraz×2,,none,,1946-07-07 1946-07-07,MP/1946/112,3,3,
MP,1946,61,1946-07-12,obraz×2,,none,,1946-07-12 1946-07-12,MP/1946/115,1,1,
MP,1946,62,1946-07-15,obraz×2,,none,,1946-07-15 1946-07-15,MP/1946/116,4,4,
MP,1946,63,1946-07-16,obraz×2,,none,,1946-07-16 1946-07-16,MP/1946/120,1,1,
MP,1946,64,1946-07-18,obraz×2,,none,,1946-07-18 1946-07-18,MP/1946/121,3,3,
MP,1946,65,1946-07-20,obraz×2,,none,,1946-07-20 1946-07-20,MP/1946/124,2,2,
MP,1946,66,1946-07-23,obraz×2,,none,,1946-07-23 1946-07-23,MP/1946/126,3,3,
MP,1946,67,1946-07-25,obraz×2,,none,,1946-07-25 1946-07-25,MP/1946/129,2,2,
MP,1946,68,1946-07-27,obraz×2,,none,,1946-07-27 1946-07-27,MP/1946/131,1,1,
MP,1946,69,1946-08-01,obraz×2,,none,,1946-08-01 1946-08-01,MP/1946/132,1,1,
MP,1946,70,1946-08-02,obraz×2,,none,,1946-08-02 1946-08-02,MP/1946/133,2,2,
MP,1946,71,,bez odczytu (do obrazu),,none,,,MP/1946/135,1,1,
MP,1946,72,1946-08-06,obraz×2,,none,,1946-08-06 1946-08-06,MP/1946/136,1,1,
MP,1946,73,1946-08-08,obraz×2,,none,,1946-08-08 1946-08-08,MP/1946/137,1,1,
MP,1946,74,1946-08-10,obraz×2,,none,,1946-08-10 1946-08-10,MP/1946/138,1,1,
MP,1946,75,1946-08-12,obraz×2,,none,,1946-08-12 1946-08-12,MP/1946/139,2,2,
MP,1946,76,1946-08-14,obraz×2,,none,,1946-08-14 1946-08-14,MP/1946/141,1,1,
MP,1946,77,1946-08-17,obraz×2,,none,,1946-08-17 1946-08-17,MP/1946/142,2,2,
MP,1946,78,1946-08-20,obraz×2,,none,,1946-08-20 1946-08-20,MP/1946/144,2,2,
MP,1946,79,1946-08-24,obraz×2,,none,,1946-08-24 1946-08-24,MP/1946/146,2,2,
MP,1946,80,,bez odczytu (do obrazu),,none,,,MP/1946/148,1,1,
MP,1946,81,1946-08-30,obraz×2,,none,,1946-08-30 1946-08-30,MP/1946/149,3,3,
MP,1946,82,1946-09-02,obraz×2,,none,,1946-09-02 1946-09-02,MP/1946/152,2,2,
MP,1946,83,1946-09-03,obraz×2,,none,,1946-09-03 1946-09-03,MP/1946/154,2,2,
MP,1946,84,1946-09-04,obraz×2,,none,,1946-09-04 1946-09-04,MP/1946/156,2,2,
MP,1946,85,1946-09-06,obraz×2,,none,,1946-09-06 1946-09-06,MP/1946/158,2,2,
MP,1946,86,1946-09-08,obraz×2,,none,,1946-09-08 1946-09-08,MP/1946/160,2,2,
MP,1946,87,1946-09-10,obraz×2,,none,,1946-09-10 1946-09-10,MP/1946/162,2,2,
MP,1946,88,1946-09-11,obraz×2,,none,,1946-09-11 1946-09-11,MP/1946/164,2,2,
MP,1946,89,1946-09-13,obraz×2,,none,,1946-09-13 1946-09-13,MP/1946/166,3,3,
MP,1946,90,1946-09-16,obraz×2,,none,,1946-09-16 1946-09-16,MP/1946/169,2,2,
MP,1946,91,,bez odczytu (do obrazu),,none,,,MP/1946/0910170,2,2,
MP,1946,92,1946-09-20,obraz×2,,none,,1946-09-20 1946-09-20,MP/1946/172,2,2,
MP,1946,93,1946-09-22,obraz×2,,none,,1946-09-22 1946-09-22,MP/1946/174,2,2,
MP,1946,94,1946-09-23,obraz×2,,none,,1946-09-23 1946-09-23,MP/1946/176,1,1,
MP,1946,95,,bez odczytu (do obrazu),,none,,,MP/1946/177,2,2,
MP,1946,96,1946-09-27,obraz×2,,none,,1946-09-27 1946-09-27,MP/1946/179,1,1,
MP,1946,97,,bez odczytu (do obrazu),,none,,,MP/1946/180,2,2,
MP,1946,98,1946-09-30,obraz+parser,1946-09-30,text:du_rok,,1946-09-30,MP/1946/182,1,1,".- Łódź, 30 września Nr 98 Rok 1946"
MP,1946,99,1946-10-01,obraz×2,,none,,1946-10-01 1946-10-01,MP/1946/183,2,2,
MP,1946,100,,bez odczytu (do obrazu),,none,,,MP/1946/185,1,1,
MP,1946,101,1946-10-04,obraz×2,,none,,1946-10-04 1946-10-04,MP/1946/186,2,2,
MP,1946,102,1946-10-05,obraz×2,,none,,1946-10-05 1946-10-05,MP/1946/188,2,2,
MP,1946,103,1946-10-08,obraz×2,,none,,1946-10-08 1946-10-08,MP/1946/190,3,3,
MP,1946,104,1946-10-10,obraz×2,,none,,1946-10-10 1946-10-10,MP/1946/193,1,1,
MP,1946,105,1946-10-12,obraz×2,,none,,1946-10-12 1946-10-12,MP/1946/194,1,1,
MP,1946,106,1946-10-14,obraz×2,,none,,1946-10-14 1946-10-14,MP/1946/195,4,4,
MP,1946,107,1946-10-16,obraz×2,,none,,1946-10-16 1946-10-16,MP/1946/199,2,2,
MP,1946,108,1946-10-18,obraz×2,,none,,1946-10-18 1946-10-18,MP/1946/201,2,2,
MP,1946,109,1946-10-21,obraz×2,,none,,1946-10-21 1946-10-21,MP/1946/203,2,2,
MP,1946,110,1946-10-23,obraz×2,,none,,1946-10-23 1946-10-23,MP/1946/205,1,1,
MP,1946,111,1946-10-24,obraz×2,,none,,1946-10-24 1946-10-24,MP/1946/206,1,1,
MP,1946,112,1946-10-25,obraz×2,,none,,1946-10-25 1946-10-25,MP/1946/207,1,1,
MP,1946,113,1946-10-26,obraz×2,,none,,1946-10-26 1946-10-26,MP/1946/208,2,2,
MP,1946,114,1946-10-27,obraz×2,,none,,1946-10-27 1946-10-27,MP/1946/210,3,3,
MP,1946,115,1946-10-28,obraz×2,,none,,1946-10-28 1946-10-28,MP/1946/213,2,2,
MP,1946,116,1946-10-30,obraz×2,,none,,1946-10-30 1946-10-30,MP/1946/215,2,2,
MP,1946,117,1946-10-31,obraz×2,,none,,1946-10-31 1946-10-31,MP/1946/217,1,1,
MP,1946,118,1946-11-02,obraz×2,,none,,1946-11-02 1946-11-02,MP/1946/218,1,1,
MP,1946,119,,bez odczytu (do obrazu),,none,,,MP/1946/219,1,1,
MP,1946,120,1946-11-06,obraz×2,,none,,1946-11-06 1946-11-06,MP/1946/220,2,2,
MP,1946,121,,bez odczytu (do obrazu),,none,,,MP/1946/222,1,1,
MP,1946,122,1946-11-09,obraz×2,,none,,1946-11-09 1946-11-09,MP/1946/223,3,3,
MP,1946,123,1946-11-11,obraz×2,,none,,1946-11-11 1946-11-11,MP/1946/226,1,1,
MP,1946,124,1946-11-13,obraz×2,,none,,1946-11-13 1946-11-13,MP/1946/227,3,3,
MP,1946,125,1946-11-15,obraz×2,,none,,1946-11-15 1946-11-15,MP/1946/230,3,3,
MP,1946,126,,bez odczytu (do obrazu),,none,,,MP/1946/233,2,2,
MP,1946,127,1946-11-18,obraz×2,,none,,1946-11-18 1946-11-18,MP/1946/235,1,1,
MP,1946,128,1946-11-20,obraz×2,,none,,1946-11-20 1946-11-20,MP/1946/236,1,1,
MP,1946,129,1946-11-22,obraz×2,,none,,1946-11-22 1946-11-22,MP/1946/237,2,2,
MP,1946,130,1946-11-23,obraz×2,,none,,1946-11-23 1946-11-23,MP/1946/239,2,2,
MP,1946,131,1946-11-25,obraz×2,,none,,1946-11-25 1946-11-25,MP/1946/241,3,3,
MP,1946,132,1946-11-26,obraz×2,,none,,1946-11-26 1946-11-26,MP/1946/244,2,2,
MP,1946,133,1946-11-28,obraz×2,,none,,1946-11-28 1946-11-28,MP/1946/246,1,1,
MP,1946,134,,bez odczytu (do obrazu),,none,,,MP/1946/247,3,3,
MP,1946,135,1946-12-02,obraz×2,,none,,1946-12-02 1946-12-02,MP/1946/250,2,2,
MP,1946,136,1946-12-04,obraz×2,,none,,1946-12-04 1946-12-04,MP/1946/252,2,2,
MP,1946,137,1946-12-06,obraz×2,,none,,1946-12-06 1946-12-06,MP/1946/254,1,1,
MP,1946,138,1946-12-08,obraz×2,,none,,1946-12-08 1946-12-08,MP/1946/255,3,3,
MP,1946,139,1946-12-11,obraz×2,,none,,1946-12-11 1946-12-11,MP/1946/258,2,2,
MP,1946,140,1946-12-13,obraz×2,,none,,1946-12-13 1946-12-13,MP/1946/260,1,1,
MP,1946,141,,bez odczytu (do obrazu),,none,,,MP/1946/261,1,1,
MP,1946,142,1946-12-16,obraz×2,,none,,1946-12-16 1946-12-16,MP/1946/262,1,1,
MP,1946,143,,bez odczytu (do obrazu),,none,,numer/przedruk inny,MP/1946/263,1,1,
MP,1946,144,,jeden odczyt (do obrazu),1946-12-20,text:du_rok,,numer/przedruk inny,MP/1946/264,9,9, Nr. 143 20 grudnia Rok 1946
MP,1946,145,1946-12-27,obraz×2,,none,,1946-12-27 1946-12-27,MP/1946/273,17,17,
MP,1946,146,1946-12-28,obraz×2,,none,,1946-12-28 1946-12-28,MP/1946/290,4,4,
MP,1946,147,,bez odczytu (do obrazu),,none,,,MP/1946/294,3,3,
MP,1946,148,,bez odczytu (do obrazu),,none,,,MP/1946/297,5,5,
MP,1947,1,,bez odczytu (do obrazu),,none,,,MP/1947/1,1,1,
MP,1947,2,1947-01-04,obraz×2,,none,,1947-01-04 1947-01-04,MP/1947/2,3,3,
MP,1947,3,,bez odczytu (do obrazu),,none,,,MP/1947/5,2,2,
MP,1947,4,1947-01-10,obraz×2,,none,,1947-01-10 1947-01-10,MP/1947/7,1,1,
MP,1947,5,1947-01-14,obraz×2,,none,,1947-01-14 1947-01-14,MP/1947/8,1,1,
MP,1947,6,1947-01-16,obraz×2,,none,,1947-01-16 1947-01-16,MP/1947/9,1,1,
MP,1947,7,1947-01-18,obraz×2,,none,,1947-01-18 1947-01-18,MP/1947/10,2,2,
MP,1947,8,1947-01-21,obraz×2,,none,,1947-01-21 1947-01-21,MP/1947/12,5,5,
MP,1947,9,1947-01-25,obraz×2,,none,,1947-01-25 1947-01-25,MP/1947/17,2,2,
MP,1947,10,1947-01-28,obraz×2,,none,,1947-01-28 1947-01-28,MP/1947/19,1,1,
MP,1947,11,1947-01-29,obraz×2,,none,,1947-01-29 1947-01-29,MP/1947/20,8,8,
MP,1947,12,1947-01-31,obraz×2,,none,,1947-01-31 1947-01-31,MP/1947/28,3,3,
MP,1947,13,1947-02-01,obraz×2,,none,,1947-02-01 1947-02-01,MP/1947/31,1,1,
MP,1947,14,,bez odczytu (do obrazu),,none,,,MP/1947/32,2,2,
MP,1947,15,,bez odczytu (do obrazu),,none,,,MP/1947/34,1,1,
MP,1947,16,,bez odczytu (do obrazu),,none,,,MP/1947/35,2,2,
MP,1947,17,1947-02-10,obraz×2,,none,,1947-02-10 1947-02-10,MP/1947/37,2,2,
MP,1947,18,1947-02-12,obraz×2,,none,,1947-02-12 1947-02-12,MP/1947/39,2,2,
MP,1947,19,1947-02-14,obraz+ocr300,,none,1947-02-14,1947-02-14,MP/1947/41,2,2,
MP,1947,20,1947-02-15,obraz×2,,none,,1947-02-15 1947-02-15,MP/1947/43,3,3,
MP,1947,21,1947-02-19,obraz×2,,none,,1947-02-19 1947-02-19,MP/1947/46,1,1,
MP,1947,22,1947-02-20,obraz+ocr300,,none,1947-02-20,1947-02-20,MP/1947/47,3,3,
MP,1947,23,1947-02-21,obraz+ocr300,,none,1947-02-21,1947-02-21,MP/1947/50,61,61,
MP,1947,24,1947-02-22,obraz+ocr300,,none,1947-02-22,1947-02-22,MP/1947/111,2,2,
MP,1947,25,1947-02-24,obraz+ocr300,,none,1947-02-24,1947-02-24,MP/1947/113,67,67,
MP,1947,26,1947-02-25,obraz+ocr300,,none,1947-02-25,1947-02-25,MP/1947/180,4,4,
MP,1947,27,1947-02-26,obraz×2 (odczyty maszynowe inne),,none,1947-02-25,1947-02-26 1947-02-26,MP/1947/184,57,57,
MP,1947,28,,bez odczytu (do obrazu),,none,,,MP/1947/241,4,4,
MP,1947,29,1947-02-28,obraz×2,,none,,1947-02-28 1947-02-28,MP/1947/245,37,37,
MP,1947,30,,bez odczytu (do obrazu),,none,,,MP/1947/282,1,1,
MP,1947,31,1947-03-03,obraz×2,,none,,1947-03-03 1947-03-03,MP/1947/283,1,1,
MP,1947,32,1947-03-04,obraz+ocr300,,none,1947-03-04,1947-03-04,MP/1947/284,1,1,
MP,1947,33,1947-03-06,obraz+ocr300,,none,1947-03-06,1947-03-06,MP/1947/285,1,1,
MP,1947,34,1947-03-08,obraz+ocr300,,none,1947-03-08,1947-03-08,MP/1947/286,1,1,
MP,1947,35,1947-03-10,obraz+ocr300,,none,1947-03-10,1947-03-10,MP/1947/287,3,3,
MP,1947,36,1947-03-12,obraz+ocr300,,none,1947-03-12,1947-03-12,MP/1947/290,7,7,
MP,1947,37,1947-03-15,obraz+ocr300,,none,1947-03-15,1947-03-15,MP/1947/297,1,1,
MP,1947,38,1947-03-20,obraz×2,,none,,1947-03-20 1947-03-20,MP/1947/298,1,1,
MP,1947,39,1947-03-24,obraz+ocr300,,none,1947-03-24,1947-03-24,MP/1947/299,6,6,
MP,1947,40,1947-03-25,obraz×2,,none,,1947-03-25 1947-03-25,MP/1947/305,3,3,
MP,1947,41,,bez odczytu (do obrazu),,none,,rok inny,MP/1947/308,4,4,
MP,1947,42,1947-03-29,obraz+ocr300,,none,1947-03-29,1947-03-29,MP/1947/312,3,3,
MP,1947,43,1947-03-30,obraz+ocr300,,none,1947-03-30,1947-03-30,MP/1947/315,3,3,
MP,1947,44,1947-03-31,obraz×2,,none,,1947-03-31 1947-03-31,MP/1947/318,2,2,
MP,1947,45,1947-04-03,obraz+ocr300,,none,1947-04-03,1947-04-03,MP/1947/320,1,1,
MP,1947,46,1947-04-05,obraz+ocr300,,none,1947-04-05,1947-04-05,MP/1947/321,2,2,
MP,1947,47,1947-04-07,obraz×2,,none,,1947-04-07 1947-04-07,MP/1947/323,1,1,
MP,1947,48,1947-04-10,obraz×2,,none,,1947-04-10 1947-04-10,MP/1947/324,1,1,
MP,1947,49,1947-04-14,obraz×2,,none,,1947-04-14 1947-04-14,MP/1947/325,1,1,
MP,1947,50,1947-04-18,obraz×2 (odczyty maszynowe inne),1947-03-15,ocr:warszawa,1947-03-15,1947-04-18 1947-04-18,MP/1947/326,1,1," Drabarek Warszawa, dnia 15 marca 1947"
MP,1947,51,1947-04-19,obraz+ocr300,,none,1947-04-19,1947-04-19,MP/1947/327,35,35,
MP,1947,52,1947-04-24,obraz+ocr300,,none,1947-04-24,1947-04-24,MP/1947/362,34,34,
MP,1947,53,1947-04-28,obraz+ocr300,,none,1947-04-28,1947-04-28,MP/1947/396,1,1,
MP,1947,54,1947-04-30,obraz+ocr300,,none,1947-04-30,1947-04-30,MP/1947/397,2,2,
MP,1947,55,1947-05-02,obraz+ocr300,,none,1947-05-02,1947-05-02,MP/1947/399,1,1,
MP,1947,56,1947-05-03,obraz×2,,none,,1947-05-03 1947-05-03,MP/1947/400,2,2,
MP,1947,57,1947-05-05,obraz+ocr300,,none,1947-05-05,1947-05-05,MP/1947/402,2,2,
MP,1947,58,1947-05-06,obraz+ocr300,,none,1947-05-06,1947-05-06,MP/1947/404,13,13,
MP,1947,59,1947-05-07,obraz+ocr300,,none,1947-05-07,1947-05-07,MP/1947/417,34,34,
MP,1947,60,1947-05-08,obraz+ocr300,,none,1947-05-08,1947-05-08,MP/1947/451,2,2,
MP,1947,61,1947-05-09,obraz+ocr300,,none,1947-05-09,1947-05-09,MP/1947/453,2,2,
MP,1947,62,1947-05-10,obraz+ocr300,,none,1947-05-10,1947-05-10,MP/1947/455,2,2,
MP,1947,63,1947-05-11,obraz+ocr300,,none,1947-05-11,1947-05-11,MP/1947/457,2,2,
MP,1947,64,,bez odczytu (do obrazu),,none,,,MP/1947/459,1,1,
MP,1947,65,,jeden odczyt (do obrazu),,none,1947-05-12,nieczytelny,MP/1947/460,1,1,
MP,1947,66,1947-05-14,obraz+ocr300,,none,1947-05-14,1947-05-14,MP/1947/461,1,1,
MP,1947,67,1947-05-15,obraz×2,,none,,1947-05-15 1947-05-15,MP/1947/462,3,3,
MP,1947,68,1947-05-16,obraz+ocr300,,none,1947-05-16,1947-05-16,MP/1947/465,1,1,
MP,1947,69,1947-05-17,obraz+ocr300,,none,1947-05-17,1947-05-17,MP/1947/466,2,2,
MP,1947,70,1947-05-18,obraz+ocr300,,none,1947-05-18,1947-05-18,MP/1947/468,1,1,
MP,1947,71,1947-05-19,obraz+ocr300,,none,1947-05-19,1947-05-19,MP/1947/469,14,14,
MP,1947,72,1947-05-20,obraz+ocr300,,none,1947-05-20,1947-05-20,MP/1947/483,6,6,
MP,1947,73,,bez odczytu (do obrazu),,none,,,MP/1947/489,1,1,
MP,1947,74,1947-05-22,obraz+ocr300,,none,1947-05-22,1947-05-22,MP/1947/490,2,2,
MP,1947,75,1947-05-23,obraz+ocr300,,none,1947-05-23,1947-05-23,MP/1947/492,2,2,
MP,1947,76,1947-05-24,obraz+ocr300,,none,1947-05-24,1947-05-24,MP/1947/494,1,1,
MP,1947,77,1947-05-27,obraz×2,,none,,1947-05-27 1947-05-27,MP/1947/495,21,21,
MP,1947,78,1947-05-29,obraz+ocr300,,none,1947-05-29,1947-05-29,MP/1947/516,12,12,
MP,1947,79,1947-05-31,obraz+ocr300,,none,1947-05-31,1947-05-31,MP/1947/528,5,5,
MP,1947,80,1947-06-02,obraz+ocr300,,none,1947-06-02,1947-06-02,MP/1947/533,5,5,
MP,1947,81,1947-06-04,obraz+ocr300,,none,1947-06-04,1947-06-04,MP/1947/538,24,24,
MP,1947,82,1947-06-05,obraz×2,,none,,1947-06-05 1947-06-05,MP/1947/562,3,3,
MP,1947,83,,jeden odczyt (do obrazu),,none,1947-06-06,nieczytelny,MP/1947/565,4,4,
MP,1947,84,1947-06-07,obraz×2,,none,,1947-06-07 1947-06-07,MP/1947/569,21,21,
MP,1947,85,,bez odczytu (do obrazu),,none,,,MP/1947/590,3,3,
MP,1947,86,1947-06-14,obraz+ocr300,,none,1947-06-14,1947-06-14,MP/1947/593,3,3,
MP,1947,87,1947-06-18,obraz×2,,none,,1947-06-18 1947-06-18,MP/1947/596,5,5,
MP,1947,88,1947-06-21,obraz×2,,none,,1947-06-21 1947-06-21,MP/1947/601,5,5,
MP,1947,89,1947-06-27,obraz+ocr300,,none,1947-06-27,1947-06-27,MP/1947/606,2,2,
MP,1947,90,1947-06-30,obraz+ocr300,,none,1947-06-30,1947-06-30,MP/1947/608,1,1,
MP,1947,91,1947-07-01,obraz+ocr300,,none,1947-07-01,1947-07-01,MP/1947/609,5,5,
MP,1947,92,1947-07-02,obraz+ocr300,,none,1947-07-02,1947-07-02,MP/1947/614,3,3,
MP,1947,93,1947-07-04,obraz+ocr300,,none,1947-07-04,1947-07-04,MP/1947/617,3,3,
MP,1947,94,1947-07-06,obraz+ocr300,,none,1947-07-06,1947-07-06,MP/1947/620,10,10,
MP,1947,95,1947-07-08,obraz×2,,none,,1947-07-08 1947-07-08,MP/1947/630,12,12,
MP,1947,97,,bez odczytu (do obrazu),,none,,,MP/1947/644,4,4,
MP,1947,98,1947-07-15,obraz+ocr300,,none,1947-07-15,1947-07-15,MP/1947/648,4,4,
MP,1947,99,1947-07-19,obraz+ocr300,,none,1947-07-19,1947-07-19,MP/1947/652,8,8,
MP,1947,100,1947-07-24,obraz+ocr300,,none,1947-07-24,1947-07-24,MP/1947/660,1,1,
MP,1947,101,1947-07-25,obraz+ocr300,,none,1947-07-25,1947-07-25,MP/1947/661,1,1,
MP,1947,102,1947-07-29,obraz×2,,none,,1947-07-29 1947-07-29,MP/1947/662,12,12,
MP,1947,103,1947-07-31,obraz+ocr300,,none,1947-07-31,1947-07-31,MP/1947/674,20,20,
MP,1947,104,1947-08-02,obraz×2,,none,,1947-08-02 1947-08-02,MP/1947/694,2,2,
MP,1947,105,1947-08-05,obraz×2,,none,,1947-08-05 1947-08-05,MP/1947/696,3,3,
MP,1947,106,1947-08-07,obraz+ocr300,,none,1947-08-07,1947-08-07,MP/1947/699,5,5,
MP,1947,107,1947-08-08,obraz×2,,none,,1947-08-08 1947-08-08,MP/1947/704,1,1,
MP,1947,108,1947-08-15,obraz+parser,1947-08-15,text:du_rok,,1947-08-15,MP/1947/705,9,9,"Warszawa, 15 sierpnia .. Rok 1947"
MP,1947,109,1947-08-18,obraz+ocr300,,none,1947-08-18,1947-08-18,MP/1947/714,3,3,
MP,1947,110,1947-08-20,obraz×2,,none,,1947-08-20 1947-08-20,MP/1947/717,2,2,
MP,1947,111,1947-08-22,obraz×2,,none,,1947-08-22 1947-08-22,MP/1947/719,1,1,
MP,1947,112,1947-08-25,obraz+ocr300,,none,1947-08-25,1947-08-25,MP/1947/720,3,3,
MP,1947,113,1947-08-30,obraz×2,,none,,1947-08-30 1947-08-30,MP/1947/723,1,1,
MP,1947,114,1947-09-01,obraz+ocr300,,none,1947-09-01,1947-09-01,MP/1947/724,10,10,
MP,1947,115,1947-09-05,obraz+ocr300,,none,1947-09-05,1947-09-05,MP/1947/734,3,3,
MP,1947,116,1947-09-10,obraz×2,,none,,1947-09-10 1947-09-10,MP/1947/737,3,3,
MP,1947,117,1947-09-15,obraz+ocr300,,none,1947-09-15,1947-09-15,MP/1947/740,3,3,
MP,1947,118,1947-09-20,obraz+ocr300,,none,1947-09-20,1947-09-20,MP/1947/743,16,16,
MP,1947,119,1947-09-22,obraz×2,,none,,1947-09-22 1947-09-22,MP/1947/759,3,3,
MP,1947,120,,obraz bez drugiego zgodnego odczytu,,none,,1947-09-24,MP/1947/762,2,2,
MP,1947,121,1947-09-29,obraz×2,,none,,1947-09-29 1947-09-29,MP/1947/764,10,10,
MP,1947,122,1947-10-06,obraz×2,,none,,1947-10-06 1947-10-06,MP/1947/774,3,3,
MP,1947,123,1947-10-10,obraz+ocr300,,none,1947-10-10,1947-10-10,MP/1947/777,1,1,
MP,1947,124,1947-10-15,obraz+ocr300,,none,1947-10-15,1947-10-15,MP/1947/778,1,1,
MP,1947,125,1947-10-18,obraz×2,,none,,1947-10-18 1947-10-18,MP/1947/779,15,15,
MP,1947,126,,obraz bez drugiego zgodnego odczytu,,none,,1947-10-20,MP/1947/794,2,2,
MP,1947,127,,bez odczytu (do obrazu),,none,,nieczytelny,MP/1947/796,8,8,
MP,1947,128,1947-10-23,obraz×2,,none,,1947-10-23 1947-10-23,MP/1947/804,3,3,
MP,1947,129,1947-10-25,obraz+parser,1947-10-25,text:warszawa,,1947-10-25,MP/1947/807,4,4,czalte.. Warszawa dnia 25 października 1947
MP,1947,130,1947-10-28,obraz×2,,none,,1947-10-28 1947-10-28,MP/1947/811,2,2,
MP,1947,131,1947-10-30,obraz×2,,none,,1947-10-30 1947-10-30,MP/1947/813,11,11,
MP,1947,132,1947-10-31,obraz+ocr300,,none,1947-10-31,1947-10-31,MP/1947/824,8,8,
MP,1947,133,1947-11-03,obraz×2,,none,,1947-11-03 1947-11-03,MP/1947/832,2,2,
MP,1947,134,1947-11-05,obraz×2,,none,,1947-11-05 1947-11-05,MP/1947/834,2,2,
MP,1947,135,1947-11-08,obraz+ocr300,,none,1947-11-08,1947-11-08,MP/1947/836,8,8,
MP,1947,136,1947-11-10,obraz×2,,none,,1947-11-10 1947-11-10,MP/1947/844,5,5,
MP,1947,137,1947-11-14,obraz×2,,none,,1947-11-14 1947-11-14,MP/1947/849,1,1,
MP,1947,138,1947-11-20,parser+ocr300,1947-11-20,ocr:warszawa,1947-11-20,,MP/1947/850,3,3," Nr, 138 Warszawa, dnia 20 listopada 1947"
MP,1947,139,1947-11-21,obraz×2,,none,,1947-11-21 1947-11-21,MP/1947/853,1,1,
MP,1947,140,1947-11-24,obraz×2,,none,,1947-11-24 1947-11-24,MP/1947/854,2,2,
MP,1947,141,,bez odczytu (do obrazu),,none,,,MP/1947/856,2,2,
MP,1947,142,1947-11-29,obraz×2,,none,,1947-11-29 1947-11-29,MP/1947/858,2,2,
MP,1947,143,1947-12-02,obraz×2,,none,,1947-12-02 1947-12-02,MP/1947/860,18,18,
MP,1947,144,1947-12-05,obraz×2,,none,,1947-12-05 1947-12-05,MP/1947/878,3,3,
MP,1947,145,1947-12-06,obraz×2,,none,,1947-12-06 1947-12-06,MP/1947/881,3,3,
MP,1947,146,1947-12-10,obraz×2,,none,,1947-12-10 1947-12-10,MP/1947/884,1,1,
MP,1947,147,1947-12-12,parser+ocr300,1947-12-12,ocr:warszawa,1947-12-12,,MP/1947/885,2,2,. Nr 147 Warszawa. dnia 12 grudnia 1947
MP,1947,148,1947-12-13,obraz×2,,none,,1947-12-13 1947-12-13,MP/1947/887,6,6,
MP,1947,149,,bez odczytu (do obrazu),,none,,,MP/1947/893,6,6,
MP,1947,150,1947-12-17,obraz+parser,1947-12-17,ocr:warszawa,,1947-12-17,MP/1947/899,2,2," Nr. 150 Warszawa, dnia 17 grudnia 1947"
MP,1947,151,,obraz bez drugiego zgodnego odczytu,,none,,1947-12-20,MP/1947/901,2,2,
MP,1947,152,,bez odczytu (do obrazu),,none,,nieczytelny,MP/1947/903,4,4,
MP,1947,153,,bez odczytu (do obrazu),,none,,,MP/1947/907,4,4,
MP,1947,154,1947-12-29,parser+ocr300,1947-12-29,ocr:warszawa,1947-12-29,,MP/1947/911,2,2," Nr 154 Warszawa, dnia 29 grudnia 1947"
MP,1948,1,1948-01-03,obraz+parser,1948-01-03,ocr:warszawa,,1948-01-03,MP/1948/1,5,5,"0. Nr 1 Warszawa, dnia 3 stycznia 1948"
MP,1948,2,1948-01-07,obraz+parser,1948-01-07,ocr:warszawa,,1948-01-07,MP/1948/6,2,2,"0. Nr 2 Warszawa, dnia 7 stycznia 1948"
MP,1948,3,,bez odczytu (do obrazu),,none,,nieczytelny,MP/1948/8,4,4,
MP,1948,4,1948-01-16,obraz×2,,none,,1948-01-16 1948-01-16,MP/1948/12,3,3,
MP,1948,5,1948-01-19,obraz×2,,none,,1948-01-19 1948-01-19,MP/1948/15,17,17,
MP,1948,6,1948-01-21,obraz+ocr300,,none,1948-01-21,1948-01-21,MP/1948/32,3,3,
MP,1948,7,1948-01-26,parser+ocr300,1948-01-26,ocr:warszawa,1948-01-26,,MP/1948/35,3,3, Nr 7 A Warszawa dnia 26 stycznia 1948
MP,1948,8,,bez odczytu (do obrazu),,none,,nieczytelny,MP/1948/38,8,8,
MP,1948,9,1948-01-30,parser+ocr300,1948-01-30,ocr:warszawa,1948-01-30,,MP/1948/46,3,3,". Nr. 9 Warszawa, dnia 30 stycznia 1948"
MP,1948,10,,bez odczytu (do obrazu),,none,,nieczytelny,MP/1948/49,1,1,
MP,1948,11,1948-02-05,parser+ocr300,1948-02-05,ocr:warszawa,1948-02-05,,MP/1948/50,1,1,". Nr 11 Warszawa, dnia 5 lutego 1948"
MP,1948,12,1948-02-07,obraz×2,,none,,1948-02-07 1948-02-07,MP/1948/51,2,2,
MP,1948,13,1948-02-10,parser+ocr300,1948-02-10,ocr:warszawa,1948-02-10,,MP/1948/53,2,2,"0. Nr 13 Warszawa, dnia 10 lutego 1948"
MP,1948,14,,bez odczytu (do obrazu),,none,,nieczytelny,MP/1948/55,1,1,
MP,1948,15,,bez odczytu (do obrazu),,none,,nieczytelny,MP/1948/56,1,1,
MP,1948,16,1948-02-16,obraz×2,,none,,1948-02-16 1948-02-16,MP/1948/57,2,2,
MP,1948,17,1948-02-19,obraz+parser,1948-02-19,ocr:warszawa,,1948-02-19,MP/1948/59,18,18, Nr. 17 Warszawa. dnia 19 lutego 1948
MP,1948,18,1948-02-20,parser+ocr300,1948-02-20,ocr:warszawa,1948-02-20,,MP/1948/77,9,9,0 Nr 18 Warszawa. dnia 20 lutego 1948
MP,1948,19,,bez odczytu (do obrazu),,none,,nieczytelny,MP/1948/86,1,1,
MP,1948,20,1948-02-23,obraz×2,,none,,1948-02-23 1948-02-23,MP/1948/87,4,4,
MP,1948,21,1948-02-24,obraz+parser,1948-02-24,ocr:warszawa,1948-02-24,1948-02-24,MP/1948/91,1,1,0. Rrtr Warszawa. dnia 24 lutego 1948
MP,1948,22,1948-02-26,obraz+ocr300,,none,1948-02-26,1948-02-26,MP/1948/92,2,2,
MP,1948,23,1948-02-27,parser+ocr300,1948-02-27,text:warszawa,1948-02-27,,MP/1948/94,2,2, . . . ~ Warszawa. dnia 27 lutego 1948
MP,1948,24,,bez odczytu (do obrazu),,none,,,MP/1948/96,2,2,
MP,1948,25,1948-03-02,obraz+parser,1948-03-02,ocr:warszawa,,1948-03-02,MP/1948/98,2,2," Nr. 25 Warszawa, dnia 2 marca 1948"
MP,1948,26,1948-03-04,obraz×2,,none,,1948-03-04 1948-03-04,MP/1948/100,1,1,
MP,1948,27,,jeden odczyt (do obrazu),,none,1948-03-17,nieczytelny,MP/1948/101,3,3,
MP,1948,28,1948-03-10,parser+ocr300,1948-03-10,ocr:warszawa,1948-03-10,,MP/1948/104,1,1, Nr. 28 Warszawa. dnia 10 marca 1948
MP,1948,29,1948-03-12,parser+ocr300,1948-03-12,ocr:warszawa,1948-03-12,,MP/1948/105,1,1,„_Nr. 29 Warszawa. dnia 12 marca 1948
MP,1948,30,1948-03-16,parser+ocr300,1948-03-16,ocr:warszawa,1948-03-16,numer/przedruk inny,MP/1948/106,7,7, = Wg pO Warszawa. dnia 16 marca 1948
MP,1948,31,1948-03-25,parser+ocr300,1948-03-25,ocr:warszawa,1948-03-25,,MP/1948/113,26,26, 31 z EE Warszawa dnia 25 marca 1948
MP,1948,32,1948-03-27,parser+ocr300,1948-03-27,ocr:warszawa,1948-03-27,,MP/1948/139,2,2,", Nr 32 Warszawa. dnia 27 marca 1948"
MP,1948,33,1948-04-01,parser+ocr300,1948-04-01,ocr:warszawa,1948-04-01,,MP/1948/141,2,2,. Nr 33 Warszawa. dnia 1 kwietnia 1948
MP,1948,34,1948-04-02,parser+ocr300,1948-04-02,ocr:warszawa,1948-04-02,,MP/1948/143,1,1,. Nr 34 Warszawa. dnia 2 kwietnia 1948
MP,1948,35,1948-04-06,parser+ocr300,1948-04-06,ocr:warszawa,1948-04-06,,MP/1948/144,3,3, Nr 35 | Warszawa. dnia 6 kwietnia 1948
MP,1948,36,1948-04-10,parser+ocr300,1948-04-10,ocr:warszawa,1948-04-10,,MP/1948/147,4,4,. Nr 36 Warszawa. dnia 10 kwietnia 1948
MP,1948,37,1948-04-14,parser+ocr300,1948-04-14,ocr:warszawa,1948-04-14,,MP/1948/151,2,2,. Nr 37 Warszawa. dnia 14 kwietnia 1948
MP,1948,38,1948-04-17,obraz×2,,none,,1948-04-17 1948-04-17,MP/1948/153,3,3,
MP,1948,39,1948-04-20,parser+ocr300,1948-04-20,ocr:warszawa,1948-04-20,,MP/1948/156,14,14,". Nr 39 Warszawa, dnia 20 kwietnia 1948"
MP,1948,40,1948-04-23,parser+ocr300,1948-04-23,ocr:warszawa,1948-04-23,,MP/1948/170,2,2,Nr żu Warszawa. dnia 23 kwietnia 1948
MP,1948,41,1948-04-26,parser+ocr300,1948-04-26,ocr:warszawa,1948-04-26,,MP/1948/172,1,1, Nr 41 m Warszawa. dnia 26 kwietnia 1948
MP,1948,42,1948-04-27,obraz×2,,none,,1948-04-27 1948-04-27,MP/1948/173,5,5,
MP,1948,43,,bez odczytu (do obrazu),,none,,nieczytelny,MP/1948/178,41,41,
MP,1948,44,,bez odczytu (do obrazu),,none,,nieczytelny,MP/1948/219,10,10,
MP,1948,45,1948-05-05,obraz×2,,none,,1948-05-05 1948-05-05,MP/1948/229,4,4,
MP,1948,46,1948-05-08,parser+ocr300,1948-05-08,ocr:warszawa,1948-05-08,,MP/1948/233,1,1,", Nr 46 Warszawa, dnia 8 maja 1948"
MP,1948,47,1948-05-12,parser+ocr300,1948-05-12,ocr:warszawa,1948-05-12,,MP/1948/234,28,28,", Nr 47 Warszawa, dnia 12 maja 1948"
MP,1948,48,1948-05-16,parser+ocr300,1948-05-16,ocr:warszawa,1948-05-16,,MP/1948/262,9,9,". Nr 48 Warszawa, dnia 16 maja 1948"
MP,1948,49,1948-05-22,obraz+ocr300,,none,1948-05-22,1948-05-22,MP/1948/271,14,14,
MP,1948,50,1948-05-23,parser+ocr300,1948-05-23,ocr:warszawa,1948-05-23,,MP/1948/285,7,7," Nr 50 g Warszawa, dnia 23 maja 1948"
MP,1948,51,1948-06-01,parser+ocr300,1948-06-01,ocr:warszawa,1948-06-01,,MP/1948/292,3,3,". Nr 5i Warszawa, dnia 1 czerwca 1948"
MP,1948,52,1948-06-03,parser+ocr300,1948-06-03,ocr:warszawa,1948-06-03,,MP/1948/295,7,7,". Nr 52 Warszawa, dnia 3 czerwca 1948"
MP,1948,53,1948-06-05,parser+ocr300,1948-06-05,ocr:warszawa,1948-06-05,,MP/1948/302,2,2,". Nr 53 Warszawa, dnia 5 czerwca 1948"
MP,1948,54,1948-06-12,parser+ocr300,1948-06-12,ocr:warszawa,1948-06-12,,MP/1948/304,5,5,". Nr 54 Warszawa, dnia 12 czerwca 1948"
MP,1948,55,1948-06-15,parser+ocr300,1948-06-15,ocr:warszawa,1948-06-15,,MP/1948/309,4,4,"m. Nr 55 Warszawa, dnia 15 czerwca 1948"
MP,1948,56,1948-06-20,parser+ocr300,1948-06-20,ocr:warszawa,1948-06-20,,MP/1948/313,26,26,". Nr 56 Warszawa, dnia 20 czerwca 1948"
MP,1948,57,1948-06-24,parser+ocr300,1948-06-24,ocr:warszawa,1948-06-24,,MP/1948/339,11,11,"0 Nr 57 Warszawa, dnia 24 czerwca 1948"
MP,1948,58,1948-06-26,parser+ocr300,1948-06-26,text:warszawa,1948-06-26,,MP/1948/350,13,13," Nr. 58 Warszawa, dnia 26 czerwca 1948"
MP,1948,59,1948-06-28,parser+ocr300,1948-06-28,ocr:warszawa,1948-06-28,,MP/1948/363,1,1,"Nr. 59 - Warszawa, dnia 28 czerwca 1948"
MP,1948,60,1948-06-30,obraz×2,,none,,1948-06-30 1948-06-30,MP/1948/364,3,3,
MP,1948,61,1948-07-05,obraz+parser,1948-07-05,text:warszawa,,1948-07-05,MP/1948/367,7,7,"Warszawa, dnia 5 lipca 1948"
MP,1948,62,1948-07-15,obraz×2,,none,,1948-07-15 1948-07-15,MP/1948/374,42,42,
MP,1948,63,1948-07-25,obraz×2,,none,,1948-07-25 1948-07-25,MP/1948/416,31,31,
MP,1948,64,1948-07-31,obraz+parser,1948-07-31,ocr:warszawa,,1948-07-31,MP/1948/447,20,20,"czałtem. Warszawa, dnia 31 lipca 1948"
MP,1948,65,1948-08-09,obraz×2,,none,,1948-08-09 1948-08-09,MP/1948/467,13,13,
MP,1948,66,1948-08-16,obraz×2,,none,,1948-08-16 1948-08-16,MP/1948/480,10,10,
MP,1948,67,,bez odczytu (do obrazu),,none,,brak winiety na s. 1,MP/1948/490,34,33,
MP,1948,68,1948-08-23,obraz×2,,none,,1948-08-23 1948-08-23,MP/1948/524,11,11,
MP,1948,69,1948-08-30,obraz×2,,none,,1948-08-30 1948-08-30,MP/1948/535,34,34,
MP,1948,70,1948-09-13,obraz×2,,none,,1948-09-13 1948-09-13,MP/1948/569,37,37,
MP,1948,71,,bez odczytu (do obrazu),,none,,,MP/1948/606,9,9,
MP,1948,72,1948-10-02,obraz×2,,none,,1948-10-02 1948-10-02,MP/1948/615,17,17,
MP,1948,73,1948-10-06,obraz×2,,none,,1948-10-06 1948-10-06,MP/1948/632,7,7,
MP,1948,74,1948-10-12,obraz×2,,none,,1948-10-12 1948-10-12,MP/1948/639,15,15,
MP,1948,75,1948-10-15,obraz×2,,none,,1948-10-15 1948-10-15,MP/1948/654,5,5,
MP,1948,76,1948-10-20,obraz×2,,none,,1948-10-20 1948-10-20,MP/1948/659,22,22,
MP,1948,77,,bez odczytu (do obrazu),,none,,,MP/1948/681,11,11,
MP,1948,78,1948-11-08,obraz+ocr300,,none,1948-11-08,1948-11-08,MP/1948/692,4,4,
MP,1948,79,1948-11-23,obraz×2,,none,,1948-11-23 1948-11-23,MP/1948/696,15,15,
MP,1948,80,,bez odczytu (do obrazu),,none,,brak winiety na s. 1,MP/1948/711,41,41,
MP,1948,81,1948-12-09,obraz×2,,none,,1948-12-09 1948-12-09,MP/1948/752,16,16,
MP,1948,82,1948-12-11,obraz+ocr300,,none,1948-12-11,1948-12-11,MP/1948/768,20,20,
MP,1948,83,,bez odczytu (do obrazu),,none,,brak winiety na s. 1,MP/1948/788,84,84,
MP,1948,84,,bez odczytu (do obrazu),,none,,brak winiety na s. 1,MP/1948/872,72,72,
MP,1948,85,1948-12-28,obraz+parser,1948-12-28,text:warszawa,,1948-12-28,MP/1948/944,10,10,Rok XXVI Warszawa dnia 28 grudnia 1948
MP,1948,86,1948-12-31,obraz×2,,none,,1948-12-31 1948-12-31,MP/1948/954,36,36,
MP,1949,1,1949-01-15,obraz×2,,none,,1949-01-15 1949-01-15,MP/1949/1,3,3,
MP,1949,2,1949-01-19,obraz+ocr300,,none,1949-01-19,1949-01-19,MP/1949/4,18,18,
MP,1949,3,1949-01-25,obraz×2,,none,,1949-01-25 1949-01-25,MP/1949/22,16,16,
MP,1949,4,1949-02-03,obraz×2,,none,,1949-02-03 1949-02-03,MP/1949/38,10,10,
MP,1949,5,1949-02-07,obraz×2,,none,,1949-02-07 1949-02-07,MP/1949/48,14,14,
MP,1949,6,1949-02-14,obraz×2,,none,,1949-02-14 1949-02-14,MP/1949/62,14,14,
MP,1949,7,1949-02-17,obraz+ocr300,,none,1949-02-17,1949-02-17,MP/1949/76,10,10,
MP,1949,8,1949-02-21,obraz×2,,none,,1949-02-21 1949-02-21,MP/1949/86,27,27,
MP,1949,9,1949-02-26,obraz×2,,none,,1949-02-26 1949-02-26,MP/1949/113,4,4,
MP,1949,10,1949-03-03,obraz×2,,none,,1949-03-03 1949-03-03,MP/1949/117,9,9,
MP,1949,11,,bez odczytu (do obrazu),,none,,,MP/1949/126,6,6,
MP,1949,12,1949-03-07,obraz×2,,none,,1949-03-07 1949-03-07,MP/1949/132,17,17,
MP,1949,13,1949-03-11,obraz+parser,1949-03-11,text:warszawa,,1949-03-11,MP/1949/149,8,8,"wI& 17~. Warszawa, dnia 11 marca 1949"
MP,1949,14,1949-03-14,obraz×2,,none,,1949-03-14 1949-03-14,MP/1949/157,46,46,
MP,1949,15,1949-03-19,obraz×2,,none,,1949-03-19 1949-03-19,MP/1949/203,14,14,
MP,1949,16,1949-03-26,obraz×2,,none,,1949-03-26 1949-03-26,MP/1949/217,8,8,
MP,1949,17,1949-03-28,obraz+parser,1949-03-28,ocr:warszawa,1949-03-28,1949-03-28,MP/1949/225,3,3,"czałtem. Warszawa, dnia 28 marca 1949"
MP,1949,18,1949-03-29,obraz+parser,1949-03-29,text:warszawa,,1949-03-29,MP/1949/228,47,47,"CS1łtem. Warszawa, dnIa 29 marca 1949"
MP,1949,19,1949-03-31,obraz+ocr300,,none,1949-03-31,1949-03-31,MP/1949/275,16,16,
MP,1949,20,1949-04-05,obraz+ocr300,,none,1949-04-05,1949-04-05,MP/1949/291,9,9,
MP,1949,21,1949-04-09,obraz×2,,none,,1949-04-09 1949-04-09,MP/1949/300,45,45,
MP,1949,22,1949-04-15,obraz×2,,none,,1949-04-15 1949-04-15,MP/1949/345,16,16,
MP,1949,23,1949-04-21,obraz×2,,none,,1949-04-21 1949-04-21,MP/1949/361,11,11,
MP,1949,24,1949-04-25,obraz+parser,1949-04-25,ocr:warszawa,,1949-04-25,MP/1949/372,24,24,czałtem. Warszawa. dnia 25 kwietnia 1949
MP,1949,25,1949-04-28,obraz×2,,none,,1949-04-28 1949-04-28,MP/1949/396,10,10,
MP,1949,26,,bez odczytu (do obrazu),,none,,nieczytelny,MP/1949/406,10,10,
MP,1949,27,1949-05-07,obraz×2,,none,,1949-05-07 1949-05-07,MP/1949/416,16,16,
MP,1949,28,1949-05-12,obraz+parser,1949-05-12,text:warszawa,,1949-05-12,MP/1949/432,13,13,Warszawa. dnia 12 maja 1949
MP,1949,29,1949-05-13,obraz×2,,none,,1949-05-13 1949-05-13,MP/1949/445,1,1,
MP,1949,30,1949-05-18,obraz×2,,none,,1949-05-18 1949-05-18,MP/1949/446,6,6,
MP,1949,31,1949-05-21,obraz×2,,none,,1949-05-21 1949-05-21,MP/1949/452,5,5,
MP,1949,32,1949-05-25,obraz+parser,1949-05-25,text:warszawa,,1949-05-25,MP/1949/457,28,28,Warszawa. dnia 25 maja 1949
MP,1949,33,1949-05-30,obraz+parser,1949-05-30,text:warszawa,,1949-05-30,MP/1949/485,10,10," ~~- 1"" Warszawa, dnia 30 maja 1949"
MP,1949,34,1949-06-07,obraz×2,,none,,1949-06-07 1949-06-07,MP/1949/495,5,5,
MP,1949,35,1949-06-08,obraz+parser,1949-06-08,ocr:warszawa,,1949-06-08,MP/1949/500,12,12,Warszawa. dnia 8 czerwca 1949
MP,1949,36,1949-06-17,obraz+ocr300,,none,1949-06-17,1949-06-17,MP/1949/512,8,8,
MP,1949,37,1949-06-18,obraz×2,,none,,1949-06-18 1949-06-18,MP/1949/520,9,9,
MP,1949,38,1949-06-25,obraz×2,,none,,1949-06-25 1949-06-25,MP/1949/529,9,9,
MP,1949,39,1949-06-27,obraz+parser,1949-06-27,text:warszawa,,1949-06-27,MP/1949/538,23,23,Warszawa. dnia 27 czerwca 1949
MP,1949,40,1949-06-30,obraz+parser,1949-06-30,text:warszawa,,1949-06-30,MP/1949/561,5,5,Warszawa. dnia 30 czerwca 1949
MP,1949,41,1949-07-01,obraz+parser,1949-07-01,text:warszawa,,1949-07-01,MP/1949/566,10,10,Warszawa. dnia 1 lipca 1949
MP,1949,42,1949-07-07,obraz+parser,1949-07-07,text:warszawa,,1949-07-07,MP/1949/576,5,5,Warszawa. dnia 7 lipca 1949
MP,1949,43,1949-07-11,obraz×2,,none,,1949-07-11 1949-07-11,MP/1949/581,11,11,
MP,1949,44,1949-07-13,obraz×2,,none,,1949-07-13 1949-07-13,MP/1949/592,1,1,
MP,1949,45,1949-07-16,obraz×2,,none,,1949-07-16 1949-07-16,MP/1949/593,27,27,
MP,1949,46,1949-07-18,obraz×2,,none,,1949-07-18 1949-07-18,MP/1949/620,12,12,
MP,1949,47,1949-07-23,obraz+parser,1949-07-23,ocr:warszawa,,1949-07-23,MP/1949/632,18,18,Warszawa. dnia 23 lipca 1949
MP,1949,48,1949-07-30,obraz+ocr300,,none,1949-07-30,1949-07-30,MP/1949/650,15,15,
MP,1949,49,1949-08-03,obraz×2,,none,,1949-08-03 1949-08-03,MP/1949/665,34,34,
MP,1949,50,1949-08-08,obraz+parser,1949-08-08,text:warszawa,,1949-08-08,MP/1949/699,7,7,Warszawa. dnia 8 sierpnia 1949
MP,1949,51,1949-08-09,obraz×2,,none,,1949-08-09 1949-08-09,MP/1949/706,16,16,
MP,1949,52,1949-08-10,obraz×2,,none,,1949-08-10 1949-08-10,MP/1949/722,6,6,
MP,1949,53,1949-08-13,obraz×2,,none,,1949-08-13 1949-08-13,MP/1949/728,1,1,
MP,1949,54,1949-08-19,obraz×2,,none,,1949-08-19 1949-08-19,MP/1949/729,16,16,
MP,1949,55,1949-08-20,obraz×2,,none,,1949-08-20 1949-08-20,MP/1949/745,8,8,
MP,1949,56,1949-08-22,obraz×2,,none,,1949-08-22 1949-08-22,MP/1949/753,1,1,
MP,1949,57,1949-08-23,obraz×2,,none,,1949-08-23 1949-08-23,MP/1949/754,28,28,
MP,1949,58,1949-08-29,obraz×2,,none,,1949-08-29 1949-08-29,MP/1949/782,11,11,
MP,1949,59,1949-09-03,obraz+parser,1949-09-03,text:warszawa,,1949-09-03,MP/1949/793,12,12,Warszawa. dnia 3 września 1949
MP,1949,60,,bez odczytu (do obrazu),,none,,brak winiety na s. 1,MP/1949/805,22,22,
MP,1949,61,1949-09-10,obraz×2,,none,,1949-09-10 1949-09-10,MP/1949/827,1,1,
MP,1949,62,1949-09-13,parser+ocr300,1949-09-13,text:warszawa,1949-09-13,,MP/1949/828,14,14,- Warszawa. dnia 13 września 1949
MP,1949,63,1949-09-17,obraz+parser,1949-09-17,text:warszawa,,1949-09-17,MP/1949/842,6,6,Warszawa. dnia 17 września 1949
MP,1949,64,1949-09-22,obraz×2,,none,,1949-09-22 1949-09-22,MP/1949/848,10,10,
MP,1949,65,1949-09-23,obraz×2,,none,,1949-09-23 1949-09-23,MP/1949/858,3,3,
MP,1949,66,1949-09-24,obraz×2,,none,,1949-09-24 1949-09-24,MP/1949/861,7,7,
MP,1949,67,1949-09-27,obraz+ocr300,,none,1949-09-27,1949-09-27,MP/1949/868,16,16,
MP,1949,68,1949-10-01,obraz+ocr300,,none,1949-10-01,1949-10-01,MP/1949/884,2,2,
MP,1949,69,1949-10-01,obraz×2,,none,,1949-10-01 1949-10-01,MP/1949/886,1,1,
MP,1949,70,1949-10-03,obraz+parser,1949-10-03,text:warszawa,,1949-10-03,MP/1949/887,16,16,"Warszawa, dnia 3 października 1949"
MP,1949,71,1949-10-08,obraz+ocr300,,none,1949-10-08,1949-10-08,MP/1949/903,16,16,
MP,1949,72,1949-10-11,obraz×2,,none,,1949-10-11 1949-10-11,MP/1949/919,3,3,
MP,1949,73,1949-10-12,obraz+ocr300,,none,1949-10-12,1949-10-12,MP/1949/922,5,5,
MP,1949,74,1949-10-17,obraz+parser,1949-10-17,text:warszawa,,1949-10-17,MP/1949/927,11,11,"Warszawa, dnia 17 października 1949"
MP,1949,75,1949-10-21,obraz+parser,1949-10-21,text:warszawa,,1949-10-21,MP/1949/938,9,9,"Warszawa, dnia 21 października 1949"
MP,1949,76,1949-10-22,obraz×2,,none,,1949-10-22 1949-10-22,MP/1949/947,1,1,
MP,1949,77,1949-10-24,obraz×2,,none,,1949-10-24 1949-10-24,MP/1949/948,9,9,
MP,1949,78,1949-10-25,obraz+parser,1949-10-25,text:warszawa,,1949-10-25,MP/1949/957,24,24,"Warszawa, dnia 25 października 1949"
MP,1949,79,1949-10-28,obraz+parser,1949-10-28,ocr:warszawa,,1949-10-28,MP/1949/981,6,6,"Warszawa, dnia 28 października 1949"
MP,1949,80,1949-10-31,obraz+parser,1949-10-31,text:warszawa,,1949-10-31,MP/1949/987,3,3,"Warszawa, dnia 31 października 1949"
MP,1949,81,1949-11-02,obraz+ocr300,,none,1949-11-02,1949-11-02,MP/1949/990,5,5,
MP,1949,82,1949-11-05,obraz×2,,none,,1949-11-05 1949-11-05,MP/1949/995,17,17,
MP,1949,83,1949-11-10,obraz×2,,none,,1949-11-10 1949-11-10,MP/1949/1012,18,18,
MP,1949,84,1949-11-15,obraz+parser,1949-11-15,ocr:warszawa,,1949-11-15,MP/1949/1030,9,9,"Warszawa, dnia 15 listopada 1949"
MP,1949,85,1949-11-17,obraz+ocr300,,none,1949-11-17,1949-11-17,MP/1949/1039,16,16,
MP,1949,86,1949-11-21,obraz+parser,1949-11-21,text:warszawa,,1949-11-21,MP/1949/1055,16,16,"Warszawa, dnia 21 listopada 1949"
MP,1949,87,1949-11-22,obraz+parser,1949-11-22,text:warszawa,,1949-11-22,MP/1949/1071,9,9,"Warszawa, dnia 22 listopada 1949"
MP,1949,88,1949-11-23,obraz+parser,1949-11-23,text:warszawa,,1949-11-23,MP/1949/1080,4,4,Warszawa. dnia 23 listopada 1949
MP,1949,89,1949-11-24,obraz×2 (odczyty maszynowe inne),1949-11-14,text:warszawa,,1949-11-24 1949-11-24,MP/1949/1084,4,4,"War:!Szawa, dnia 14 listopada 1949"
MP,1949,90,,jeden odczyt (do obrazu),,none,1949-11-28,numer/przedruk inny,MP/1949/1088,7,7,
MP,1949,91,1949-11-29,obraz×2,,none,,1949-11-29 1949-11-29,MP/1949/1095,8,8,
MP,1949,92,1949-11-30,obraz+parser,1949-11-30,text:warszawa,,1949-11-30,MP/1949/1103,5,5,"Warszawa, dnia 30 listopada 1949"
MP,1949,93,1949-12-02,obraz+ocr300,,none,1949-12-02,1949-12-02,MP/1949/1108,13,13,
MP,1949,94,1949-12-05,obraz×2,,none,,1949-12-05 1949-12-05,MP/1949/1121,16,16,
MP,1949,95,1949-12-07,obraz+ocr300,,none,1949-12-07,1949-12-07,MP/1949/1137,6,6,
MP,1949,96,1949-12-10,obraz+ocr300,,none,1949-12-10,1949-12-10,MP/1949/1143,8,8,
MP,1949,97,1949-12-15,obraz+parser,1949-12-15,ocr:warszawa,,1949-12-15,MP/1949/1151,8,8,"Warszawa, dnia 15 grudnia 1949"
MP,1949,98,1949-12-16,obraz×2,,none,,1949-12-16 1949-12-16,MP/1949/1159,6,6,
MP,1949,99,1949-12-17,obraz×2,,none,,1949-12-17 1949-12-17,MP/1949/1165,8,8,
MP,1949,100,1949-12-19,obraz×2,,none,,1949-12-19 1949-12-19,MP/1949/1173,10,10,
MP,1949,101,1949-12-22,obraz+ocr300,,none,1949-12-22,1949-12-22,MP/1949/1183,12,12,
MP,1949,102,1949-12-24,obraz+parser,1949-12-24,ocr:warszawa,,1949-12-24,MP/1949/1195,12,12,"Warszawa, dnia 24 grudnia 1949"
MP,1949,103,1949-12-28,obraz+parser,1949-12-28,text:warszawa,,1949-12-28,MP/1949/1207,4,4,"\Varszawa, · dnia 28 grudnia 1949"
MP,1949,104,1949-12-30,obraz+parser,1949-12-30,text:warszawa,,1949-12-30,MP/1949/1211,2,2,"Warszawa, dnia 30 grudnia 1949"
MP,1949,105,1949-12-31,obraz×2,,none,,1949-12-31 1949-12-31,MP/1949/1213,11,11,
MP,1950,2,1950-01-08,obraz+parser,1950-01-08,ocr50:dp_warszawa,,1950-01-08,MP/1950/9,13,13,"POLSKIEJ WARSZAWA, 8 stycznia 1950"
MP,1950,3,1950-01-12,parser+ocr300,1950-01-12,text50:dp_warszawa,1950-01-12,,MP/1950/22,15,15,POLSKIEJ WARSZA W A. 12 stycznia 1950
MP,1950,4,1950-01-17,parser+ocr300,1950-01-17,text50:dp_warszawa,1950-01-17,,MP/1950/37,14,14,"POLSKIEJ W ARSZA W A, 17 stycznia 1950"
MP,1950,5,1950-01-19,parser+ocr300,1950-01-19,text50:dp_warszawa,1950-01-19,,MP/1950/51,7,7,"J NrA-5 WARSZAWA, 19 stycznia 1950"
MP,1950,6,1950-01-20,obraz+parser,1950-01-20,text50:dp_warszawa,,1950-01-20,MP/1950/58,5,5,POLSKIEJ WARSZA W A. 20 stycznia 1950
MP,1950,7,1950-01-21,parser+ocr300,1950-01-21,ocr50:dp_warszawa,1950-01-21,,MP/1950/63,13,13,"POLSKIEJ WARSZAWA, 21 stycznia 1950"
MP,1950,8,1950-01-23,parser+ocr300,1950-01-23,text50:dp_warszawa,1950-01-23,,MP/1950/76,1,1,"POLSKIEJ WARSZAWA, 23 stycznia 1950"
MP,1950,9,1950-01-24,parser+ocr300,1950-01-24,text50:dp_warszawa,1950-01-24,,MP/1950/77,17,17,POLSKIEJ WARSZA W A. 24 stycznia 1950
MP,1950,10,1950-01-26,parser+ocr300,1950-01-26,text50:dp_warszawa,1950-01-26,,MP/1950/94,14,14, NrA-IO WARSZAWA. 26 stycznia 1950
MP,1950,11,,bez odczytu (do obrazu),,none,,brak winiety na s. 1,MP/1950/108,12,12,
MP,1950,12,1950-01-31,obraz+parser,1950-01-31,text50:dp_warszawa,1950-01-31,1950-01-31,MP/1950/120,11,11,POLSKIEJ WARSZA W A. 31 stycznia 1950
MP,1950,13,1950-02-04,parser+ocr300,1950-02-04,text50:dp_warszawa,1950-02-04,,MP/1950/131,15,15,"POLSKIEJ WARSZA W A, 4 lutego 1950"
MP,1950,14,1950-02-08,parser+ocr300,1950-02-08,text50:dp_warszawa,1950-02-08,,MP/1950/146,6,6,POLSKIEJ WARSZA W A. 8 lutego 1950
MP,1950,15,1950-02-11,parser+ocr300,1950-02-11,ocr50:dp_warszawa,1950-02-11,,MP/1950/152,11,11,"POLSKIEJ WARSZAWA, Il lutego 1950"
MP,1950,16,1950-02-13,parser+ocr300,1950-02-13,ocr50:dp_warszawa,1950-02-13,,MP/1950/163,8,8,"POLSKIEJ WARSZAWA, 13 lutego 1950"
MP,1950,17,,bez odczytu (do obrazu),,none,,brak winiety na s. 1,MP/1950/171,15,15,
MP,1950,18,1950-02-17,parser+ocr300,1950-02-17,text50:dp_warszawa,1950-02-17,,MP/1950/186,11,11,POLSKIEJ W ARSZA W A. 17 lutego 1950
MP,1950,19,1950-02-21,parser+ocr300,1950-02-21,text50:dp_warszawa,1950-02-21,,MP/1950/197,9,9,POLSKIEJ WARSZA W A. 21 lutego 1950
MP,1950,20,1950-02-23,obraz+parser,1950-02-23,text50:dp_warszawa,,1950-02-23,MP/1950/206,4,4,"POLSKIEJ WARSZAWA, 23 lutego 1950"
MP,1950,21,1950-02-27,parser+ocr300,1950-02-27,ocr50:dp_warszawa,1950-02-27,,MP/1950/210,16,16,"POLSKIEJ WARSZAWA, 27 lutego 1950"
MP,1950,23,1950-03-02,parser+ocr300,1950-03-02,text50:dp_warszawa,1950-03-02,,MP/1950/233,10,10,POLSKIEJ WARSZA W A. 2 marca 1950
MP,1950,24,1950-03-03,parser+ocr300,1950-03-03,text50:dp_warszawa,1950-03-03,,MP/1950/243,18,18,"J ...... WARSZAWA, 3 marca 1950"
MP,1950,25,1950-03-08,parser+ocr300,1950-03-08,ocr50:dp_warszawa,1950-03-08,,MP/1950/261,18,18,"POLSKIEJ WARSZAWA, 8 marca 1950"
MP,1950,26,,bez odczytu (do obrazu),,none,,brak winiety na s. 1,MP/1950/279,30,30,
MP,1950,27,,bez odczytu (do obrazu),,none,,brak winiety na s. 1,MP/1950/309,25,25,
MP,1950,28,1950-03-16,parser+ocr300,1950-03-16,text50:dp_warszawa,1950-03-16,,MP/1950/334,1,1,"POLSKIEJ WARSZAWA, 16 marca 1950"
MP,1950,29,1950-03-18,obraz+parser,1950-03-18,text50:dp_warszawa,,1950-03-18,MP/1950/335,12,12,POLSKIEJ W ARSZA W A. 18 marca 1950
MP,1950,30,1950-03-22,parser+ocr300,1950-03-22,text50:dp_warszawa,1950-03-22,,MP/1950/347,14,14,"POLSKIEJ WARSZAWA, 22 marca 1950"
MP,1950,31,1950-03-23,parser+ocr300,1950-03-23,text50:dp_warszawa,1950-03-23,,MP/1950/361,5,5,"POLSKIEJ WARSZA WA, 23 marca 1950"
MP,1950,32,1950-03-24,parser+ocr300,1950-03-24,ocr50:dp_warszawa,1950-03-24,,MP/1950/366,9,9,"POLSKIEJ WARSZAWA, 24 marca 1950"
MP,1950,33,1950-03-31,parser+ocr300,1950-03-31,text50:dp_warszawa,1950-03-31,,MP/1950/375,22,22, NrA-33 WARSZAWA. 31 marca 1950
MP,1950,34,1950-04-04,obraz+parser,1950-04-04,ocr50:dp_warszawa,1950-04-04,1950-04-04,MP/1950/397,4,4,"POLSKIEJ WARSZAWA, 4 kwietnia 1950"
MP,1950,35,1950-04-06,parser+ocr300,1950-04-06,ocr50:dp_warszawa,1950-04-06,,MP/1950/401,20,20,"POLSKIEJ WARSZAWA, 6 kwietnia 1950"
MP,1950,36,1950-04-07,parser+ocr300,1950-04-07,text50:dp_warszawa,1950-04-07,,MP/1950/421,20,20,POLSKIEJ WARSZA W A. 7 kwietnia 1950
MP,1950,37,1950-04-12,parser+ocr300,1950-04-12,ocr50:dp_warszawa,1950-04-12,,MP/1950/441,4,4,"POLSKIEJ WARSZAWA, 12 kwietnia 1950"
MP,1950,38,1950-04-13,parser+ocr300,1950-04-13,text50:dp_warszawa,1950-04-13,,MP/1950/445,13,13,"POLSKIEJ WARSZAWA, 13 kwietnia 1950"
MP,1950,39,1950-04-14,parser+ocr300,1950-04-14,text50:dp_warszawa,1950-04-14,,MP/1950/458,1,1, . . < WARSZAWA. 14 kwietnia 1950
MP,1950,40,1950-04-15,parser+ocr300,1950-04-15,text50:dp_warszawa,1950-04-15,,MP/1950/459,9,9,POLSKIEJ WARSZAWA.15 kwietnia 1950
MP,1950,41,1950-04-18,obraz+parser,1950-04-18,text50:dp_warszawa,1950-04-18,1950-04-18,MP/1950/468,8,8,"POLSKIEJ WARSZAW A, 18 kwietnia 1950"
MP,1950,42,1950-04-19,parser+ocr300,1950-04-19,text50:dp_warszawa,1950-04-19,,MP/1950/476,19,19,"POLSKIEJ WARSZAWA, 19 kwietnia 1950"
MP,1950,43,1950-04-22,parser+ocr300,1950-04-22,text50:dp_warszawa,1950-04-22,,MP/1950/495,6,6,POLSKIEJ WARSZAWA. 22 kwietnia 1950
MP,1950,44,1950-04-24,parser+ocr300,1950-04-24,text50:dp_warszawa,1950-04-24,,MP/1950/501,11,11,"POLSKIEJ WARSZAW A, 24 kwietnia 1950"
MP,1950,45,1950-04-26,parser+ocr300,1950-04-26,text50:dp_warszawa,1950-04-26,,MP/1950/512,7,7,OLSKIE.' WARSZAWA. 26 kwietnia 1950
MP,1950,46,1950-04-27,parser+ocr300,1950-04-27,text50:dp_warszawa,1950-04-27,,MP/1950/519,10,10,"IEJ . . WARSZA WA, 27 kwietnia 1950"
MP,1950,47,,bez odczytu (do obrazu),,none,,,MP/1950/529,6,6,
MP,1950,48,1950-05-02,parser+ocr300,1950-05-02,text50:dp_warszawa,1950-05-02,,MP/1950/535,18,18,"POLSKIEJ WARSZA WA, 2 maja 1950"
MP,1950,49,,bez odczytu (do obrazu),,none,,brak winiety na s. 1,MP/1950/553,22,22,
MP,1950,50,1950-05-05,parser+ocr300,1950-05-05,text50:dp_warszawa,1950-05-05,,MP/1950/575,9,9," Nr A-50 WARSZAWA, 5 maja 1950"
MP,1950,51,1950-05-06,parser+ocr300,1950-05-06,ocr50:dp_warszawa,1950-05-06,,MP/1950/584,4,4,"POLSKIEJ WARSZAWA, 6 maja 1950"
MP,1950,52,,bez odczytu (do obrazu),,none,,,MP/1950/588,1,1,
MP,1950,53,1950-05-12,parser+ocr300,1950-05-12,ocr50:dp_warszawa,1950-05-12,,MP/1950/589,32,32,"POLSKIEJ WARSZAWA, 12 maja 1950"
MP,1950,55,1950-05-17,parser+ocr300,1950-05-17,text50:dp_warszawa,1950-05-17,,MP/1950/630,9,9,SKIEJ a WARSZAWA. 17 maja 1950
MP,1950,56,1950-05-19,parser+ocr300,1950-05-19,text50:dp_warszawa,1950-05-19,,MP/1950/639,12,12," Nr A-56 WARSZAWA, 19 maja 1950"
MP,1950,57,1950-05-20,obraz+parser,1950-05-20,text50:dp_warszawa,,1950-05-20,MP/1950/651,8,8,POLSKIEJ WARSZAWA. 20 maja 1950
MP,1950,58,1950-05-22,parser+ocr300,1950-05-22,text50:dp_warszawa,1950-05-22,,MP/1950/659,20,20,"POLSKIEJ WARSZA WA, 22 maja 1950"
MP,1950,59,1950-05-25,parser+ocr300,1950-05-25,ocr50:dp_warszawa,1950-05-25,,MP/1950/679,18,18,"POLSKIEJ WARSZAWA, 25 maja 1950"
MP,1950,60,1950-05-27,parser+ocr300,1950-05-27,text50:dp_warszawa,1950-05-27,,MP/1950/697,13,13,LSKIEJ . WARSZAWA. 27 maja 1950
MP,1950,61,1950-05-31,parser+ocr300,1950-05-31,text50:dp_warszawa,1950-05-31,,MP/1950/710,9,9, 710-718 WARSZA W A. 31 maja 1950
MP,1950,62,1950-06-03,parser+ocr300,1950-06-03,text50:dp_warszawa,1950-06-03,,MP/1950/719,12,12,POLSKIEJ WARSZAWA. 3 czerwca 1950
MP,1950,63,1950-06-06,parser+ocr300,1950-06-06,ocr50:dp_warszawa,1950-06-06,,MP/1950/731,17,17,"POLSKIEJ WARSZAWA, 6 czerwca 1950"
MP,1950,64,1950-06-09,parser+ocr300,1950-06-09,text50:dp_warszawa,1950-06-09,,MP/1950/748,11,11,POLSKIEJ WARSZA WA. 9 czerwca 1950
MP,1950,65,1950-06-10,parser+ocr300,1950-06-10,text50:dp_warszawa,1950-06-10,,MP/1950/759,14,14, Nr A-65 WARSZA WA. 10 czerwca 1950
MP,1950,66,1950-06-12,parser+ocr300,1950-06-12,ocr50:dp_warszawa,1950-06-12,,MP/1950/773,4,4,"POLSKIEJ WARSZAWA, 12 czerwca 1950"
MP,1950,67,1950-06-13,parser+ocr300,1950-06-13,text50:dp_warszawa,1950-06-13,,MP/1950/777,24,24,POLSKIEJ WARSZA W A. 13 czerwca 1950
MP,1950,68,1950-06-14,parser+ocr300,1950-06-14,text50:dp_warszawa,1950-06-14,,MP/1950/801,11,11,"POLSKIEJ W ARSZA W A, 14 czerwca 1950"
MP,1950,69,1950-06-15,parser+ocr300,1950-06-15,text50:dp_warszawa,1950-06-15,,MP/1950/812,1,1,POLSKIEJ WARSZAWA. 15 czerwca 1950
MP,1950,70,1950-06-16,parser+ocr300,1950-06-16,text50:dp_warszawa,1950-06-16,,MP/1950/813,4,4,"POLSKIEJ W ARSZA W A, 16 czerwca 1950"
MP,1950,71,1950-06-20,parser+ocr300,1950-06-20,ocr50:dp_warszawa,1950-06-20,,MP/1950/817,8,8,"POLSKIEJ WARSZAWA, 20 czerwca 1950"
MP,1950,72,1950-06-22,parser+ocr300,1950-06-22,ocr50:dp_warszawa,1950-06-22,,MP/1950/825,9,9,"POLSKIEJ WARSZAWA, 22 czerwca 1950"
MP,1950,73,1950-06-24,parser+ocr300,1950-06-24,ocr50:dp_warszawa,1950-06-24,,MP/1950/834,11,11,"POLSKIEJ WARSZAWA, 24 czerwca 1950"
MP,1950,74,1950-06-26,obraz+parser,1950-06-26,text50:dp_warszawa,,1950-06-26,MP/1950/845,19,19," NrA-74 WARSZAWA, 26 czerwca 1950"
MP,1950,75,1950-06-28,parser+ocr300,1950-06-28,ocr50:dp_warszawa,1950-06-28,,MP/1950/864,13,13,"POLSKIEJ WARSZAWA, 28 czerwca 1950"
MP,1950,76,1950-06-30,parser+ocr300,1950-06-30,text50:dp_warszawa,1950-06-30,,MP/1950/877,9,9,"POLSKIEJ WARSZAWA, 30 czerwca 1950"
MP,1950,77,1950-07-04,parser+ocr300,1950-07-04,ocr50:dp_warszawa,1950-07-04,,MP/1950/886,19,19,"POLSKIEJ WARSZAWA, 4 lipca 1950"
MP,1950,78,1950-07-08,parser+ocr300,1950-07-08,text50:dp_warszawa,1950-07-08,,MP/1950/905,12,12,"POLSKIEJ WARSZAWA, 8 lipca 1950"
MP,1950,79,1950-07-11,parser+ocr300,1950-07-11,text50:dp_warszawa,1950-07-11,,MP/1950/917,22,22,"POLSKIEJ WARSZAWA, 11 lipca 1950"
MP,1950,80,1950-07-15,parser+ocr300,1950-07-15,text50:dp_warszawa,1950-07-15,,MP/1950/939,9,9,POLSKIEJ WARSZA W A. 15 lipca 1950
MP,1950,81,1950-07-20,parser+ocr300,1950-07-20,text50:dp_warszawa,1950-07-20,,MP/1950/948,19,19,"POLSKIEJ W ARSZA WA, 20 lipca 1950"
MP,1950,82,1950-07-21,parser+ocr300,1950-07-21,text50:dp_warszawa,1950-07-21,,MP/1950/967,6,6,SKIEJ al WARSZAWA. 21 lipca 1950
MP,1950,83,1950-07-25,parser+ocr300,1950-07-25,text50:dp_warszawa,1950-07-25,,MP/1950/973,20,20,"POLSKIEJ WARSZAWA, 25 lipca 1950"
MP,1950,84,1950-07-27,parser+ocr300,1950-07-27,ocr50:dp_warszawa,1950-07-27,,MP/1950/993,19,19,"POLSKIEJ WARSZAWA, 27 lipca 1950"
MP,1950,85,,bez odczytu (do obrazu),,none,,brak winiety na s. 1,MP/1950/1012,36,36,
MP,1950,86,1950-08-03,obraz+parser,1950-08-03,ocr50:dp_warszawa,1950-08-03,1950-08-03,MP/1950/1048,25,25,"POLSKIEJ WARSZAWA, 3 sierpnia 1950"
MP,1950,87,1950-08-07,parser+ocr300,1950-08-07,ocr50:dp_warszawa,1950-08-07,,MP/1950/1073,29,29,"POLSKIEJ WARSZAWA, 7 sierpnia 1950"
MP,1950,88,1950-08-10,parser+ocr300,1950-08-10,ocr50:dp_warszawa,1950-08-10,,MP/1950/1102,9,9,"POLSKIEJ WARSZAWA, 10 sierpnia 1950"
MP,1950,89,1950-08-16,parser+ocr300,1950-08-16,text50:dp_warszawa,1950-08-16,,MP/1950/1111,14,14,POLSKIEJ WARSZAWA. 16 sierpnia 1950
MP,1950,90,1950-08-19,parser+ocr300,1950-08-19,text50:dp_warszawa,1950-08-19,,MP/1950/1125,1,1,POLSKIEJ WARSZAW A. 19 sierpnia 1950
MP,1950,91,1950-08-21,obraz+parser,1950-08-21,text50:dp_warszawa,,1950-08-21,MP/1950/1126,11,11,"OLSKIE.I WAR SZA W A, 21 sierpnia 1950"
MP,1950,92,1950-08-23,parser+ocr300,1950-08-23,text50:dp_warszawa,1950-08-23,,MP/1950/1137,24,24," Nr A-92 W ARSZA W A, 23 sierpnia 1950"
MP,1950,93,1950-08-30,parser+ocr300,1950-08-30,text50:dp_warszawa,1950-08-30,,MP/1950/1161,19,19,"POLSKIEJ WARSZA W A, 30 sierpnia 1950"
MP,1950,94,1950-09-02,parser+ocr300,1950-09-02,text50:dp_warszawa,1950-09-02,,MP/1950/1180,23,23,"POLSKIEJ W ARSZA W A, 2 września 1950"
MP,1950,95,1950-09-06,parser+ocr300,1950-09-06,text50:dp_warszawa,1950-09-06,,MP/1950/1203,4,4,POLSKIEJ WARSZA W A. 6 września 1950
MP,1950,96,1950-09-09,obraz+parser (trzeci odczyt inny),1950-09-09,text50:dp_warszawa,1950-09-08,1950-09-09,MP/1950/1207,12,12,"URZĘDOWY WARSZA WA, 9 września 1950"
MP,1950,97,,bez odczytu (do obrazu),,none,,,MP/1950/1219,8,8,
MP,1950,98,1950-09-16,obraz+parser,1950-09-16,text50:dp_warszawa,,1950-09-16,MP/1950/1227,22,22,"POLSKIEJ WARSZA WA, 16 września 1950"
MP,1950,99,1950-09-20,parser+ocr300,1950-09-20,ocr50:dp_warszawa,1950-09-20,,MP/1950/1249,10,10,"LSKIEJ - WARSZAWA, 20 września 1950"
MP,1950,100,,bez odczytu (do obrazu),,none,,,MP/1950/1259,9,9,
MP,1950,101,1950-09-25,parser+ocr300,1950-09-25,ocr50:dp_warszawa,1950-09-25,,MP/1950/1268,12,12,"POLSKIEJ WARSZAWA, 25 września 1950"
MP,1950,102,1950-09-27,obraz+parser,1950-09-27,ocr50:dp_warszawa,1950-09-27,1950-09-27 1950-09-27,MP/1950/1280,10,10,"POLSKIEJ WARSZAWA, 27 września 1950"
MP,1950,103,1950-09-29,parser+ocr300,1950-09-29,ocr50:dp_warszawa,1950-09-29,,MP/1950/1290,4,4,"POLSKIEJ WARSZAWA, 29 września 1950"
MP,1950,104,1950-09-30,parser+ocr300,1950-09-30,text50:dp_warszawa,1950-09-30,,MP/1950/1294,28,28,POLSKIEJ W ARSZA W A. 30 września 1950
MP,1950,105,1950-10-05,obraz×2,,none,,1950-10-05 1950-10-05,MP/1950/1322,12,12,
MP,1950,106,1950-10-07,parser+ocr300,1950-10-07,ocr50:dp_warszawa,1950-10-07,,MP/1950/1334,8,8,"POLSKIEJ WARSZAWA, 7 października 1950"
MP,1950,107,,bez odczytu (do obrazu),,none,,,MP/1950/1342,11,11,
MP,1950,108,1950-10-13,parser+ocr300,1950-10-13,ocr50:dp_warszawa,1950-10-13,,MP/1950/1353,13,13,"POLSKIEJ WARSZAWA, 13 października 1950"
MP,1950,109,1950-10-16,parser+ocr300,1950-10-16,text50:dp_warszawa,1950-10-16,,MP/1950/1366,13,13,URZĘDOWY W ARSZA W A. 16 października 1950
MP,1950,110,1950-10-17,parser+ocr300,1950-10-17,text50:dp_warszawa,1950-10-17,,MP/1950/1379,3,3,"SPOLITEJ W ARSZA W A, 17 października 1950"
MP,1950,111,1950-10-20,obraz+parser,1950-10-20,ocr50:dp_warszawa,,1950-10-20,MP/1950/1382,22,22,"POLSKIEJ WARSZAWA, 20 października 1950"
MP,1950,112,1950-10-25,parser+ocr300,1950-10-25,text50:dp_warszawa,1950-10-25,,MP/1950/1404,12,12,"SPOLITEJ WARSZAWA, 25 października 1950"
MP,1950,113,1950-10-26,obraz+parser,1950-10-26,text50:dp_warszawa,,1950-10-26,MP/1950/1416,12,12,"POLSKIEJ WARSZAWA, 26 października 1950"
MP,1950,114,1950-10-28,obraz×2,,none,,1950-10-28 1950-10-28,MP/1950/1428,7,7,
MP,1950,115,1950-10-30,parser+ocr300,1950-10-30,text50:dp_warszawa,1950-10-30,,MP/1950/1435,11,11,"OLSKIE.' WARSZAWA, 30 października 1950"
MP,1950,116,1950-10-31,parser+ocr300,1950-10-31,text50:dp_warszawa,1950-10-31,,MP/1950/1446,5,5,POLSKIEJ WARSZAWA. 31 października 1950
MP,1950,117,1950-11-02,parser+ocr300,1950-11-02,text50:dp_warszawa,1950-11-02,,MP/1950/1451,9,9,"SPOLITEJ W ARSZA W A, 2 listopada 1950"
MP,1950,118,1950-11-04,parser+ocr300,1950-11-04,ocr50:dp_warszawa,1950-11-04,,MP/1950/1460,7,7,"POLSKIEJ WARSZAWA, 4 listopada 1950"
MP,1950,119,1950-11-07,parser+ocr300,1950-11-07,text50:dp_warszawa,1950-11-07,,MP/1950/1467,5,5,LITE.) ) WARSZA W A. 7 listopada 1950
MP,1950,120,1950-11-08,parser+ocr300,1950-11-08,text50:dp_warszawa,1950-11-08,,MP/1950/1472,6,6,"POLSKIEJ W ARSZA WA, 8 listopada 1950"
MP,1950,121,1950-11-11,parser+ocr300,1950-11-11,text50:dp_warszawa,1950-11-11,,MP/1950/1478,19,19,"SPOLITEJ WARSZAWA, 11 listopada 1950"
MP,1950,122,1950-11-13,parser+ocr300,1950-11-13,ocr50:dp_warszawa,1950-11-13,,MP/1950/1497,17,17,"POLSKIEJ WARSZAWA, 13 listopada 1950"
MP,1950,123,1950-11-17,obraz×2,,none,,1950-11-17 1950-11-17,MP/1950/1514,21,21,
MP,1950,124,1950-11-20,parser+ocr300,1950-11-20,text50:dp_warszawa,1950-11-20,,MP/1950/1535,4,4,"POLSKIEJ W ARSZAW A, 20 listopada 1950"
MP,1950,125,1950-11-23,obraz+ocr300,,none,1950-11-23,1950-11-23,MP/1950/1539,19,19,
MP,1950,126,1950-11-27,parser+ocr300,1950-11-27,text:du_rok,1950-11-27,,MP/1950/1558,8,8,"RSZA W A, 27 listopada 1950 i-'Oz. 1558-1565 TBE80: DZIAŁ I. budowie oraz rok 1950"
MP,1950,127,,bez odczytu (do obrazu),,none,,brak winiety na s. 1,MP/1950/1566,17,17,
MP,1950,128,1950-12-04,parser+ocr300,1950-12-04,text50:dp_warszawa,1950-12-04,,MP/1950/1583,17,17,URZĘDOWY WARSZA W A. 4 grudnia 1950
MP,1950,129,1950-12-11,parser+ocr300,1950-12-11,text50:dp_warszawa,1950-12-11,,MP/1950/1600,22,22,OLITF..J W ARSZA W A. 11 grudnia 1950
MP,1950,130,1950-12-15,parser+ocr300,1950-12-15,text50:dp_warszawa,1950-12-15,,MP/1950/1622,6,6,"SPOLITEJ W ARSZA W A, 15 grudnia 1950"
MP,1950,131,1950-12-19,parser+ocr300,1950-12-19,text50:dp_warszawa,1950-12-19,,MP/1950/1628,11,11,"POLSKIEJ W ARSZA WA, 19 grudnia 1950"
MP,1950,132,1950-12-22,parser+ocr300,1950-12-22,text50:dp_warszawa,1950-12-22,,MP/1950/1639,27,27,"URZĘDOWY WARSZA W A, 22 grudnia 1950"
MP,1950,133,1950-12-28,parser+ocr300,1950-12-28,text50:dp_warszawa,1950-12-28,,MP/1950/1666,54,54,"OLSKIE.' WARSZAW A, 28 grudnia 1950"
MP,1950,134,1950-12-29,parser+ocr300,1950-12-29,ocr50:dp_warszawa,1950-12-29,,MP/1950/1720,10,10,"POLSKIEJ WARSZAWA, 29 grudnia 1950"
MP,1950,135,1950-12-31,obraz×2,,none,,1950-12-31 1950-12-31,MP/1950/1730,32,32,
MP,1951,1,1951-01-12,parser+ocr300,1951-01-12,text:warszawa,1951-01-12,,MP/1951/1,15,15," POLSKIEJ Warszawa, dnia 12 stycznia 1951"
MP,1951,2,1951-01-13,parser+ocr300,1951-01-13,text:warszawa,1951-01-13,,MP/1951/16,6,6, ' ~ >~~ Warszawa; dnia 13 stycznia 1951
MP,1951,3,1951-01-16,parser+ocr300,1951-01-16,text:warszawa,1951-01-16,,MP/1951/22,20,20," POLSKIEJ Warszawa, dnia 16 stycznia 1951"
MP,1951,4,1951-01-20,parser+ocr300,1951-01-20,text:warszawa,1951-01-20,,MP/1951/42,13,13," POLSKIEJ Warszawa, dnia 20 stycznia 1951"
MP,1951,5,1951-01-25,parser+ocr300,1951-01-25,text:warszawa,1951-01-25,,MP/1951/55,19,19," POLSKIEJ Warszawa, dnia 25 stycznia 1951"
MP,1951,7,1951-02-02,parser+ocr300,1951-02-02,text:warszawa,1951-02-02,,MP/1951/87,31,31," POLSKIFJ Warszawa, dnia 2 lutego 1951"
MP,1951,8,1951-02-08,parser+ocr300,1951-02-08,ocr:warszawa,1951-02-08,,MP/1951/118,16,16,"POLSKIEJ Warszawa, dnia 8 lutego 1951"
MP,1951,9,1951-02-10,parser+ocr300,1951-02-10,text:warszawa,1951-02-10,,MP/1951/134,16,16," POLSKIEJ Warszawa, dnia 10 lutego 1951"
MP,1951,10,1951-02-15,parser+ocr300,1951-02-15,ocr:warszawa,1951-02-15,,MP/1951/150,12,12,"POLSKIEJ Warszawa, dnia 15 lutego 1951"
MP,1951,11,1951-02-16,parser+ocr300,1951-02-16,ocr:warszawa,1951-02-16,,MP/1951/162,13,13," 1951 r. Warszawa, dnia 16 lutego 1951"
MP,1951,12,1951-02-17,parser+ocr300,1951-02-17,ocr:warszawa,1951-02-17,,MP/1951/175,5,5," u - - m Warszawa, dnia 17 lutego 1951"
MP,1951,13,1951-02-21,parser+ocr300,1951-02-21,ocr:warszawa,1951-02-21,,MP/1951/180,14,14,"POLSKIEJ Warszawa, dnia 21 lutego 1951"
MP,1951,14,1951-02-26,obraz+parser,1951-02-26,text:warszawa,1951-02-26,1951-02-26,MP/1951/194,14,14," POLSKIEJ Warszawa, dnia 26 lutego 1951"
MP,1951,15,1951-02-26,parser+ocr300,1951-02-26,ocr:warszawa,1951-02-26,,MP/1951/208,12,12,"POLSKIEJ Warszawa, dnia 26 lutego 1951"
MP,1951,16,1951-03-01,parser+ocr300,1951-03-01,ocr:warszawa,1951-03-01,,MP/1951/220,4,4,"POLSKIEJ Warszawa, dnia I marca 1951"
MP,1951,17,1951-03-05,obraz+parser,1951-03-05,ocr:warszawa,1951-03-05,1951-03-05,MP/1951/224,8,8,"cznionej Warszawa, dnia 5 marca 1951"
MP,1951,18,1951-03-07,parser+ocr300,1951-03-07,ocr:warszawa,1951-03-07,,MP/1951/232,12,12,"POLSKIEJ Warszawa, dnia 7 marca 1951"
MP,1951,19,1951-03-09,parser+ocr300,1951-03-09,text:warszawa,1951-03-09,,MP/1951/244,4,4," POLSKIEJ Warszawa, dnia 9 marca 1951"
MP,1951,20,1951-03-12,parser+ocr300,1951-03-12,ocr:warszawa,1951-03-12,,MP/1951/248,12,12,"POLSKIEJ Warszawa, dnia 12 marca 1951"
MP,1951,21,1951-03-13,parser+ocr300,1951-03-13,text:warszawa,1951-03-13,,MP/1951/260,7,7," POLSKIEJ Warszawa, dnia 13 marca 1951"
MP,1951,22,1951-03-17,obraz+parser,1951-03-17,ocr:warszawa,1951-03-17,1951-03-17,MP/1951/267,10,10,"ach, in- Warszawa, dnia 17 marca 1951"
MP,1951,23,1951-03-21,parser+ocr300,1951-03-21,ocr:warszawa,1951-03-21,,MP/1951/277,21,21,"POLSKIEJ Warszawa, dnia 21 marca 1951"
MP,1951,24,1951-03-23,parser+ocr300,1951-03-23,ocr:warszawa,1951-03-23,,MP/1951/298,20,20,"POLSKIEJ Warszawa, dnia 23 marca 1951"
MP,1951,25,1951-03-29,parser+ocr300,1951-03-29,ocr:warszawa,1951-03-29,,MP/1951/318,8,8,"POLSKIEJ Warszawa, dnia 29 marca 1951"
MP,1951,26,1951-03-31,obraz+parser,1951-03-31,ocr:warszawa,1951-03-31,1951-03-31,MP/1951/326,8,8," Bziecia Warszawa, dnia 31 marca 1951"
MP,1951,27,1951-04-05,obraz+parser,1951-04-05,ocr:warszawa,1951-04-05,1951-04-05,MP/1951/334,20,20,"dctaura- Warszawa, dnia 5 kwietnia 1951"
MP,1951,28,1951-04-09,parser+ocr300,1951-04-09,text:warszawa,1951-04-09,,MP/1951/354,17,17," POLSKIEJ Warszawa, dnia 9 kwietnia 1951"
MP,1951,29,1951-04-14,parser+ocr300,1951-04-14,ocr:warszawa,1951-04-14,,MP/1951/371,8,8,"LSKIEJ | Warszawa, dnia 14 kwietnia 1951"
MP,1951,30,1951-04-18,parser+ocr300,1951-04-18,text:warszawa,1951-04-18,,MP/1951/379,9,9," POLSKIEJ Warszawa, dnia 18 kwietnia 1951"
MP,1951,31,1951-04-20,parser+ocr300,1951-04-20,text:warszawa,1951-04-20,,MP/1951/388,9,9,"KIEJ , < Warszawa, dnia 20 kwietnia 1951"
MP,1951,32,1951-04-23,parser+ocr300,1951-04-23,ocr:warszawa,1951-04-23,,MP/1951/397,4,4,"POLSKIEJ Warszawa, dnia 23 kwietnia 1951"
MP,1951,33,1951-04-26,parser+ocr300,1951-04-26,ocr:warszawa,1951-04-26,,MP/1951/401,24,24,"POLSKIEJ Warszawa, dnia 26 kwietnia 1951"
MP,1951,34,1951-04-28,parser+ocr300,1951-04-28,text:warszawa,1951-04-28,,MP/1951/425,9,9," POLSKIEJ Warszawa, dnia 28 kwietnia 1951"
MP,1951,35,1951-05-04,parser+ocr300,1951-05-04,text:warszawa,1951-05-04,,MP/1951/434,12,12," POLSKIEJ Warszawa, dnia 4 maja 1951"
MP,1951,36,1951-05-05,parser+ocr300,1951-05-05,text:warszawa,1951-05-05,,MP/1951/446,3,3," POLSKIEJ Warszawa, dnia 5 maja 1951"
MP,1951,37,1951-05-07,parser+ocr300,1951-05-07,ocr:warszawa,1951-05-07,,MP/1951/449,7,7,"POLSKIEJ Warszawa, dnia 7 maja 1951"
MP,1951,38,1951-05-11,parser+ocr300,1951-05-11,text:warszawa,1951-05-11,,MP/1951/456,9,9," POLSKIEJ Warszawa, dnia 11 maja 1951"
MP,1951,39,1951-05-14,parser+ocr300,1951-05-14,ocr:warszawa,1951-05-14,,MP/1951/465,15,15,"LSKIEJ , Warszawa, dnia 14 maja 1951"
MP,1951,40,1951-05-17,parser+ocr300,1951-05-17,text:warszawa,1951-05-17,,MP/1951/480,33,33," POLSKIEJ Warszawa, dnia 17 maja 1951"
MP,1951,42,1951-05-23,parser+ocr300,1951-05-23,ocr:warszawa,1951-05-23,,MP/1951/523,6,6,"ECZENI E Warszawa, dnia 23 maja 1951"
MP,1951,43,1951-05-26,parser+ocr300,1951-05-26,text:warszawa,1951-05-26,,MP/1951/529,30,30," POLSKIEJ Warszawa, dnia 26 maja 1951"
MP,1951,44,1951-05-30,parser+ocr300,1951-05-30,text:warszawa,1951-05-30,,MP/1951/559,23,23,"POLSI{IEJ WarszaUJa, dnia 30 maja 1951"
MP,1951,45,1951-05-31,parser+ocr300,1951-05-31,text:warszawa,1951-05-31,,MP/1951/582,16,16," POLSKIEJ Warszawa, dnia 31 maja 1951"
MP,1951,46,1951-06-08,obraz+parser,1951-06-08,ocr:warszawa,1951-06-08,1951-06-08,MP/1951/598,13,13,"ar salka Warszawa, dnia 8 czerwca 1951"
MP,1951,47,,bez odczytu (do obrazu),,none,,brak winiety na s. 1,MP/1951/611,28,28,
MP,1951,48,1951-06-12,parser+ocr300,1951-06-12,ocr:warszawa,1951-06-12,,MP/1951/639,3,3,"POLSKIEJ Warszawa, dnia 12 czerwca 1951"
MP,1951,49,1951-06-13,parser+ocr300,1951-06-13,ocr:warszawa,1951-06-13,,MP/1951/642,14,14,"POLSKIEJ Warszawa, dnia 13 czerwca 1951"
MP,1951,50,1951-06-15,parser+ocr300,1951-06-15,ocr:warszawa,1951-06-15,,MP/1951/656,19,19,"POLSKIEJ Warszawa, dnia 15 czerwca 1951"
MP,1951,51,1951-06-19,obraz+parser,1951-06-19,ocr:warszawa,1951-06-19,1951-06-19,MP/1951/675,12,12,"acji . . Warszawa, dnia 19 czerwca 1951"
MP,1951,52,1951-06-19,obraz+parser,1951-06-19,ocr:warszawa,1951-06-19,1951-06-19,MP/1951/687,2,2,"tniezych Warszawa, dnia 19 czerwca 1951"
MP,1951,53,1951-06-25,parser+ocr300,1951-06-25,text:warszawa,1951-06-25,,MP/1951/689,2,2,"POLSI{IEJ Warszawa, dnia 25 czerwca 1951"
MP,1951,54,1951-06-26,parser+ocr300,1951-06-26,ocr:warszawa,1951-06-26,,MP/1951/691,28,28,"Warszawa, dnia 26 czerwca 1951"
MP,1951,55,1951-06-28,parser+ocr300,1951-06-28,ocr:warszawa,1951-06-28,,MP/1951/719,14,14,"POLSKIEJ Warszawa, dnia 28 czerwca 1951"
MP,1951,56,1951-06-30,parser+ocr300,1951-06-30,ocr:warszawa,1951-06-30,,MP/1951/733,16,16,"POLSKIEJ Warszawa, dnia 30 czerwca 1951"
MP,1951,57,1951-06-30,parser+ocr300,1951-06-30,ocr:warszawa,1951-06-30,,MP/1951/749,9,9,"POLSKIEJ Warszawa, dnia 30 czerwca 1951"
MP,1951,58,1951-07-05,parser+ocr300,1951-07-05,text:warszawa,1951-07-05,,MP/1951/758,11,11," POLSKIEJ Warszawa, dnia 5 lipca 1951"
MP,1951,59,1951-07-10,parser+ocr300,1951-07-10,text:warszawa,1951-07-10,,MP/1951/769,21,21,"OLSKIEJ . Warszawa, dnia 10 lipca 1951"
MP,1951,60,1951-07-13,parser+ocr300,1951-07-13,text:warszawa,1951-07-13,,MP/1951/790,23,23," POLSKIEJ Warszawa, dnia 13 lipca 1951"
MP,1951,61,1951-07-16,parser+ocr300,1951-07-16,ocr:warszawa,1951-07-16,,MP/1951/813,12,12," 5 4 s ś Warszawa, dnia 16 lipca 1951"
MP,1951,62,1951-07-17,obraz+parser,1951-07-17,text:warszawa,1951-07-17,1951-07-17,MP/1951/825,1,1," POLSKIEJ WarszaUJa, dnia 17 lipca 1951"
MP,1951,63,1951-07-20,parser+ocr300,1951-07-20,text:warszawa,1951-07-20,,MP/1951/826,8,8," POLSKIEJ Warszawa, dnia 20 lipca 1951"
MP,1951,64,1951-07-25,parser+ocr300,1951-07-25,ocr:warszawa,1951-07-25,,MP/1951/834,24,24,"SPOLITEJ Warszawa, dnia 25 lipca 1951"
MP,1951,65,1951-07-27,parser+ocr300,1951-07-27,ocr:warszawa,1951-07-27,,MP/1951/858,2,2,"POLSKIEJ Warszawa, dnia 27 lipca 1951"
MP,1951,66,1951-07-31,obraz+parser,1951-07-31,ocr:warszawa,1951-07-31,1951-07-31,MP/1951/860,19,19," nlanóuy Warszawa, dnia 31 lipca 1951"
MP,1951,67,1951-08-04,obraz+parser,1951-08-04,ocr:warszawa,1951-08-04,1951-08-04,MP/1951/879,7,7,"ch zuży- Warszawa, dnia 4 sierpnia 1951"
MP,1951,68,1951-08-06,obraz+parser,1951-08-06,ocr:warszawa,1951-08-06,1951-08-06,MP/1951/886,9,9,"ieaewank Warszawa, dnia 6 sierpnia 1951"
MP,1951,69,1951-08-07,parser+ocr300,1951-08-07,ocr:warszawa,1951-08-07,,MP/1951/895,6,6,"POLSKIEJ Warszawa, dnia 7 sierpnia 1951"
MP,1951,70,1951-08-11,parser+ocr300,1951-08-11,text:warszawa,1951-08-11,,MP/1951/901,15,15," POLSKIEJ Warszama, dnia II sierpnia 1951"
MP,1951,71,1951-08-14,parser+ocr300,1951-08-14,ocr:warszawa,1951-08-14,,MP/1951/916,10,10,"POLSKIEJ Warszawa, dnia 14 sierpnia 1951"
MP,1951,72,1951-08-17,parser+ocr300,1951-08-17,text:warszawa,1951-08-17,,MP/1951/926,6,6," POLSKIEJ Warszawa, dnia 17 sierpnia 1951"
MP,1951,73,1951-08-22,parser+ocr300,1951-08-22,ocr:warszawa,1951-08-22,,MP/1951/932,37,37,"POLSKIEJ Warszawa, dnia 22 sierpnia 1951"
MP,1951,74,1951-08-23,parser+ocr300,1951-08-23,ocr:warszawa,1951-08-23,,MP/1951/969,54,54,"POLSKIEJ Warszawa, dnia 23 sierpnia 1951"
MP,1951,75,1951-08-25,parser+ocr300,1951-08-25,ocr:warszawa,1951-08-25,,MP/1951/1023,15,15,"POLSKIEJ Warszawa, dnia 25 sierpnia 1951"
MP,1951,76,1951-08-29,parser+ocr300,1951-08-29,text:warszawa,1951-08-29,,MP/1951/1038,21,21," POLSKIEJ Warszawa, dnia 29 sierpnia 1951"
MP,1951,77,1951-08-31,parser+ocr300,1951-08-31,ocr:warszawa,1951-08-31,,MP/1951/1059,13,13,"POLSKIEJ Warszawa, dnia 31 sierpnia 1951"
MP,1951,78,1951-09-05,parser+ocr300,1951-09-05,text:warszawa,1951-09-05,,MP/1951/1072,5,5," POLSKIEJ Warszawa, dnia 5 września 1951"
MP,1951,79,1951-09-06,parser+ocr300,1951-09-06,ocr:warszawa,1951-09-06,,MP/1951/1077,26,26,"POLSKIEJ Warszawa, dnia 6 września 1951"
MP,1951,80,1951-09-14,parser+ocr300,1951-09-14,text:warszawa,1951-09-14,,MP/1951/1103,12,12,"JPOLSKIEJ Warszawa, dnia l4 września 1951"
MP,1951,81,1951-09-15,parser+ocr300,1951-09-15,ocr:warszawa,1951-09-15,,MP/1951/1115,15,15,"POLSKIEJ Warszawa, dnia 15 września 1951"
MP,1951,82,1951-09-21,parser+ocr300,1951-09-21,ocr:warszawa,1951-09-21,,MP/1951/1130,21,21,"POLSKIEJ Warszawa, dnia 21 września 1951"
MP,1951,83,1951-09-22,parser+ocr300,1951-09-22,text:warszawa,1951-09-22,,MP/1951/1151,2,2," , I . Warszawa, dnia 22 września 1951"
MP,1951,84,1951-09-26,parser+ocr300,1951-09-26,ocr:warszawa,1951-09-26,,MP/1951/1153,7,7,"POLSKIEJ Warszawa, dnia 26 września 1951"
MP,1951,85,1951-09-29,parser+ocr300,1951-09-29,ocr:warszawa,1951-09-29,,MP/1951/1160,17,17,"POLSKIEJ Warszawa, dnia 29 września 1951"
MP,1951,86,1951-10-05,parser+ocr300,1951-10-05,ocr:warszawa,1951-10-05,,MP/1951/1177,14,14,"R POLSKI Warszawa, dnia 5 października 1951"
MP,1951,87,1951-10-08,parser+ocr300,1951-10-08,text:warszawa,1951-10-08,,MP/1951/1191,20,20,"POLSI{IEJ Warszawa, dnia 8 października 1951"
MP,1951,88,1951-10-15,parser+ocr300,1951-10-15,ocr:warszawa,1951-10-15,,MP/1951/1211,11,11,"KOC + Ki Warszawa, dnia 15 października 1951"
MP,1951,89,1951-10-20,obraz+parser,1951-10-20,ocr:warszawa,1951-10-20,1951-10-20 1951-10-20,MP/1951/1222,10,10,"POLSKIEJ Warszawa, dnia 20 października 1951"
MP,1951,90,1951-10-25,obraz+parser,1951-10-25,ocr:warszawa,1951-10-25,1951-10-25,MP/1951/1232,12,12,"nha sAa_ Warszawa, dnia 25 października 1951"
MP,1951,91,1951-10-26,parser+ocr300,1951-10-26,text:warszawa,1951-10-26,,MP/1951/1244,22,22," POLSKIEJ Warszawa, dnia 26 października 1951"
MP,1951,92,1951-10-31,obraz+parser,1951-10-31,ocr:warszawa,1951-10-31,1951-10-31,MP/1951/1266,9,9,"w z dnia Warszawa, dnia 31 października 1951"
MP,1951,93,1951-11-10,parser+ocr300,1951-11-10,ocr:warszawa,1951-11-10,,MP/1951/1275,22,22,"POLSKIEJ Warszawa, dnia 10 listopada 1951"
MP,1951,94,1951-11-15,parser+ocr300,1951-11-15,text:warszawa,1951-11-15,,MP/1951/1297,21,21," POLSKIEJ Warszawa, dnia 15 listopada 1951"
MP,1951,95,1951-11-22,parser+ocr300,1951-11-22,ocr:warszawa,1951-11-22,,MP/1951/1318,17,17,"POLSKIEJ Warszawa, dnia 22 listopada 1951"
MP,1951,96,1951-11-29,parser+ocr300,1951-11-29,ocr:warszawa,1951-11-29,,MP/1951/1335,11,11,"POLSKIEJ Warszawa, dnia 29 listopada 1951"
MP,1951,97,1951-11-30,parser+ocr300,1951-11-30,ocr:warszawa,1951-11-30,,MP/1951/1346,44,44,"SKIEJ —. Warszawa, dnia 30 listopada 1951"
MP,1951,98,1951-12-07,parser+ocr300,1951-12-07,ocr:warszawa,1951-12-07,,MP/1951/1390,10,10," TT J1.- Warszawa, dnia 7 grudnia 1951"
MP,1951,99,1951-12-10,parser+ocr300,1951-12-10,text:warszawa,1951-12-10,,MP/1951/1400,63,63,"POLSI{IEJ Warszawa, dnia 10 grudnia 1951"
MP,1951,100,1951-12-13,obraz+parser,1951-12-13,ocr:warszawa,1951-12-13,1951-12-13,MP/1951/1463,14,14,"nych re- Warszawa, dnia 13 grudnia 1951"
MP,1951,101,1951-12-17,parser+ocr300,1951-12-17,text:warszawa,1951-12-17,,MP/1951/1477,1,1," Nr A-IOI Warszawa, dnia 17 grudnia 1951"
MP,1951,102,1951-12-21,parser+ocr300,1951-12-21,ocr:warszawa,1951-12-21,,MP/1951/1478,14,14,"POLSKIEJ Warszawa, dnia 21 grudnia 1951"
MP,1951,103,1951-12-24,obraz+parser,1951-12-24,ocr:warszawa,1951-12-24,1951-12-24,MP/1951/1492,18,18,"EJ iS U Warszawa, dnia 24 grudnia 1951"
MP,1951,104,1951-11-15,parser+ocr300,1951-11-15,text:warszawa,1951-11-15,numer/przedruk inny,MP/1951/1510,7,7," POLSKIEJ Warszawa, dnia 15 listopada 1951"
MP,1951,105,,bez odczytu (do obrazu),,none,,brak winiety na s. 1,MP/1951/1517,30,30,
MP,1951,106,1951-12-31,parser+ocr300,1951-12-31,ocr:warszawa,1951-12-31,,MP/1951/1547,13,13,"POLSKIEJ Warszawa, dnia 31 grudnia 1951"
MP,1952,1,1952-01-11,parser+ocr300,1952-01-11,ocr:warszawa,1952-01-11,,MP/1952/1,29,29,"POLSKIEJ Warszawa, dnia 11 stycznia 1952"
MP,1952,2,1952-01-15,parser+ocr300,1952-01-15,ocr:warszawa,1952-01-15,,MP/1952/30,8,8,"POLSKIEJ Warszawa, dnia 15 stycznia 1952"
MP,1952,3,1952-01-17,parser+ocr300,1952-01-17,ocr:warszawa,1952-01-17,,MP/1952/38,11,11,"Warszawa, dnia 17 stycznia 1952"
MP,1952,4,1952-01-19,obraz+parser (trzeci odczyt inny),1952-01-19,text:warszawa,1953-01-19,1952-01-19,MP/1952/49,4,4," POLSKIEJ Warszawa, dnia 19 stycznia 1952"
MP,1952,5,1952-01-21,parser+ocr300,1952-01-21,ocr:warszawa,1952-01-21,,MP/1952/53,6,6,"POLSKIEJ Warszawa, dnia 21 stycznia 1952"
MP,1952,6,1952-01-23,parser+ocr300,1952-01-23,text:warszawa,1952-01-23,,MP/1952/59,5,5," POLSKIEJ Warszawa, dnia 23 stycznia 1952"
MP,1952,7,1952-01-24,parser+ocr300,1952-01-24,text:warszawa,1952-01-24,,MP/1952/64,12,12," POLSKIEJ Warszawa, dnia 24 stycznia 1952"
MP,1952,8,1952-01-25,parser+ocr300,1952-01-25,text:warszawa,1952-01-25,,MP/1952/76,1,1, POLSKIEJ WarszaUJa. dnia 25 stycznia 1952
MP,1952,9,1952-01-28,parser+ocr300,1952-01-28,text:warszawa,1952-01-28,,MP/1952/77,22,22," Nr A-g Warszawa, dnia 28 stycznia 1952"
MP,1952,10,1952-01-30,parser+ocr300,1952-01-30,text:warszawa,1952-01-30,,MP/1952/99,6,6," POLSKIEJ Warszawa, dnia 30 stycznia 1952"
MP,1952,11,1952-02-05,parser+ocr300,1952-02-05,ocr:warszawa,1952-02-05,,MP/1952/105,18,18,"POLSKIEJ Warszawa, dnia 5 lutego 1952"
MP,1952,12,1952-02-06,parser+ocr300,1952-02-06,text:warszawa,1952-02-06,,MP/1952/123,10,10," POLSKIEJ Warszawa, dnia 6 lutego 1952"
MP,1952,13,1952-02-11,parser+ocr300,1952-02-11,text:warszawa,1952-02-11,,MP/1952/133,18,18," POLSKIEJ Warszawa, dnia 11 lutego 1952"
MP,1952,14,1952-02-14,parser+ocr300,1952-02-14,text:warszawa,1952-02-14,,MP/1952/151,23,23,"'Nr A-14 Warszawa, dnia 14 lutego 1952"
MP,1952,15,1952-02-20,parser+ocr300,1952-02-20,ocr:warszawa,1952-02-20,,MP/1952/174,9,9," 1952 r. Warszawa, dnia 20 lutego 1952"
MP,1952,16,1952-02-25,parser+ocr300,1952-02-25,text:warszawa,1952-02-25,,MP/1952/183,21,21," POLSKIEJ Warszawa, dnia 25 lutego 1952"
MP,1952,17,1952-02-27,parser+ocr300,1952-02-27,text:warszawa,1952-02-27,,MP/1952/204,6,6," POLSKIEJ Warszawa, dnia 27 lutego 1952"
MP,1952,18,1952-03-03,parser+ocr300,1952-03-03,text:warszawa,1952-03-03,,MP/1952/210,26,26," POLSKIEJ Warszawa, dnia 3 marca 1952"
MP,1952,19,1952-03-04,parser+ocr300,1952-03-04,ocr:warszawa,1952-03-04,,MP/1952/236,3,3,"POLSKIEJ Warszawa, dnia 4 marca 1952"
MP,1952,20,1952-03-05,parser+ocr300,1952-03-05,ocr:warszawa,1952-03-05,,MP/1952/239,13,13,"6 NOMECJ Warszawa, dnia 5 marca 1952"
MP,1952,21,1952-03-12,parser+ocr300,1952-03-12,text:warszawa,1952-03-12,,MP/1952/252,23,23," POLSKIEJ Warszawa, dnia 12 marca 1952"
MP,1952,22,1952-03-15,parser+ocr300,1952-03-15,text:warszawa,1952-03-15,,MP/1952/275,17,17,"POLSI\IEJ Warszawa, dnia 15 marca 1952"
MP,1952,23,1952-03-19,parser+ocr300,1952-03-19,text:warszawa,1952-03-19,,MP/1952/292,12,12,"OLSKIEJ , Warszawa, ' dnia 19 marca 1952"
MP,1952,24,1952-03-20,parser+ocr300,1952-03-20,text:warszawa,1952-03-20,,MP/1952/304,6,6," POLSKIEJ Warszawa, dnia 20 marca 1952"
MP,1952,25,,bez odczytu (do obrazu),,none,,brak winiety na s. 1,MP/1952/310,28,28,
MP,1952,26,1952-03-28,obraz+parser,1952-03-28,text:warszawa,1952-03-28,1952-03-28,MP/1952/338,15,15," POLSKIEJ Warszawa, dnia 28 marca 1952"
MP,1952,27,1952-03-31,parser+ocr300,1952-03-31,ocr:warszawa,1952-03-31,,MP/1952/353,31,31,"POLSKIEJ Warszawa, dnia 31 marca 1952"
MP,1952,28,1952-04-07,parser+ocr300,1952-04-07,text:warszawa,1952-04-07,,MP/1952/384,37,37," POLSKIEJ Warszawa, dnia 7 kwietnia 1952"
MP,1952,29,1952-04-10,obraz+ocr300,,none,1952-04-10,1952-04-10,MP/1952/421,19,19,
MP,1952,30,1952-04-15,parser+ocr300,1952-04-15,text:warszawa,1952-04-15,,MP/1952/440,10,10," Nr A-30 Warszawa, dnia 15 kwietnia 1952"
MP,1952,31,1952-04-17,parser+ocr300,1952-04-17,ocr:warszawa,1952-04-17,,MP/1952/450,5,5,"POLSKIEJ Warszawa, dnia 17 kwietnia 1952"
MP,1952,32,1952-04-21,parser+ocr300,1952-04-21,ocr:warszawa,1952-04-21,,MP/1952/455,21,21,"POLSKIEJ Warszawa, dnia 21 kwietnia 1952"
MP,1952,33,1952-04-26,parser+ocr300,1952-04-26,text:warszawa,1952-04-26,,MP/1952/476,8,8," POLSKIEJ Warszawa, dnia 26 kwietnia 1952"
MP,1952,34,1952-04-30,parser+ocr300,1952-04-30,text:warszawa,1952-04-30,,MP/1952/484,20,20," POLSKJEJ Warszawa, dnia 30 kwietnia 1952"
MP,1952,35,1952-05-07,parser+ocr300,1952-05-07,text:warszawa,1952-05-07,,MP/1952/504,26,26," POLSKIEJ Warszawa, dnia 7 maja 1952"
MP,1952,36,1952-05-09,parser+ocr300,1952-05-09,text:warszawa,1952-05-09,,MP/1952/530,12,12," POLSKIEJ Warszawa, dnia 9 maja 1952"
MP,1952,37,1952-05-10,parser+ocr300,1952-05-10,text:warszawa,1952-05-10,,MP/1952/542,4,4," POLSKIEJ Warszawa, dnia 10 maja 1952"
MP,1952,38,1952-05-13,parser+ocr300,1952-05-13,text:warszawa,1952-05-13,,MP/1952/546,18,18,"L:-,ł\lEJ Warszawa, dnia 13 maja 1952"
MP,1952,39,1952-05-14,parser+ocr300,1952-05-14,text:warszawa,1952-05-14,,MP/1952/564,10,10,"OLSKIEJ \'Varszama, dnia 14 maja 1952"
MP,1952,40,1952-05-19,parser+ocr300,1952-05-19,text:warszawa,1952-05-19,,MP/1952/574,3,3," POLSłUEJ Warszawa, dnia 19 maja 1952"
MP,1952,41,1952-05-20,parser+ocr300,1952-05-20,text:warszawa,1952-05-20,,MP/1952/577,12,12,"POLSKIEJ \VarszaUJa, dnia 20 maja 1952"
MP,1952,42,1952-05-23,parser+ocr300,1952-05-23,text:warszawa,1952-05-23,,MP/1952/589,21,21," POLSKIEJ Warszawa, dnia 23 maja 1952"
MP,1952,43,1952-05-26,parser+ocr300,1952-05-26,ocr:warszawa,1952-05-26,,MP/1952/610,8,8,"POLSKIEJ Warszawa, dnia 26 maja 1952"
MP,1952,44,1952-05-29,parser+ocr300,1952-05-29,text:warszawa,1952-05-29,,MP/1952/618,17,17," POLSKIEJ Warszama, dnia 29 maja 1952"
MP,1952,45,1952-05-30,parser+ocr300,1952-05-30,text:warszawa,1952-05-30,,MP/1952/635,4,4," POLSKIEJ Warszawa, dnia 30 maja 1952"
MP,1952,46,1952-05-31,parser+ocr300,1952-05-31,text:warszawa,1952-05-31,,MP/1952/639,5,5,POLSKIEJ \Varszawa. dnia 31 maja 1952
MP,1952,47,1952-06-04,parser+ocr300,1952-06-04,text:warszawa,1952-06-04,,MP/1952/644,8,8," POLSHIEJ Warszawa, dnia 4 czerwca 1952"
MP,1952,48,1952-06-06,obraz+parser,1952-06-06,ocr:warszawa,1952-06-06,1952-06-06,MP/1952/652,15,15,"POLSKIEJ Warszawa, dnia 6 czerwca 1952"
MP,1952,49,1952-06-07,parser+ocr300,1952-06-07,text:warszawa,1952-06-07,,MP/1952/667,10,10,"POLSKIEJ \Varszawa, dnia 7 czerwca 1952"
MP,1952,50,1952-06-13,parser+ocr300,1952-06-13,text:warszawa,1952-06-13,,MP/1952/677,9,9,"JPOLSKIEJ Warszawa, dnia 13 czerwca 1952"
MP,1952,51,1952-06-17,parser+ocr300,1952-06-17,text:warszawa,1952-06-17,,MP/1952/686,15,15," POLSKIEJ Warszawa, dnia 17 czerwca 1952"
MP,1952,52,1952-06-20,parser+ocr300,1952-06-20,ocr:warszawa,1952-06-20,,MP/1952/701,80,80,"POLSKIEJ Warszawa, dnia 20 czerwca 1952"
MP,1952,53,1952-06-23,parser+ocr300,1952-06-23,text:warszawa,1952-06-23,,MP/1952/781,14,14," POLSKIEJ Warszawa, dnia 23 czerwca 1952"
MP,1952,54,1952-06-26,parser+ocr300,1952-06-26,text:warszawa,1952-06-26,,MP/1952/795,11,11,"I EJ .. Warszawa, dnia 26 czerwca 1952"
MP,1952,55,1952-06-28,obraz+ocr300 (trzeci odczyt inny),1952-06-23,text:warszawa,1952-06-28,1952-06-28,MP/1952/806,60,60," POLSKIEJ Warszawa, dnia 23 czerwca 1952"
MP,1952,56,1952-06-30,parser+ocr300,1952-06-30,text:warszawa,1952-06-30,,MP/1952/866,8,8,"------E S Warszawa, dnia 30 czerwca 1952"
MP,1952,57,1952-07-04,parser+ocr300,1952-07-04,ocr:warszawa,1952-07-04,,MP/1952/874,16,16,"POLSKIEJ Warszawa, dnia 4 lipca 1952"
MP,1952,58,1952-07-09,parser+ocr300,1952-07-09,text:warszawa,1952-07-09,,MP/1952/890,9,9," POLSRIEJ Warszawa, dnia 9 lipca 1952"
MP,1952,59,1952-07-12,parser+ocr300,1952-07-12,text:warszawa,1952-07-12,,MP/1952/899,13,13," POLSKIEJ Warszawa, dnia 12 lipca 1952"
MP,1952,60,1952-07-14,parser+ocr300,1952-07-14,text:warszawa,1952-07-14,,MP/1952/912,4,4," POLSKIEJ Warszawa, dnia 14 lipca 1952"
MP,1952,61,1952-07-18,parser+ocr300,1952-07-18,text:warszawa,1952-07-18,,MP/1952/916,19,19," POLSKIEJ Warszawa, dnia 18 lipca 1952"
MP,1952,62,1952-07-21,parser+ocr300,1952-07-21,ocr:warszawa,1952-07-21,,MP/1952/935,15,15,"POLSKIEJ Warszawa, dnia 21 lipca 1952"
MP,1952,63,1952-07-26,parser+ocr300,1952-07-26,ocr:warszawa,1952-07-26,,MP/1952/950,24,24," LUDOWEJ Warszawa, dnia 26 lipca 1952"
MP,1952,64,1952-07-30,parser+ocr300,1952-07-30,text:warszawa,1952-07-30,,MP/1952/974,20,20,"SPOLITEJ Warszawa, dnia 30 lipca 1952"
MP,1952,65,1952-08-05,parser+ocr300,1952-08-05,text:warszawa,1952-08-05,,MP/1952/994,13,13," LUDOWfJ Warszawa, dnia 5 sierpnia 1952"
MP,1952,66,1952-08-08,parser+ocr300,1952-08-08,text:warszawa,1952-08-08,,MP/1952/1007,12,12,"SPOLITEJ Warszawa, dnia 8 sierpnia 1952"
MP,1952,67,1952-08-11,parser+ocr300,1952-08-11,text:warszawa,1952-08-11,,MP/1952/1019,7,7," LUDOWEJ Warszawa, dnia II sierpnia 1952"
MP,1952,68,1952-08-16,parser+ocr300,1952-08-16,text:warszawa,1952-08-16,,MP/1952/1026,13,13," Nr A-S8 Warszawa, dnia 16 sierpnia 1952"
MP,1952,69,1952-08-21,parser+ocr300,1952-08-21,text:warszawa,1952-08-21,,MP/1952/1039,14,14,"SPOLITEJ Warszawa, dnia 21 sierpnia 1952"
MP,1952,70,1952-08-25,parser+ocr300,1952-08-25,text:warszawa,1952-08-25,,MP/1952/1053,98,98," Nr A-70 Warszawa, dnia 25 sierpnia 1952"
MP,1952,71,1952-08-27,parser+ocr300,1952-08-27,ocr:warszawa,1952-08-27,,MP/1952/1151,2,2," LUDOWEJ Warszawa, dnia 27 sierpnia 1952"
MP,1952,72,1952-08-28,parser+ocr300,1952-08-28,text:warszawa,1952-08-28,,MP/1952/1153,2,2,"SPOLITEJ Warszawa, dnia 28 sierpnia 1952"
MP,1952,73,1952-08-30,parser+ocr300,1952-08-30,text:warszawa,1952-08-30,,MP/1952/1155,22,22," LUDOWEJ Warszawa, dnia 30 sierpnia 1952"
MP,1952,74,1952-09-04,parser+ocr300,1952-09-04,text:warszawa,1952-09-04,,MP/1952/1177,16,16,"SPOLITEJ Warszawa, dnia 4 września 1952"
MP,1952,75,1952-09-08,parser+ocr300,1952-09-08,ocr:warszawa,1952-09-08,,MP/1952/1193,15,15," LUDOWEJ Warszawa, dnia 8 września 1952"
MP,1952,76,1952-09-12,parser+ocr300,1952-09-12,text:warszawa,1952-09-12,,MP/1952/1208,10,10,"SPOLITEJ Warszawa, dnia 12 września 1952"
MP,1952,77,1952-09-16,parser+ocr300,1952-09-16,text:warszawa,1952-09-16,,MP/1952/1218,13,13," LUDOWEJ Warszawa, dnia 16 września 1952"
MP,1952,78,1952-09-19,parser+ocr300,1952-09-19,text:warszawa,1952-09-19,,MP/1952/1231,24,24," LUDOWEJ Warszatua, dnia 19 września 1952"
MP,1952,79,1952-09-22,obraz+ocr300,,none,1952-09-22,1952-09-22,MP/1952/1255,28,28,
MP,1952,80,1952-09-24,parser+ocr300,1952-09-24,text:warszawa,1952-09-24,,MP/1952/1283,18,18,"SPOLlTEI Warszawa, dnia 24 września 1952"
MP,1952,81,1952-09-26,obraz+parser,1952-09-26,ocr:warszawa,1952-09-26,1952-09-26 1952-09-26,MP/1952/1301,5,5," LUDOWEJ Warszawa, dnia 26 września 1952"
MP,1952,82,1952-09-30,parser+ocr300,1952-09-30,text:warszawa,1952-09-30,,MP/1952/1306,20,20,"Nr A-82 \Varszawa, dnia 30 września 1952"
MP,1952,83,1952-10-03,parser+ocr300,1952-10-03,text:warszawa,1952-10-03,,MP/1952/1326,3,3,"SPOLITEJ WarszaUJa, dnia 3 października 1952"
MP,1952,84,1952-10-08,parser+ocr300,1952-10-08,ocr:warszawa,1952-10-08,,MP/1952/1329,6,6," LUDOWEJ Warszawa, dnia 8 października 1952"
MP,1952,85,1952-10-11,parser+ocr300,1952-10-11,text:warszawa,1952-10-11,,MP/1952/1335,16,16," LUDOWEJ Warszawa, dnia II października 1952"
MP,1952,86,1952-10-15,parser+ocr300,1952-10-15,text:warszawa,1952-10-15,,MP/1952/1351,17,17,"SPOLITEJ Warszawa, dnia 15 października 1952"
MP,1952,87,1952-10-18,parser+ocr300,1952-10-18,text:warszawa,1952-10-18,,MP/1952/1368,1,1," LUDOWEJ Warszawa, dnia 18 października 1952"
MP,1952,88,1952-10-18,obraz+ocr300 (trzeci odczyt inny),1952-10-13,text:warszawa,1952-10-18,1952-10-18,MP/1952/1369,7,7,"SPOLITEJ Warszawa, dnia 13 października 1952"
MP,1952,89,,bez odczytu (do obrazu),,none,,brak winiety na s. 1,MP/1952/1376,17,17,
MP,1952,90,,bez odczytu (do obrazu),,none,,brak winiety na s. 1,MP/1952/1393,21,21,
MP,1952,91,,bez odczytu (do obrazu),,none,,,MP/1952/1414,1,1,
MP,1952,92,,bez odczytu (do obrazu),,none,,brak winiety na s. 1,MP/1952/1415,23,23,
MP,1952,93,,bez odczytu (do obrazu),,none,,brak winiety na s. 1,MP/1952/1438,21,21,
MP,1952,94,,bez odczytu (do obrazu),,none,,,MP/1952/1459,6,6,
MP,1952,95,,bez odczytu (do obrazu),,none,,,MP/1952/1465,5,5,
MP,1952,96,,bez odczytu (do obrazu),,none,,,MP/1952/1470,8,8,
MP,1952,97,,bez odczytu (do obrazu),,none,,brak winiety na s. 1,MP/1952/1478,23,23,
MP,1952,98,,bez odczytu (do obrazu),,none,,brak winiety na s. 1,MP/1952/1501,13,13,
MP,1952,99,,bez odczytu (do obrazu),,none,,brak winiety na s. 1,MP/1952/1514,12,12,
MP,1952,100,,bez odczytu (do obrazu),,none,,,MP/1952/1526,6,6,
MP,1952,101,,bez odczytu (do obrazu),,none,,brak winiety na s. 1,MP/1952/1532,33,33,
MP,1952,102,,bez odczytu (do obrazu),,none,,brak winiety na s. 1,MP/1952/1565,21,21,
MP,1952,103,,bez odczytu (do obrazu),,none,,brak winiety na s. 1,MP/1952/1586,26,26,
MP,1952,104,,bez odczytu (do obrazu),,none,,brak winiety na s. 1,MP/1952/1612,14,14,
MP,1952,105,,bez odczytu (do obrazu),,none,,,MP/1952/1626,11,11,
MP,1952,106,,bez odczytu (do obrazu),,none,,brak winiety na s. 1,MP/1952/1637,19,19,
MP,1952,107,,bez odczytu (do obrazu),,none,,brak winiety na s. 1,MP/1952/1656,46,46,
MP,1953,1,1953-01-14,parser+ocr300,1953-01-14,text:warszawa,1953-01-14,,MP/1953/1,24,24,"LU DOWEJ Warszawa, dnia 14 stycznia 1953"
MP,1953,2,1953-01-17,parser+ocr300,1953-01-17,ocr:warszawa,1953-01-17,,MP/1953/25,6,6," LUSOWEJ Warszawa, dnia 17 stycznia 1953"
MP,1953,3,1953-01-19,parser+ocr300,1953-01-19,ocr:warszawa,1953-01-19,,MP/1953/31,7,7," LUDOWEJ Warszawa, dnia 19 stycznia 1953"
MP,1953,4,1953-01-20,parser+ocr300,1953-01-20,ocr:warszawa,1953-01-20,,MP/1953/38,8,8," LUDOWEJ Warszawa, dnia 20 stycznia 1953"
MP,1953,5,1953-01-24,parser+ocr300,1953-01-24,ocr:warszawa,1953-01-24,,MP/1953/46,12,12," LUDOWEJ Warszawa, dnia 24 stycznia 1953"
MP,1953,6,1953-01-26,parser+ocr300,1953-01-26,text:warszawa,1953-01-26,,MP/1953/58,13,13,"SPOLITEJ Warszawa, dnia 26 stycznia 1953"
MP,1953,7,1953-01-27,parser+ocr300,1953-01-27,text:warszawa,1953-01-27,,MP/1953/71,37,37,"SPOLITEJ Warszawa, dnia 27 stycznia 1953"
MP,1953,8,1953-01-29,parser+ocr300,1953-01-29,text:warszawa,1953-01-29,,MP/1953/108,9,9,"SPOLITEł Warszawa, dnia 29 stycznia 1953"
MP,1953,9,1953-01-30,parser+ocr300,1953-01-30,text:warszawa,1953-01-30,,MP/1953/117,18,18,"SPOLITEJ Warszawa, dnia 30 stycznia 1953"
MP,1953,10,1953-01-31,parser+ocr300,1953-01-31,ocr:warszawa,1953-01-31,,MP/1953/135,16,16," LUDOWEJ Warszawa, dnia 31 stycznia 1953"
MP,1953,11,1953-02-06,obraz+parser,1953-02-06,ocr:warszawa,1953-02-06,1953-02-06,MP/1953/151,16,16,"atów wy- Warszawa, dnia 6 lutego 1953"
MP,1953,12,1953-02-11,parser+ocr300,1953-02-11,text:warszawa,1953-02-11,,MP/1953/167,10,10,"POLITEJ \Varszawa, dnia 11 lutego 1953"
MP,1953,13,1953-02-13,parser+ocr300,1953-02-13,text:warszawa,1953-02-13,,MP/1953/177,11,11,"PDLITEJ \Varszama, dnia 13 lutego 1953"
MP,1953,14,1953-02-16,parser+ocr300,1953-02-16,text:warszawa,1953-02-16,,MP/1953/188,14,14,"J LUDOWEI Warszawa, dnia 16 lutego 1953"
MP,1953,15,1953-02-19,parser+ocr300,1953-02-19,ocr:warszawa,1953-02-19,,MP/1953/202,20,20," LUDOWEJ Warszawa, dnia 19 lutego 1953"
MP,1953,16,1953-02-23,parser+ocr300,1953-02-23,text:warszawa,1953-02-23,,MP/1953/222,14,14,"SPOLITEJ Warszawa, dnia 23 lutego 1953"
MP,1953,17,1953-02-24,parser+ocr300,1953-02-24,text:warszawa,1953-02-24,,MP/1953/236,9,9,"SPOLITEI Warszawa, dnia 24 lutego 1953"
MP,1953,18,1953-02-26,parser+ocr300,1953-02-26,ocr:warszawa,1953-02-26,,MP/1953/245,8,8," LUDOWEJ Warszawa, dnia 26 lutego 1953"
MP,1953,19,1953-02-27,parser+ocr300,1953-02-27,text:warszawa,1953-02-27,,MP/1953/253,14,14,"SPOLITEJ Warszawa, dnia 27 lutego 1953"
MP,1953,20,1953-02-28,obraz+ocr300 (trzeci odczyt inny),1953-02-23,text:warszawa,1953-02-28,1953-02-28,MP/1953/267,5,5,"URZĘDOWY Warszawa, dnia 23 lutego 1953"
MP,1953,21,1953-03-05,parser+ocr300,1953-03-05,text:warszawa,1953-03-05,,MP/1953/272,3,3," LUDOWEJ Warszawa, dnia 5 marca 1953"
MP,1953,22,1953-03-06,parser+ocr300,1953-03-06,text:warszawa,1953-03-06,,MP/1953/275,4,4," LUDOWEJ Warszawa, dnia 6 marca 1953"
MP,1953,23,1953-03-08,parser+ocr300,1953-03-08,text:warszawa,1953-03-08,,MP/1953/279,2,2,"J lUDDIEI Warszawa, dnia 8 marca 1953"
MP,1953,24,1953-03-14,parser+ocr300,1953-03-14,text:warszawa,1953-03-14,,MP/1953/281,18,18," LUDOWEJ Warszawa, dnia 14 marca 1953"
MP,1953,25,1953-03-21,parser+ocr300,1953-03-21,text:warszawa,1953-03-21,,MP/1953/299,2,2,"LUDOWEJ \Varszawa, dnia 21 marca 1953"
MP,1953,26,1953-03-26,parser+ocr300,1953-03-26,text:warszawa,1953-03-26,,MP/1953/301,10,10,"--Nr A-26 Warszawa, dnia 26 marca 1953"
MP,1953,27,1953-03-27,parser+ocr300,1953-03-27,text:warszawa,1953-03-27,,MP/1953/311,8,8, LUDOWEJ Warszawa. dnia 27 marca 1953
MP,1953,28,1953-03-28,parser+ocr300,1953-03-28,text:warszawa,1953-03-28,,MP/1953/319,25,25," LUDOWEJ Warszawa, dnia 28 marca 1953"
MP,1953,29,1953-03-31,parser+ocr300,1953-03-31,ocr:warszawa,1953-03-31,,MP/1953/344,22,22," LUDOWEJ Warszawa, dnia 31 marca 1953"
MP,1953,30,1953-04-09,parser+ocr300,1953-04-09,ocr:warszawa,1953-04-09,,MP/1953/366,23,23," LUDOWEJ Warszawa, dnia 9 kwietnia 1953"
MP,1953,31,1953-04-11,parser+ocr300,1953-04-11,text:warszawa,1953-04-11,,MP/1953/389,18,18,"--Nr A-3l Warszawa, dnia II kwietnia 1953"
MP,1953,32,1953-04-14,parser+ocr300,1953-04-14,text:warszawa,1953-04-14,,MP/1953/407,11,11," LUDOWEJ Warszawa, dnia 14 kwietnia 1953"
MP,1953,33,1953-04-18,parser+ocr300,1953-04-18,text:warszawa,1953-04-18,,MP/1953/418,14,14,"-Nr /A~33 Warszawa, dnia 18 kwietnia 1953"
MP,1953,34,1953-04-21,parser+ocr300,1953-04-21,text:warszawa,1953-04-21,,MP/1953/432,5,5," LUDOWEJ Warszawa, dnia 21 kwietnia 1953"
MP,1953,35,1953-04-22,parser+ocr300,1953-04-22,text:warszawa,1953-04-22,,MP/1953/437,11,11,"-------,. Warszawa, dnia 22 kwietnia 1953"
MP,1953,36,1953-04-24,parser+ocr300,1953-04-24,text:warszawa,1953-04-24,,MP/1953/448,12,12,"LUDOiVEI Warszawa, dnia 24 kwietnia 1953"
MP,1953,37,1953-04-29,parser+ocr300,1953-04-29,text:warszawa,1953-04-29,,MP/1953/460,12,12,"Nr A- 37 Warszalpa, dnia 29 kwietnia 1953"
MP,1953,38,1953-04-30,obraz+parser,1953-04-30,ocr:warszawa,1953-04-30,1953-04-30,MP/1953/472,10,10," LUDOWEJ Warszawa, dnia 30 kwietnia 1953"
MP,1953,39,1953-05-04,parser+ocr300,1953-05-04,text:warszawa,1953-05-04,,MP/1953/482,5,5," LUDOWEJ Warszawa, dnia 4 maja 1953"
MP,1953,40,1953-05-07,obraz×2,,none,,1953-05-07 1953-05-07,MP/1953/487,6,6,
MP,1953,41,1953-05-09,parser+ocr300,1953-05-09,ocr:warszawa,1953-05-09,,MP/1953/493,11,11," LUDOWEJ Warszawa, dnia 9 maja 1953"
MP,1953,42,1953-05-12,parser+ocr300,1953-05-12,ocr:warszawa,1953-05-12,,MP/1953/504,13,13," LUDOWEJ Warszawa, dnia 12 maja 1953"
MP,1953,43,1953-05-13,parser+ocr300,1953-05-13,ocr:warszawa,1953-05-13,,MP/1953/517,7,7," LUDOWEJ Warszawa, dnia 13 maja 1953"
MP,1953,44,1953-05-15,obraz+ocr300,,none,1953-05-15,1953-05-15,MP/1953/524,11,11,
MP,1953,45,1953-05-16,parser+ocr300,1953-05-16,ocr:warszawa,1953-05-16,,MP/1953/535,4,4," LUDOWEJ Warszawa, dnia 16 maja 1953"
MP,1953,46,1953-05-18,parser+ocr300,1953-05-18,text:warszawa,1953-05-18,,MP/1953/539,6,6," LUDOWEJ Warszau:a, dnia 18 maja 1953"
MP,1953,47,1953-05-20,parser+ocr300,1953-05-20,text:warszawa,1953-05-20,,MP/1953/545,4,4,"- Nr A-47 Warszama, dnia 20 maja 1953"
MP,1953,48,1953-05-21,parser+ocr300,1953-05-21,text:warszawa,1953-05-21,,MP/1953/549,7,7," LUDOWEJ Warszawa, dnia 21 maja 1953"
MP,1953,49,1953-05-22,parser+ocr300,1953-05-22,text:warszawa,1953-05-22,,MP/1953/556,7,7,"DOWEJ I Warszawa, dnia 22 maja 1953"
MP,1953,50,1953-05-24,parser+ocr300,1953-05-24,text:warszawa,1953-05-24,,MP/1953/563,6,6,"LUDO,WEJ Warszawa, dnia 24 maja 1953"
MP,1953,51,1953-05-29,parser+ocr300,1953-05-29,text:warszawa,1953-05-29,,MP/1953/569,12,12," LUDOWEJ Warszawa, dnia 29 maja 1953"
MP,1953,52,1953-05-30,obraz+parser,1953-05-30,text:warszawa,1953-05-30,1953-05-30,MP/1953/581,10,10," LUDOWEJ Warszawa, dnia 30 maja 1953"
MP,1953,53,1953-06-05,parser+ocr300,1953-06-05,text:warszawa,1953-06-05,,MP/1953/591,7,7,"URZĘDOWY Warszawa, dnia 5 czerwca 1953"
MP,1953,54,1953-06-09,parser+ocr300,1953-06-09,text:warszawa,1953-06-09,,MP/1953/598,82,82," LUDOWEJ Warszawa, dnia 9 czerwca 1953"
MP,1953,55,1953-06-11,parser+ocr300,1953-06-11,ocr:warszawa,1953-06-11,,MP/1953/680,21,21," LUDOWEJ Warszawa, dnia Il czerwca 1953"
MP,1953,56,1953-06-13,parser+ocr300,1953-06-13,text:warszawa,1953-06-13,,MP/1953/701,18,18,"- Nr A-56 Warszawa, dnia 13 czerwca 1953"
MP,1953,57,1953-06-16,parser+ocr300,1953-06-16,text:warszawa,1953-06-16,,MP/1953/719,12,12," LUDOWEJ Warszawa, dnia 16 czerwca 1953"
MP,1953,58,1953-06-20,parser+ocr300,1953-06-20,ocr:warszawa,1953-06-20,,MP/1953/731,9,9," LUDOWEJ Warszawa, dnia 20 czerwca 1953"
MP,1953,59,1953-06-22,parser+ocr300,1953-06-22,text:warszawa,1953-06-22,,MP/1953/740,2,2,"DZIENłHK Warszawa , dnia 22 czerwca 1953"
MP,1953,60,1953-06-24,parser+ocr300,1953-06-24,text:warszawa,1953-06-24,,MP/1953/742,1,1,"----- Nr Warszawa, dnia 24 czerwca 1953"
MP,1953,61,1953-06-27,parser+ocr300,1953-06-27,text:warszawa,1953-06-27,,MP/1953/743,10,10,"UDOWEJ - Warszawa, dnia 27 czerwca 1953"
MP,1953,62,1953-07-04,parser+ocr300,1953-07-04,text:warszawa,1953-07-04,,MP/1953/753,12,12,"SPOLITEJ Warszawa, dnia 4 lipca 1953"
MP,1953,63,1953-07-08,parser+ocr300,1953-07-08,text:warszawa,1953-07-08,,MP/1953/765,13,13,"U DOWEJ \Varszawa, dnia 8 lipca 1953"
MP,1953,64,1953-07-10,parser+ocr300,1953-07-10,text:warszawa,1953-07-10,,MP/1953/778,9,9," LUDOWEJ Warszawa, dnia 10 lipca 1953"
MP,1953,65,1953-07-14,parser+ocr300,1953-07-14,text:warszawa,1953-07-14,,MP/1953/787,3,3,"Nr A-S5 \VarszaUJa, dnia 14 lipca 1953"
MP,1953,66,1953-07-15,parser+ocr300,1953-07-15,text:warszawa,1953-07-15,,MP/1953/790,20,20,"J LUDOWEJ Warszawa, dnia 15 lipca 1953"
MP,1953,67,1953-07-16,parser+ocr300,1953-07-16,text:warszawa,1953-07-16,,MP/1953/810,22,22," LUDOWEJ Warszawa, dnia 16 lipca 1953"
MP,1953,68,1953-07-23,obraz+parser,1953-07-23,ocr:warszawa,1953-07-23,1953-07-23,MP/1953/832,6,6," LUDOWEJ Warszawa, dnia 23 lipca 1953"
MP,1953,69,1953-07-29,parser+ocr300,1953-07-29,ocr:warszawa,1953-07-29,,MP/1953/838,4,4," LUDOWEJ Warszawa, dnia 29 lipca 1953"
MP,1953,70,1953-07-30,parser+ocr300,1953-07-30,text:warszawa,1953-07-30,,MP/1953/842,15,15," LUDOWEJ Warszawa, dnia 30 lipca 1953"
MP,1953,71,1953-07-31,parser+ocr300,1953-07-31,text:warszawa,1953-07-31,,MP/1953/857,7,7," LUDOWEJ Warszawa, dnia 31 lipca 1953"
MP,1953,72,1953-08-06,parser+ocr300,1953-08-06,ocr:warszawa,1953-08-06,,MP/1953/864,11,11," LUDOWEJ Warszawa, dnia 6 sierpnia 1953"
MP,1953,73,1953-08-08,parser+ocr300,1953-08-08,ocr:warszawa,1953-08-08,,MP/1953/875,9,9," : a 4 cy Warszawa, dnia 8 sierpnia 1953"
MP,1953,74,1953-08-12,parser+ocr300,1953-08-12,ocr:warszawa,1953-08-12,,MP/1953/884,11,11," LUDOWEJ Warszawa, dnia 12 sierpnia 1953"
MP,1953,75,1953-08-20,parser+ocr300,1953-08-20,text:warszawa,1953-08-20,,MP/1953/895,12,12,"WU ~-... Warszawa, dnia 20 sierpnia 1953"
MP,1953,76,1953-08-22,parser+ocr300,1953-08-22,text:warszawa,1953-08-22,,MP/1953/907,11,11," Nr A-76 Warszawa, dnia 22 sierpnia 1953"
MP,1953,77,1953-08-25,parser+ocr300,1953-08-25,text:warszawa,1953-08-25,,MP/1953/918,10,10," LUDOWEJ Warszawa, dnia 25 sierpnia 1953"
MP,1953,78,1953-08-29,parser+ocr300,1953-08-29,ocr:warszawa,1953-08-29,,MP/1953/928,7,7," LUDOWEJ Warszawa, dnia 29 sierpnia 1953"
MP,1953,79,1953-08-31,parser+ocr300,1953-08-31,text:warszawa,1953-08-31,,MP/1953/935,15,15," Nr A-79 Warszawa, dnia 31 sierpnia 1953"
MP,1953,80,1953-09-07,parser+ocr300,1953-09-07,text:warszawa,1953-09-07,,MP/1953/950,8,8," LUDOWEJ Warszawa, dnia 7 września 1953"
MP,1953,81,1953-09-10,parser+ocr300,1953-09-10,text:warszawa,1953-09-10,,MP/1953/958,13,13," LUBOWEJ Warszawa, dnia 10 września 1953"
MP,1953,82,1953-09-12,parser+ocr300,1953-09-12,ocr:warszawa,1953-09-12,,MP/1953/971,8,8," LUDOWEJ Warszawa, dnia 12 września 1953"
MP,1953,83,1953-09-19,parser+ocr300,1953-09-19,ocr:warszawa,1953-09-19,,MP/1953/979,2,2," LUDOWEJ Warszawa, dnia 19 września 1953"
MP,1953,84,1953-09-20,parser+ocr300,1953-09-20,text:warszawa,1953-09-20,,MP/1953/981,27,27," LUDOWEJ \Varszawa, dnia 20 września 1953"
MP,1953,85,1953-09-21,parser+ocr300,1953-09-21,text:warszawa,1953-09-21,,MP/1953/1008,8,8,"POLl TEJ Warszawa, dnia 21 września 1953"
MP,1953,86,1953-09-26,parser+ocr300,1953-09-26,text:warszawa,1953-09-26,,MP/1953/1016,54,54," LUDOWEJ Warszawa, dnia 26 września 1953"
MP,1953,87,1953-09-28,parser+ocr300,1953-09-28,ocr:warszawa,1953-09-28,,MP/1953/1070,9,9," LUDOWEJ Warszawa, dnia 28 września 1953"
MP,1953,88,1953-09-29,parser+ocr300,1953-09-29,text:warszawa,1953-09-29,,MP/1953/1079,45,45," Nr A-SS Warszawa, dnia 29 września 1953"
MP,1953,89,1953-09-30,parser+ocr300,1953-09-30,text:warszawa,1953-09-30,,MP/1953/1124,3,3," LUDOWEJ Warszawa, dnia 30 września 1953"
MP,1953,90,1953-10-05,parser+ocr300,1953-10-05,text:warszawa,1953-10-05,,MP/1953/1127,103,103,"J LUDOWEJ Warszawa, dnia 5 października 1953"
MP,1953,91,1953-10-12,parser+ocr300,1953-10-12,text:warszawa,1953-10-12,,MP/1953/1230,10,10,"LU DO WEJ Warszawa, dnia 12 października 1953"
MP,1953,92,1953-10-14,parser+ocr300,1953-10-14,text:warszawa,1953-10-14,,MP/1953/1240,4,4,"U fjU~Ej Warszawa, dnia 14 października 1953"
MP,1953,93,1953-10-15,parser+ocr300,1953-10-15,ocr:warszawa,1953-10-15,,MP/1953/1244,51,51," LUOOWEJ Warszawa, dnia 15 października 1953"
MP,1953,94,1953-10-16,parser+ocr300,1953-10-16,text:warszawa,1953-10-16,,MP/1953/1295,21,21," LUDOWEJ Warszawa, dnia 16 października 1953"
MP,1953,95,1953-10-21,parser+ocr300,1953-10-21,ocr:warszawa,1953-10-21,,MP/1953/1316,12,12," LUDOWEJ Warszawa, dnia 21 października 1953"
MP,1953,96,1953-10-23,parser+ocr300,1953-10-23,text:warszawa,1953-10-23,,MP/1953/1328,17,17,"SPłLITEJ Warszawa, dnia 23 patdziernika 1953"
MP,1953,97,1953-10-28,parser+ocr300,1953-10-28,text:warszawa,1953-10-28,,MP/1953/1345,7,7,"DOWEJ ----Warszawa, dnia 28 paidziernika 1953"
MP,1953,98,1953-11-03,parser+ocr300,1953-11-03,text:warszawa,1953-11-03,,MP/1953/1352,8,8,"SPOLITEJ Warszawa, dnia 3 listopada 1953"
MP,1953,99,1953-11-09,parser+ocr300,1953-11-09,text:warszawa,1953-11-09,,MP/1953/1360,12,12," LUDOWEJ Warszawa, dnia 9 listopada 1953"
MP,1953,100,1953-11-13,parser+ocr300,1953-11-13,text:warszawa,1953-11-13,,MP/1953/1372,8,8," LUDOWEJ Warszawa, dnia 13 listopada 1953"
MP,1953,101,1953-11-14,obraz+parser,1953-11-14,ocr:warszawa,1953-11-14,1953-11-14 1953-11-14,MP/1953/1380,7,7," LUDOWEJ Warszawa, dnia 14 listopada 1953"
MP,1953,102,1953-11-17,parser+ocr300,1953-11-17,text:warszawa,1953-11-17,,MP/1953/1387,5,5,"- NrA-I02 Warszawa, dnia 17 listopada 1953"
MP,1953,103,1953-11-20,parser+ocr300,1953-11-20,ocr:warszawa,1953-11-20,,MP/1953/1392,7,7,"LUDOWEJ: Warszawa, dnia 20 listopada 1953"
MP,1953,104,1953-11-21,parser+ocr300,1953-11-21,ocr:warszawa,1953-11-21,,MP/1953/1399,12,12," LUDOWEJ Warszawa, dnia 21 listopada 1953"
MP,1953,105,1953-11-24,parser+ocr300,1953-11-24,text:warszawa,1953-11-24,,MP/1953/1411,7,7,"::.::.:EJ Warszawa, dnia 24 listopada 1953"
MP,1953,106,1953-11-28,parser+ocr300,1953-11-28,text:warszawa,1953-11-28,,MP/1953/1418,12,12,"DOWEJ · .Warszawa, dnia 28 listopada 1953"
MP,1953,107,1953-12-02,obraz+parser,1953-12-02,ocr:warszawa,1953-12-02,1953-12-02,MP/1953/1430,16,16,"w 'spra- Warszawa, dnia 2 grudnia 1953"
MP,1953,108,1953-12-05,parser+ocr300,1953-12-05,text:warszawa,1953-12-05,,MP/1953/1446,8,8," - --- --\VarSZ8wa, dnia 5 grudnia 1953"
MP,1953,109,1953-12-08,parser+ocr300,1953-12-08,text:warszawa,1953-12-08,,MP/1953/1454,7,7,"J LUDOWEJ Warszawa, dnia 8 grudnia 1953"
MP,1953,110,1953-12-12,parser+ocr300,1953-12-12,text:warszawa,1953-12-12,,MP/1953/1461,5,5,DO\VEJ. 'Varszawa. dnia 12 grudnia 1953
MP,1953,111,1953-12-15,parser+ocr300,1953-12-15,ocr:warszawa,1953-12-15,,MP/1953/1466,3,3," LUDOWEJ Warszawa, dnia 15 grudnia 1953"
MP,1953,112,1953-12-17,parser+ocr300,1953-12-17,ocr:warszawa,1953-12-17,,MP/1953/1469,7,7,"J LUDOWEJ Warszawa, dnia 17 grudnia 1953"
MP,1953,113,1953-12-23,parser+ocr300,1953-12-23,ocr:warszawa,1953-12-23,,MP/1953/1476,8,8," LUDOWEJ Warszawa, dnia 23 grudnia 1953"
MP,1953,114,1953-12-24,parser+ocr300,1953-12-24,text:warszawa,1953-12-24,,MP/1953/1484,11,11," LUDOWEJ Warszawa, dnia 24 grudnia 1953"
MP,1953,115,1953-12-29,parser+ocr300,1953-12-29,ocr:warszawa,1953-12-29,,MP/1953/1495,4,4," LUDOWEJ Warszawa, dnia 29 grudnia 1953"
MP,1953,116,1953-12-30,parser+ocr300,1953-12-30,text:warszawa,1953-12-30,,MP/1953/1499,15,15,"SPOLITEJ Warszawa, dnia 30 grudnia 1953"
MP,1953,117,1953-12-31,parser+ocr300,1953-12-31,text:warszawa,1953-12-31,,MP/1953/1514,12,12," LUDOVJEJ Warszawa, dnia 31 grudnia 1953"
MP,1954,1,1954-01-13,parser+ocr300,1954-01-13,text:warszawa,1954-01-13,,MP/1954/1,27,27," lUDOWEJ Warszawa, ,dnia 13 stycznia 1954"
MP,1954,2,1954-01-14,parser+ocr300,1954-01-14,text:warszawa,1954-01-14,,MP/1954/28,118,118,"-------- Warszawa, dnia l4 stycznia 1954"
MP,1954,3,1954-01-16,parser+ocr300,1954-01-16,text:warszawa,1954-01-16,,MP/1954/146,3,3,"J LUDOWEJ Warszawa, dnia 16 stycznia 1954"
MP,1954,4,1954-01-16,parser+ocr300,1954-01-16,text:warszawa,1954-01-16,,MP/1954/149,1,1,"SPOLITEJ Warszawa, dnia 16 stycznia 1954"
MP,1954,5,1954-01-18,parser+ocr300,1954-01-18,text:warszawa,1954-01-18,,MP/1954/150,15,15,"SPOLITEJ WarszaUJa, dnia 18 stycznia 1954"
MP,1954,6,1954-01-19,parser+ocr300,1954-01-19,ocr:warszawa,1954-01-19,,MP/1954/165,1,1," LUDOWEJ Warszawa, dnia 19 stycznia 1954"
MP,1954,7,1954-01-20,parser+ocr300,1954-01-20,text:warszawa,1954-01-20,,MP/1954/166,7,7,"LUDOWEJ \Varszawa, dnia 20 stycznia 1954"
MP,1954,8,1954-01-26,parser+ocr300,1954-01-26,text:warszawa,1954-01-26,,MP/1954/173,9,9,"---~---- Warszawa, dnia 26 stycznia 1954"
MP,1954,9,1954-01-27,parser+ocr300,1954-01-27,ocr:warszawa,1954-01-27,,MP/1954/182,20,20," LUDGWEJ Warszawa, dnia 27 stycznia 1954"
MP,1954,10,1954-01-28,parser+ocr300,1954-01-28,text:warszawa,1954-01-28,,MP/1954/202,72,72,"POLITEJ \Varszawa, dnia 28 stycznia 1954"
MP,1954,11,1954-01-29,parser+ocr300,1954-01-29,ocr:warszawa,1954-01-29,,MP/1954/274,12,12," LUDOWEJ Warszawa, dnia 29 stycznia 1954"
MP,1954,12,1954-01-30,obraz+parser,1954-01-30,ocr:warszawa,1954-01-30,1954-01-30,MP/1954/286,10,10," LUDOWEJ Warszawa, dnia 30 stycznia 1954"
MP,1954,13,1954-02-06,parser+ocr300,1954-02-06,text:warszawa,1954-02-06,,MP/1954/296,1,1,"LUDOWEJ ' Varszawa, dnia 6 lutego 1954"
MP,1954,14,1954-02-09,parser+ocr300,1954-02-09,text:warszawa,1954-02-09,,MP/1954/297,10,10," LUDOWEJ Warszawa, dnia 9 lutego 1954"
MP,1954,15,1954-02-11,parser+ocr300,1954-02-11,ocr:warszawa,1954-02-11,,MP/1954/307,9,9," LUGOWEJ Warszawa, dnia Il lutego 1954"
MP,1954,16,1954-02-12,parser+ocr300,1954-02-12,text:warszawa,1954-02-12,,MP/1954/316,1,1,"---~~~~~ Warszawa, dnia 12 lutego 1954"
MP,1954,17,1954-02-16,parser+ocr300,1954-02-16,ocr:warszawa,1954-02-16,,MP/1954/317,1,1," LUDOWEJ Warszawa, dnia 16 lutego 1954"
MP,1954,18,1954-02-18,parser+ocr300,1954-02-18,ocr:warszawa,1954-02-18,,MP/1954/318,12,12," LUZGWEJ Warszawa, dnia 18 lutego 1954"
MP,1954,19,1954-02-19,parser+ocr300,1954-02-19,ocr:warszawa,1954-02-19,,MP/1954/330,14,14," LUDOWEJ Warszawa, dnia 19 lutego 1954"
MP,1954,20,1954-02-22,parser+ocr300,1954-02-22,text:warszawa,1954-02-22,,MP/1954/344,7,7,"UDOW,EJ - Warszawa, 'dnia 22 lutego 1954"
MP,1954,21,1954-02-24,parser+ocr300,1954-02-24,text:warszawa,1954-02-24,,MP/1954/351,3,3,"ł/EJ · . Warszawa, dnia 24 lutego 1954"
MP,1954,22,1954-02-26,parser+ocr300,1954-02-26,ocr:warszawa,1954-02-26,,MP/1954/354,12,12," LUDOWEJ Warszawa, dnia 26 lutego 1954"
MP,1954,23,1954-03-09,parser+ocr300,1954-03-09,text:warszawa,1954-03-09,,MP/1954/366,20,20,"SPOLITEJ WarszaUJa, dnia 9 marca 1954"
MP,1954,24,1954-03-13,obraz+parser,1954-03-13,ocr:warszawa,,1954-03-13,MP/1954/386,19,19," LUDOWEJ Warszawa, dnia 13 marca 1954"
MP,1954,25,1954-03-17,parser+ocr300,1954-03-17,ocr:warszawa,1954-03-17,,MP/1954/405,4,4,"LUDOREJ. Warszawa, dnia 17 marca 1954"
MP,1954,26,1954-03-20,parser+ocr300,1954-03-20,text:warszawa,1954-03-20,,MP/1954/409,9,9,"LDDOWEJ ' Warszawa, dnia 20 marca 1954"
MP,1954,27,1954-03-22,parser+ocr300,1954-03-22,text:warszawa,1954-03-22,,MP/1954/418,13,13,"SPOLITEJ Warszawa, dnia 22 marca 1954"
MP,1954,28,1954-03-26,parser+ocr300,1954-03-26,ocr:warszawa,1954-03-26,,MP/1954/431,4,4," LUDOWEJ Warszawa, dnia 26 marca 1954"
MP,1954,29,1954-03-30,parser+ocr300,1954-03-30,ocr:warszawa,1954-03-30,,MP/1954/435,6,6,"LUDOWEJ, Warszawa, dnia 30 marca 1954"
MP,1954,30,1954-04-02,parser+ocr300,1954-04-02,ocr:warszawa,1954-04-02,,MP/1954/441,13,13," LUDOWEJ Warszawa, dnia 2 kwietnia 1954"
MP,1954,31,1954-04-03,parser+ocr300,1954-04-03,ocr:warszawa,1954-04-03,,MP/1954/454,6,6," LUDOWEJ Warszawa, dnia 3 kwietnia 1954"
MP,1954,32,1954-04-14,parser+ocr300,1954-04-14,ocr:warszawa,1954-04-14,,MP/1954/460,21,21," LUDOWEJ Warszawa, dnia 14 kwietnia 1954"
MP,1954,33,1954-04-16,parser+ocr300,1954-04-16,text:warszawa,1954-04-16,,MP/1954/481,7,7,"J LUDOWEJ Warszawa, dnia 16 kwietnia 1954"
MP,1954,34,1954-04-20,obraz+parser,1954-04-20,ocr:warszawa,1954-04-20,1954-04-20,MP/1954/488,5,5,"J LUDOWEJ Warszawa, dnia 20 kwietnia 1954"
MP,1954,35,1954-04-22,parser+ocr300,1954-04-22,text:warszawa,1954-04-22,,MP/1954/493,5,5,"LUDOWEJ \Varszawa, dnia 22 kwietnia 1954"
MP,1954,36,1954-04-24,parser+ocr300,1954-04-24,text:warszawa,1954-04-24,,MP/1954/498,8,8," LUDOWEJ Warszawa, dnia 24 kwietnia 1954"
MP,1954,37,1954-04-28,parser+ocr300,1954-04-28,text:warszawa,1954-04-28,,MP/1954/506,10,10," ·LUDOWEJ Warszawa, dnia 28 kwietnia 1954"
MP,1954,38,1954-04-29,parser+ocr300,1954-04-29,text:warszawa,1954-04-29,,MP/1954/516,4,4,"I LUDOWEJ Warszawa, dnia 29 kwietnia 1954"
MP,1954,39,1954-04-30,parser+ocr300,1954-04-30,ocr:warszawa,1954-04-30,,MP/1954/520,16,16," LUDOWEJ Warszawa, dnia 30 kwietnia 1954"
MP,1954,40,1954-05-07,parser+ocr300,1954-05-07,ocr:warszawa,1954-05-07,,MP/1954/536,83,83," LUDOWEJ Warszawa, dnia 7 maja 1954"
MP,1954,41,1954-05-08,parser+ocr300,1954-05-08,text:warszawa,1954-05-08,,MP/1954/619,5,5,". LUDOWEJ Warszawa, dnia 8 maja 1954"
MP,1954,42,1954-05-11,parser+ocr300,1954-05-11,ocr:warszawa,1954-05-11,,MP/1954/624,3,3," LUDOWEJ Warszawa, dnia 11 maja 1954"
MP,1954,43,1954-05-12,parser+ocr300,1954-05-12,text:warszawa,1954-05-12,,MP/1954/627,4,4,"DOWEJ ,. \Varszawa, dnia 12 maja 1954"
MP,1954,44,1954-05-14,parser+ocr300,1954-05-14,text:warszawa,1954-05-14,,MP/1954/631,5,5,L-UDOWEJ Warszawa. dnia 14 maja 1954
MP,1954,45,1954-05-15,parser+ocr300,1954-05-15,text:warszawa,1954-05-15,,MP/1954/636,8,8," tUDO:WEJ Warszawa, dnia 15 maja 1954"
MP,1954,46,1954-05-19,obraz+parser,1954-05-19,text:warszawa,1954-05-19,1954-05-19,MP/1954/644,13,13,"OSPOLITEJ Warszawa, dnia 19 maja 1954"
MP,1954,47,1954-05-20,parser+ocr300,1954-05-20,text:warszawa,1954-05-20,,MP/1954/657,4,4," NiA-47 Warszawa, dnia 20 maja 1954"
MP,1954,48,1954-05-24,parser+ocr300,1954-05-24,text:warszawa,1954-05-24,,MP/1954/661,10,10,"SPOLITEJ Warszawa, dnia 24 maja 1954"
MP,1954,49,1954-05-27,parser+ocr300,1954-05-27,text:warszawa,1954-05-27,,MP/1954/671,9,9,"J LUDOlEJ Warszawa, dnia 27 maja 1954"
MP,1954,50,1954-05-28,parser+ocr300,1954-05-28,ocr:warszawa,1954-05-28,,MP/1954/680,5,5," LUDOWEJ Warszawa, dnia 28 maja 1954"
MP,1954,51,1954-05-29,parser+ocr300,1954-05-29,text:warszawa,1954-05-29,,MP/1954/685,10,10,"r A-51 , Warszawa, dnia 29 maja 1954"
MP,1954,52,1954-06-03,parser+ocr300,1954-06-03,text:warszawa,1954-06-03,,MP/1954/695,9,9,"----------Warszawa, dnia 3 czerwca 1954"
MP,1954,53,1954-06-04,parser+ocr300,1954-06-04,ocr:warszawa,1954-06-04,,MP/1954/704,34,34,"UDOWEJ - Warszawa, dnia 4 czerwca 1954"
MP,1954,54,1954-06-07,parser+ocr300,1954-06-07,text:warszawa,1954-06-07,,MP/1954/738,14,14,"J LUDOWEJ Warszawa, dnia 7 czerwca 1954"
MP,1954,55,1954-06-11,obraz+parser,1954-06-11,ocr:warszawa,1954-06-11,1954-06-11,MP/1954/752,9,9,"WEJ „des Warszawa, dnia 11 czerwca 1954"
MP,1954,56,1954-06-12,obraz+parser,1954-06-12,text:warszawa,1954-06-12,1954-06-12,MP/1954/761,9,9,"ZIElłłUK Warszawa, dnia 12 czerwca 1954"
MP,1954,57,1954-06-16,parser+ocr300,1954-06-16,text:warszawa,1954-06-16,,MP/1954/770,1,1,"J LUDOWEJ Warszawa, dnia 16 czerwca 1954"
MP,1954,58,1954-06-18,parser+ocr300,1954-06-18,ocr:warszawa,1954-06-18,,MP/1954/771,14,14," LUDOWEJ Warszawa, dnia 18 czerwca 1954"
MP,1954,59,1954-06-22,parser+ocr300,1954-06-22,text:warszawa,1954-06-22,,MP/1954/785,9,9,"DBWEJ. ' \VarS7;awa, dnia 22 czerwca 1954"
MP,1954,60,1954-06-25,parser+ocr300,1954-06-25,text:warszawa,1954-06-25,,MP/1954/794,15,15," LUDOWEJ Warszawa, dnia 25 czerwca 1954"
MP,1954,61,1954-06-29,parser+ocr300,1954-06-29,text:warszawa,1954-06-29,,MP/1954/809,8,8,"LUDOWEJ 'Varszawa, dnia 29 czerwca 1954"
MP,1954,62,1954-07-05,parser+ocr300,1954-07-05,ocr:warszawa,1954-07-05,,MP/1954/817,6,6," LUDOWEJ Warszawa, dnia 5 lipca 1954"
MP,1954,63,1954-07-09,parser+ocr300,1954-07-09,text:warszawa,1954-07-09,,MP/1954/823,7,7," LUDOWEJ Warszawa, dnia 9 lipca 1954"
MP,1954,64,1954-07-13,parser+ocr300,1954-07-13,text:warszawa,1954-07-13,,MP/1954/830,8,8,"J LUDOWEJ Warszawa, dnia l3 lipca 1954"
MP,1954,65,1954-07-14,parser+ocr300,1954-07-14,text:warszawa,1954-07-14,,MP/1954/838,10,10,"rA-65 · . Warszawa, dnia 14 lipca 1954"
MP,1954,66,1954-07-15,parser+ocr300,1954-07-15,ocr:warszawa,1954-07-15,,MP/1954/848,1,1," LUDOWEJ Warszawa, dnia 15 lipca 1954"
MP,1954,67,1954-07-19,obraz+parser,1954-07-19,ocr:warszawa,1954-07-19,1954-07-19,MP/1954/849,5,5,"DOWEJ ""3 Warszawa, dnia 19 lipca 1954"
MP,1954,68,,bez odczytu (do obrazu),,none,,,MP/1954/854,7,7,
MP,1954,69,1954-07-24,parser+ocr300,1954-07-24,ocr:warszawa,1954-07-24,,MP/1954/861,10,10,"UDOWEJ - Warszawa, dnia 24 lipca 1954"
MP,1954,70,1954-07-28,obraz+parser,1954-07-28,ocr:warszawa,1954-07-28,1954-07-28 1954-07-28,MP/1954/871,11,11," LUDOWEJ Warszawa, dnia 28 lipca 1954"
MP,1954,71,1954-07-30,parser+ocr300,1954-07-30,text:warszawa,1954-07-30,,MP/1954/882,5,5,"BOWEJ . \Varszawa, dnia 30 lipca 1954"
MP,1954,72,1954-07-31,parser+ocr300,1954-07-31,text:warszawa,1954-07-31,,MP/1954/887,4,4,"ll'ł .. Warszawa, dnia 31 lipca 1954"
MP,1954,73,1954-08-05,parser+ocr300,1954-08-05,text:warszawa,1954-08-05,,MP/1954/891,8,8,"------- \Varszama, dnia 5 sierpnia 1954"
MP,1954,74,1954-08-07,parser+ocr300,1954-08-07,text:warszawa,1954-08-07,,MP/1954/899,5,5,"J LUDOWEJ Warszawa, dnia 7 sierpnia 1954"
MP,1954,75,1954-08-12,parser+ocr300,1954-08-12,text:warszawa,1954-08-12,,MP/1954/904,4,4,"J LUDOlEJ Warszawa, dnia 12 sierpnia 1954"
MP,1954,76,1954-08-13,parser+ocr300,1954-08-13,text:warszawa,1954-08-13,,MP/1954/908,1,1,"J LUDOWEJ Warszawa, dnia l3 sierpnia 1954"
MP,1954,77,1954-08-19,parser+ocr300,1954-08-19,ocr:warszawa,1954-08-19,,MP/1954/909,9,9," LUDOWEJ Warszawa, dnia 19 sierpnia 1954"
MP,1954,78,1954-08-20,parser+ocr300,1954-08-20,ocr:warszawa,1954-08-20,,MP/1954/918,6,6," LUDOWEJ Warszawa, dnia 20 sierpnia 1954"
MP,1954,79,1954-08-27,parser+ocr300,1954-08-27,text:warszawa,1954-08-27,,MP/1954/924,10,10,"Nr A-79 \Varszawa, dnia 27 sierpnia 1954"
MP,1954,80,1954-08-28,parser+ocr300,1954-08-28,text:warszawa,1954-08-28,,MP/1954/934,4,4,"r A '-80 Warszawa, dnia 28 sierpnia 1954"
MP,1954,81,1954-08-30,obraz+parser,1954-08-30,ocr:warszawa,1954-08-30,1954-08-30,MP/1954/938,9,9,"usa_lna_ Warszawa, dnia 30 sierpnia 1954"
MP,1954,82,1954-08-31,parser+ocr300,1954-08-31,ocr:warszawa,1954-08-31,,MP/1954/947,13,13," LUDOWEJ Warszawa, dnia 31 sierpnia 1954"
MP,1954,83,1954-09-08,parser+ocr300,1954-09-08,ocr:warszawa,1954-09-08,,MP/1954/960,11,11," LUDOWEJ Warszawa, dnia 8 września 1954"
MP,1954,84,1954-09-09,parser+ocr300,1954-09-09,text:warszawa,1954-09-09,,MP/1954/971,2,2," LODOWEJ Warszawa, dnia 9 września 1954"
MP,1954,85,1954-09-15,obraz+parser,1954-09-15,ocr:warszawa,1954-09-15,1954-09-15,MP/1954/973,3,3," LUDOWEJ Warszawa, dnia 15 września 1954"
MP,1954,86,1954-09-16,parser+ocr300,1954-09-16,text:warszawa,1954-09-16,,MP/1954/976,3,3,"OSPOLITEJ Warsz~wa, dnia 16 września 1954"
MP,1954,87,1954-09-22,parser+ocr300,1954-09-22,ocr:warszawa,1954-09-22,,MP/1954/979,4,4," LUDOWEJ Warszawa, dnia 22 września 1954"
MP,1954,88,1954-09-24,parser+ocr300,1954-09-24,ocr:warszawa,1954-09-24,,MP/1954/983,8,8," LUBOWEJ Warszawa, dnia 24 września 1954"
MP,1954,89,1954-09-27,parser+ocr300,1954-09-27,text:warszawa,1954-09-27,,MP/1954/991,6,6,"LUDOWEJ . Warszawa, dnia 27 września 1954"
MP,1954,90,1954-09-29,parser+ocr300,1954-09-29,ocr:warszawa,1954-09-29,,MP/1954/997,14,14," LUDOWEJ Warszawa, dnia 29 września 1954"
MP,1954,91,1954-09-30,parser+ocr300,1954-09-30,text:warszawa,1954-09-30,,MP/1954/1011,8,8,"-------- Warszawa, dnia 30 września 1954"
MP,1954,92,1954-10-05,parser+ocr300,1954-10-05,text:warszawa,1954-10-05,,MP/1954/1019,4,4,"lQDOJnI; 'W arszawa, dnia 5 października 1954"
MP,1954,93,1954-10-07,parser+ocr300,1954-10-07,ocr:warszawa,1954-10-07,,MP/1954/1023,7,7," LUDOWEJ Warszawa, dnia 7 października 1954"
MP,1954,94,1954-10-08,parser+ocr300,1954-10-08,ocr:warszawa,1954-10-08,,MP/1954/1030,14,14," LUDOWEJ Warszawa, dnia 8 października 1954"
MP,1954,95,1954-10-12,parser+ocr300,1954-10-12,ocr:warszawa,1954-10-12,,MP/1954/1044,45,45," LUDOWEJ Warszawa, dnia 12 października 1954"
MP,1954,96,1954-10-13,parser+ocr300,1954-10-13,text:warszawa,1954-10-13,,MP/1954/1089,13,13,"EI LUDOWEJWarszawa, dnia i3 października 1954"
MP,1954,97,1954-10-19,parser+ocr300,1954-10-19,ocr:warszawa,1954-10-19,,MP/1954/1102,57,57," LUDOWEJ Warszawa, dnia 19 października 1954"
MP,1954,98,1954-10-20,parser+ocr300,1954-10-20,ocr:warszawa,1954-10-20,,MP/1954/1159,53,53," LUDOWEJ Warszawa, dnia 20 października 1954"
MP,1954,99,1954-10-21,parser+ocr300,1954-10-21,text:warszawa,1954-10-21,,MP/1954/1212,12,12," LUDOWEJ \Varszawa, dnia 21 października 1954"
MP,1954,100,1954-10-27,parser+ocr300,1954-10-27,text:warszawa,1954-10-27,,MP/1954/1224,40,40,"URZĘDOWY Warszawa, dnia 27 października 1954"
MP,1954,101,1954-10-28,parser+ocr300,1954-10-28,text:warszawa,1954-10-28,,MP/1954/1264,14,14," LUDOWEJ Warszawa, dnia 28 października 1954"
MP,1954,102,1954-10-29,parser+ocr300,1954-10-29,ocr:warszawa,1954-10-29,,MP/1954/1278,4,4," LUDOWEJ Warszawa, dnia 29 października 1954"
MP,1954,103,1954-11-05,parser+ocr300,1954-11-05,text:warszawa,1954-11-05,,MP/1954/1282,59,59,"J LUDOWEJ WarszaUJa, dnia 5 listopada 1954"
MP,1954,104,1954-11-08,parser+ocr300,1954-11-08,text:warszawa,1954-11-08,,MP/1954/1341,4,4,"SPOLITEJ Warszawa, dnia 8 listopada 1954"
MP,1954,105,1954-11-10,parser+ocr300,1954-11-10,text:warszawa,1954-11-10,,MP/1954/1345,66,66,"LUDOWEJ' Warszawa, dnia 10 listopada 1954"
MP,1954,106,1954-11-13,parser+ocr300,1954-11-13,ocr:warszawa,1954-11-13,,MP/1954/1411,10,10," LUDOWEJ Warszawa, dnia 13 listopada 1954"
MP,1954,107,1954-11-16,parser+ocr300,1954-11-16,ocr:warszawa,1954-11-16,,MP/1954/1421,6,6," LUDOWEJ Warszawa, dnia 16 listopada 1954"
MP,1954,108,1954-11-19,parser+ocr300,1954-11-19,text:warszawa,1954-11-19,,MP/1954/1427,72,72,"UDOWEIJ . WarszaUJa, dnia 19 listopada 1954"
MP,1954,109,1954-11-20,parser+ocr300,1954-11-20,text:warszawa,1954-11-20,,MP/1954/1499,6,6,"-------- Warszawa, dnia 20 listopada 1954"
MP,1954,110,1954-11-24,parser+ocr300,1954-11-24,ocr:warszawa,1954-11-24,,MP/1954/1505,39,39," LUDOWEJ Warszawa, dnia 24 listopada 1954"
MP,1954,111,1954-11-27,parser+ocr300,1954-11-27,ocr:warszawa,1954-11-27,,MP/1954/1544,15,15," LUDOWEJ Warszawa, dnia 27 listopada 1954"
MP,1954,112,1954-11-30,parser+ocr300,1954-11-30,ocr:warszawa,1954-11-30,,MP/1954/1559,47,47,"DOWEJ Sa Warszawa, dnia 30 listopada 1954"
MP,1954,113,1954-12-02,parser+ocr300,1954-12-02,text:warszawa,1954-12-02,,MP/1954/1606,25,25,"LUDOWEJ' Warsz~wa, dnia 2 grudnia 1954"
MP,1954,114,1954-12-04,obraz+parser,1954-12-04,ocr:warszawa,,1954-12-04,MP/1954/1631,13,13," LUDOWEJ Warszawa, dnia 4 grudnia 1954"
MP,1954,115,1954-12-06,parser+ocr300,1954-12-06,text:warszawa,1954-12-06,,MP/1954/1644,5,5,"J LUDOWEJ Warszawa, dnia 6 grudnia 1954"
MP,1954,116,1954-12-11,parser+ocr300,1954-12-11,ocr:warszawa,1954-12-11,,MP/1954/1649,6,6," LUDOWEJ Warszawa, dnia 11 grudnia 1954"
MP,1954,117,1954-12-16,parser+ocr300,1954-12-16,text:warszawa,1954-12-16,,MP/1954/1655,4,4," Nr 117 Warszawa, dnia 16 grudnia 1954"
MP,1954,118,1954-12-17,parser+ocr300,1954-12-17,ocr:warszawa,1954-12-17,,MP/1954/1659,16,16," LUDOWEJ Warszawa, dnia 17 grudnia 1954"
MP,1954,119,1954-12-22,parser+ocr300,1954-12-22,text:warszawa,1954-12-22,,MP/1954/1675,12,12," LUDOWEJ Warszawa, dnia 22 grudnia 1954"
MP,1954,120,1954-12-24,parser+ocr300,1954-12-24,ocr:warszawa,1954-12-24,,MP/1954/1687,23,23," LUDOWEJ Warszawa, dnia 24 grudnia 1954"
MP,1954,121,1954-12-28,parser+ocr300,1954-12-28,ocr:warszawa,1954-12-28,,MP/1954/1710,52,52," LUDOWEJ Warszawa, dnia 28 grudnia 1954"
MP,1954,122,1954-12-30,parser+ocr300,1954-12-30,ocr:warszawa,1954-12-30,,MP/1954/1762,12,12," LUDOWEJ Warszawa, dnia 30 grudnia 1954"
MP,1954,123,1954-12-31,parser+ocr300,1954-12-31,ocr:warszawa,1954-12-31,,MP/1954/1774,8,8," LUDOWEJ Warszawa, dnia 31 grudnia 1954"
MP,1955,1,1955-01-10,parser+ocr300,1955-01-10,text:warszawa,1955-01-10,,MP/1955/1,10,10,"SKI c l Warszawa, dnia 10 stycznia 1955"
MP,1955,2,1955-01-12,parser+ocr300,1955-01-12,text:warszawa,1955-01-12,,MP/1955/11,27,27,"J LUDOWEJ Warszawa, dnia 12 stycznia 1955"
MP,1955,3,1955-01-14,parser+ocr300,1955-01-14,text:warszawa,1955-01-14,,MP/1955/38,12,12,"SPOLITEl Warszawa, dnia 14 stycznia 1955"
MP,1955,4,1955-01-20,parser+ocr300,1955-01-20,ocr:warszawa,1955-01-20,,MP/1955/50,12,12," LUDOWEŁ Warszawa, dnia 20 stycznia 1955"
MP,1955,5,1955-01-26,parser+ocr300,1955-01-26,text:warszawa,1955-01-26,,MP/1955/62,5,5,"---~---- Warszawa, dnia 26 stycznia 1955"
MP,1955,6,1955-01-27,parser+ocr300,1955-01-27,ocr:warszawa,1955-01-27,,MP/1955/67,1,1," LUDOWEJ Warszawa, dnia 27 stycznia 1955"
MP,1955,7,1955-01-28,parser+ocr300,1955-01-28,text:warszawa,1955-01-28,,MP/1955/68,15,15,"J: Nr 7 Warszawa, dnia 28 stycznia 1955"
MP,1955,8,1955-02-09,parser+ocr300,1955-02-09,ocr:warszawa,1955-02-09,,MP/1955/83,10,10," LUDOWEJ Warszawa, dnia 9 lutego 1955"
MP,1955,9,1955-02-10,parser+ocr300,1955-02-10,text:warszawa,1955-02-10,,MP/1955/93,11,11,"UDOWEJ -, Warszawa, dnia 10 lutego 1955"
MP,1955,10,1955-02-12,parser+ocr300,1955-02-12,text:warszawa,1955-02-12,,MP/1955/104,15,15,"UDOV/Ef: Warszawa, dnia 12 lutego 1955"
MP,1955,11,1955-02-17,parser+ocr300,1955-02-17,ocr:warszawa,1955-02-17,,MP/1955/119,7,7," LUDOWEJ Warszawa, dnia 17 lutego 1955"
MP,1955,12,1955-02-18,parser+ocr300,1955-02-18,text:warszawa,1955-02-18,,MP/1955/126,6,6,"J LUDOWEJ Warszawa, dnia 18 lutego 1955"
MP,1955,13,1955-02-19,parser+ocr300,1955-02-19,ocr:warszawa,1955-02-19,,MP/1955/132,7,7," LUDOWEJ Warsżawa, dnia 19 lutego 1955"
MP,1955,14,1955-02-24,parser+ocr300,1955-02-24,text:warszawa,1955-02-24,,MP/1955/139,23,23,"J LUDOWEl Warszawa, dnia 24 lutego 1955"
MP,1955,15,1955-02-25,parser+ocr300,1955-02-25,text:warszawa,1955-02-25,,MP/1955/162,1,1,"LUDOWEJ: Warszama, dnia 25 lutego 1955"
MP,1955,16,1955-02-26,parser+ocr300,1955-02-26,text:warszawa,1955-02-26,,MP/1955/163,9,9,"-------- Warszawa, dnia 26 lutego 1955"
MP,1955,17,1955-02-28,parser+ocr300,1955-02-28,ocr:warszawa,1955-02-28,,MP/1955/172,9,9," LUDOWEJ Warszawa, dnia 28 lutego 1955"
MP,1955,18,1955-03-01,parser+ocr300,1955-03-01,ocr:warszawa,1955-03-01,,MP/1955/181,9,9," LUDOWEJ Warszawa, dnia 1 marca 1955"
MP,1955,19,1955-03-10,parser+ocr300,1955-03-10,ocr:warszawa,1955-03-10,,MP/1955/190,7,7," LUDOWEJ Warszawa, dnia 10 marca 1955"
MP,1955,20,1955-03-12,parser+ocr300,1955-03-12,ocr:warszawa,1955-03-12,,MP/1955/197,8,8," LUDOWEJ Warszawa, dnia 12 marca 1955"
MP,1955,21,1955-03-16,parser+ocr300,1955-03-16,text:warszawa,1955-03-16,,MP/1955/205,3,3,"LUDOWEJ'! Warszawa, dnia 16 marca 1955"
MP,1955,22,1955-03-17,parser+ocr300,1955-03-17,ocr:warszawa,1955-03-17,,MP/1955/208,20,20," LUDOWEJ Warszawa, dnia 17 marca 1955"
MP,1955,23,1955-03-19,parser+ocr300,1955-03-19,ocr:warszawa,1955-03-19,,MP/1955/228,10,10," LUDOWEJ Warszawa, dnia 19 marca 1955"
MP,1955,24,1955-03-23,parser+ocr300,1955-03-23,ocr:warszawa,1955-03-23,,MP/1955/238,12,12," LUDOWEJ Warszawa, dnia 23 marca 1955"
MP,1955,25,1955-03-24,parser+ocr300,1955-03-24,ocr:warszawa,1955-03-24,,MP/1955/250,7,7," LUDOWEJ Warszawa, dnia 24 marca 1955"
MP,1955,26,1955-03-25,parser+ocr300,1955-03-25,text:warszawa,1955-03-25,,MP/1955/257,3,3,"J LUDOWEJ Wars~awa,. dnia 25 marca 1955"
MP,1955,27,1955-03-29,parser+ocr300,1955-03-29,ocr:warszawa,1955-03-29,,MP/1955/260,11,11,"ĄDZENIA: Warszawa, dnia 29 marca 1955"
MP,1955,28,1955-03-30,parser+ocr300,1955-03-30,text:warszawa,1955-03-30,,MP/1955/271,6,6,"J LUDOWEJ Warsza.wa, dnia 30 marca 1955"
MP,1955,29,1955-03-31,parser+ocr300,1955-03-31,text:warszawa,1955-03-31,,MP/1955/277,14,14,J LUDOWfJ Warszawa; dnia 31 marca 1955
MP,1955,30,1955-04-05,parser+ocr300,1955-04-05,text:warszawa,1955-04-05,,MP/1955/291,8,8,"LUDOWEJ ' Warszawa"" dnia 5 kwietnia 1955"
MP,1955,31,1955-04-08,parser+ocr300,1955-04-08,ocr:warszawa,1955-04-08,,MP/1955/299,4,4," LUDOWEJ Warszawa, dnia 8 kwietnia 1955"
MP,1955,32,1955-04-14,parser+ocr300,1955-04-14,ocr:warszawa,1955-04-14,,MP/1955/303,8,8," LUDOWEJ Warszawa, dnia 14 kwietnia 1955"
MP,1955,33,1955-04-15,parser+ocr300,1955-04-15,text:warszawa,1955-04-15,,MP/1955/311,12,12,"SPOLITEJ Warszawa, dnia 15 kwietnia 1955"
MP,1955,34,1955-04-20,parser+ocr300,1955-04-20,ocr:warszawa,1955-04-20,,MP/1955/323,7,7,"LUDOWEJ. Warszawa, dnia 20 kwietnia 1955"
MP,1955,35,1955-04-22,parser+ocr300,1955-04-22,ocr:warszawa,1955-04-22,,MP/1955/330,19,19," LUBOWEJ Warszawa, dnia 22 kwietnia 1955"
MP,1955,36,1955-04-27,parser+ocr300,1955-04-27,text:warszawa,1955-04-27,,MP/1955/349,10,10,"SPOLITEJ Warszawa, dnia 27 kwietnia 1955"
MP,1955,37,1955-04-28,obraz×2 (odczyty maszynowe inne),1955-04-23,text:warszawa,,1955-04-28 1955-04-28,MP/1955/359,20,20,"J lUDOWEJ Warszawa, dnia 23 kwietnia 1955"
MP,1955,38,1955-04-29,parser+ocr300,1955-04-29,text:warszawa,1955-04-29,,MP/1955/379,1,1," LUDOWEJ Warszawa, dnia 29 kwietnia 1955"
MP,1955,39,1955-05-06,parser+ocr300,1955-05-06,text:warszawa,1955-05-06,,MP/1955/380,8,8," .LUDOWEJ Warszawa, dnia 6 maja 1955"
MP,1955,40,1955-05-10,parser+ocr300,1955-05-10,ocr:warszawa,1955-05-10,,MP/1955/388,12,12," LUDOWEJ Warszawa, dnia 10 maja 1955"
MP,1955,41,1955-05-14,parser+ocr300,1955-05-14,text:warszawa,1955-05-14,,MP/1955/400,6,6," Nr 41 ' Warszawa, dnia 14 maja 1955"
MP,1955,42,1955-05-17,parser+ocr300,1955-05-17,text:warszawa,1955-05-17,,MP/1955/406,18,18," LUDOWEJ Warszawa, dnia 17 maja 1955"
MP,1955,43,1955-05-19,parser+ocr300,1955-05-19,text:warszawa,1955-05-19,,MP/1955/424,9,9,UDOWEJ ' \Varszawa. dnia 19 maja 1955
MP,1955,44,1955-05-21,parser+ocr300,1955-05-21,text:warszawa,1955-05-21,,MP/1955/433,5,5,"EJ . . \Varszawa, dnia 21 maja 1955"
MP,1955,45,1955-05-24,parser+ocr300,1955-05-24,ocr:warszawa,1955-05-24,,MP/1955/438,19,19," LUDOWEJ Warszawa, dnia 24 maja 1955"
MP,1955,46,1955-05-25,parser+ocr300,1955-05-25,ocr:warszawa,1955-05-25,,MP/1955/457,7,7," LUDOWEJ Warszawa, dnia 25 maja 1955"
MP,1955,47,1955-05-26,parser+ocr300,1955-05-26,text:warszawa,1955-05-26,,MP/1955/464,7,7,"J LUDOWEJ Warszawa, dnia 26 maja 1955"
MP,1955,48,1955-05-30,parser+ocr300,1955-05-30,text:warszawa,1955-05-30,,MP/1955/471,3,3,"J LUDOWEJ Warszawa, dnia 30 maja 1955"
MP,1955,49,1955-05-31,parser+ocr300,1955-05-31,ocr:warszawa,1955-05-31,,MP/1955/474,13,13,"J LUDOWEJ Warszawa, dnia 31 maja 1955"
MP,1955,51,1955-06-08,parser+ocr300,1955-06-08,ocr:warszawa,1955-06-08,,MP/1955/523,12,12," LUDOWEJ Warszawa, dnia 8 czerwca 1955"
MP,1955,52,1955-06-10,parser+ocr300,1955-06-10,ocr:warszawa,1955-06-10,,MP/1955/535,58,58," POLSKIEJ Warszawa, dnia 10 czerwca 1955"
MP,1955,53,1955-06-14,parser+ocr300,1955-06-14,ocr:warszawa,1955-06-14,,MP/1955/593,40,40," LUDOWEJ Warszawa, dnia 14 czerwca 1955"
MP,1955,54,1955-06-16,parser+ocr300,1955-06-16,text:warszawa,1955-06-16,,MP/1955/633,8,8,"J LUDOWEJ Warszawa, dnia 16 czerwca 1955"
MP,1955,55,1955-06-18,parser+ocr300,1955-06-18,ocr:warszawa,1955-06-18,,MP/1955/641,54,54," LUDOWEJ Warszawa, dnia 18 czerwca 1955"
MP,1955,56,1955-06-21,parser+ocr300,1955-06-21,text:warszawa,1955-06-21,,MP/1955/695,5,5,UDOWEJ ' \Varszawa; dnia 21 czerwca 1955
MP,1955,57,1955-06-28,parser+ocr300,1955-06-28,text:warszawa,1955-06-28,,MP/1955/700,7,7," LUDOWEJ Warszawa, dnia 28 czerwca 1955"
MP,1955,58,1955-06-29,parser+ocr300,1955-06-29,text:warszawa,1955-06-29,,MP/1955/707,12,12,") LUDOWEJ Warszawa, dnia 29 czerwca 1955"
MP,1955,59,1955-06-30,parser+ocr300,1955-06-30,ocr:warszawa,1955-06-30,,MP/1955/719,5,5," LUDOWEJ Warszawa, dnia 30 czerwca 1955"
MP,1955,60,1955-07-09,parser+ocr300,1955-07-09,text:warszawa,1955-07-09,,MP/1955/724,10,10,"J LUDOWEJ Warszawa, dnia 9 lipca 1955"
MP,1955,61,1955-07-12,parser+ocr300,1955-07-12,text:warszawa,1955-07-12,,MP/1955/734,2,2,"J Nr 61 Warszawa, dnia 12 lipca 1955"
MP,1955,62,1955-07-13,parser+ocr300,1955-07-13,text:warszawa,1955-07-13,,MP/1955/736,5,5,"J tUDOWEJ Warszawa, dnia 13 lipca 1955"
MP,1955,63,1955-07-16,parser+ocr300,1955-07-16,ocr:warszawa,1955-07-16,,MP/1955/741,13,13," LUDOWEJ Warszawa, dnia 16 lipca 1955"
MP,1955,64,1955-07-18,parser+ocr300,1955-07-18,text:warszawa,1955-07-18,,MP/1955/754,95,95,"OSPOLITEJ Warsz'awa, dnia 18 lipca 1955"
MP,1955,65,1955-07-20,parser+ocr300,1955-07-20,text:warszawa,1955-07-20,,MP/1955/849,12,12," LUDOWEJ 'Varszawa, dnia 20 lipca 1955"
MP,1955,66,1955-07-21,parser+ocr300,1955-07-21,ocr:warszawa,1955-07-21,,MP/1955/861,4,4," LUDOWEJ Warszawa, dnia 21 lipca 1955"
MP,1955,67,1955-07-28,parser+ocr300,1955-07-28,ocr:warszawa,1955-07-28,,MP/1955/865,3,3," LUDOWEJ Warszawa, dnia 28 lipca 1955"
MP,1955,68,1955-07-29,parser+ocr300,1955-07-29,ocr:warszawa,1955-07-29,,MP/1955/868,5,5," LUDOWEJ Warszawa, dnia 29 lipca 1955"
MP,1955,69,1955-07-30,parser+ocr300,1955-07-30,ocr:warszawa,1955-07-30,,MP/1955/873,10,10," LUDOWEJ Warszawa, dnia 30 lipca 1955"
MP,1955,70,1955-08-08,parser+ocr300,1955-08-08,ocr:warszawa,1955-08-08,,MP/1955/883,7,7," LUDOWEJ Warszawa, dnia 8 sierpnia 1955"
MP,1955,71,1955-08-12,parser+ocr300,1955-08-12,text:warszawa,1955-08-12,,MP/1955/890,7,7," LUDOWEJ Warszawa, dnia 12 sierpnia 1955"
MP,1955,73,1955-08-20,parser+ocr300,1955-08-20,ocr:warszawa,1955-08-20,,MP/1955/904,11,11," LUDOWEJ Warszawa, dnia 20 sierpnia 1955"
MP,1955,74,1955-08-23,parser+ocr300,1955-08-23,text:warszawa,1955-08-23,,MP/1955/915,8,8,"EJ LUDOWEJWarszawa, dnia 23 sierpnia 1955"
MP,1955,75,1955-08-25,parser+ocr300,1955-08-25,text:warszawa,1955-08-25,,MP/1955/923,7,7," LUDOWEJ, Warszawa, dnia 25 sierpnia 1955"
MP,1955,76,1955-08-30,obraz+parser,1955-08-30,text:warszawa,1955-08-30,1955-08-30,MP/1955/930,5,5,"• Nr 78 Warszawa, dnia 30 sierpnia 1955"
MP,1955,77,1955-08-31,parser+ocr300,1955-08-31,ocr:warszawa,1955-08-31,,MP/1955/935,5,5," LUBOWEJ Warszawa, dnia 31 sierpnia 1955"
MP,1955,78,1955-09-08,obraz+parser (trzeci odczyt inny),1955-09-08,text:warszawa,1955-09-06,1955-09-08,MP/1955/940,9,9,"J LUDOWEJ Warszawa, dnia 8 września 1955"
MP,1955,79,1955-09-12,parser+ocr300,1955-09-12,ocr:warszawa,1955-09-12,,MP/1955/949,3,3,"STA OSÓR Warszawa, dnia 12 września 1955"
MP,1955,80,1955-09-15,parser+ocr300,1955-09-15,text:warszawa,1955-09-15,,MP/1955/952,8,8,"J LUDOWEJ Warszawa, dnia 15 września 1955"
MP,1955,81,1955-09-16,parser+ocr300,1955-09-16,text:warszawa,1955-09-16,,MP/1955/960,14,14,"LUD·8 WEJ Warszawa, dnia 16 września 1955"
MP,1955,82,1955-09-19,parser+ocr300,1955-09-19,ocr:warszawa,1955-09-19,,MP/1955/974,8,8," LUDOWEJ Warszawa, dnia 19 września 1955"
MP,1955,83,1955-09-21,parser+ocr300,1955-09-21,ocr:warszawa,1955-09-21,,MP/1955/982,13,13," LUBOWEK Warszawa, dnia 21 września 1955"
MP,1955,84,1955-09-27,parser+ocr300,1955-09-27,text:warszawa,1955-09-27,,MP/1955/995,6,6,"J lUDOWEJ Warszawa, dnia 27 września 1955"
MP,1955,85,1955-10-04,parser+ocr300,1955-10-04,ocr:warszawa,1955-10-04,,MP/1955/1001,5,5," LUDOWEJ Warszawa, dnia 4 października 1955"
MP,1955,86,1955-10-07,parser+ocr300,1955-10-07,ocr:warszawa,1955-10-07,,MP/1955/1006,53,53," LUDOWEJ Warszawa, dnia 7 października 1955"
MP,1955,87,1955-10-08,parser+ocr300,1955-10-08,text:warszawa,1955-10-08,,MP/1955/1059,12,12," LUDOWEJ' Warszawa, dnia 8 października 1955"
MP,1955,89,1955-10-12,parser+ocr300,1955-10-12,text:warszawa,1955-10-12,,MP/1955/1077,62,62," tu DOWEJ Warszawa, dnia 12 patdziernika 1955"
MP,1955,90,1955-10-17,parser+ocr300,1955-10-17,text:warszawa,1955-10-17,,MP/1955/1139,4,4,"OlITEJ • Warszawa, dnia 17 października 1955"
MP,1955,91,1955-10-18,parser+ocr300,1955-10-18,ocr:warszawa,1955-10-18,,MP/1955/1143,45,45," LUDOWEJ Warszawa, dnia 18 października 1955"
MP,1955,92,1955-10-20,parser+ocr300,1955-10-20,ocr:warszawa,1955-10-20,,MP/1955/1188,8,8," LUDOWEJ Warszawa, dnia 20 października 1955"
MP,1955,93,1955-10-22,parser+ocr300,1955-10-22,text:warszawa,1955-10-22,,MP/1955/1196,8,8,"UDOWEJ • Warszawa, dnia 22 października 1955"
MP,1955,94,1955-10-24,parser+ocr300,1955-10-24,ocr:warszawa,1955-10-24,,MP/1955/1204,4,4," LUDOWEJ Warszawa, dnia 24 października 1955"
MP,1955,95,1955-10-25,parser+ocr300,1955-10-25,ocr:warszawa,1955-10-25,,MP/1955/1208,51,51," LUDOWEJ Warszawa, dnia 25 października 1955"
MP,1955,96,1955-10-26,parser+ocr300,1955-10-26,text:warszawa,1955-10-26,,MP/1955/1259,61,61,"EJ Nr 96 Warszawa, dnia 26 października 1955"
MP,1955,97,1955-10-27,parser+ocr300,1955-10-27,ocr:warszawa,1955-10-27,,MP/1955/1320,12,12,"LUDOWEJ ""Warszawa, dnia 27 października 1955"
MP,1955,98,1955-10-28,parser+ocr300,1955-10-28,text:warszawa,1955-10-28,,MP/1955/1332,55,55,"LUDOWEJ . Warszawa, dnia 28 października 1955"
MP,1955,99,1955-10-29,parser+ocr300,1955-10-29,text:warszawa,1955-10-29,,MP/1955/1387,1,1,". LUDOWEJ Warszawa, dnia 29 października 1955"
MP,1955,100,1955-10-31,parser+ocr300,1955-10-31,text:warszawa,1955-10-31,,MP/1955/1388,12,12,"J LUDOWEJ Warszawa, dnia 31 października 1955"
MP,1955,101,1955-11-04,parser+ocr300,1955-11-04,ocr:warszawa,1955-11-04,,MP/1955/1400,1,1," LUDOWEJ Warszawa, dnia 4 listopada 1955"
MP,1955,102,1955-11-08,parser+ocr300,1955-11-08,text:warszawa,1955-11-08,,MP/1955/1401,9,9," LUDOWEJ 'Warszawa, dnia 8 listopada 1955"
MP,1955,103,1955-11-09,parser+ocr300,1955-11-09,text:warszawa,1955-11-09,,MP/1955/1410,1,1,"J LUDOWEJ Warszawa, dnia 9 listopada 1955"
MP,1955,104,1955-11-11,parser+ocr300,1955-11-11,text:warszawa,1955-11-11,,MP/1955/1411,1,1,"J LUDOWEJ Warszawa, dnia 11 listopada 1955"
MP,1955,105,1955-11-15,parser+ocr300,1955-11-15,ocr:warszawa,1955-11-15,,MP/1955/1412,7,7," LUDOWEJ Warszawa, dnia 15 listopada 1955"
MP,1955,106,1955-11-18,parser+ocr300,1955-11-18,text:warszawa,1955-11-18,,MP/1955/1419,1,1,"LUDO.WEJ Warszawa, dnia 18 listopada 1955"
MP,1955,107,1955-11-23,parser+ocr300,1955-11-23,text:warszawa,1955-11-23,,MP/1955/1420,8,8,"J LUDOWEJ Warszawa, dnia 23 listopada 1955"
MP,1955,108,1955-11-25,parser+ocr300,1955-11-25,ocr:warszawa,1955-11-25,,MP/1955/1428,9,9," LUDOWEJ Warszawa, dnia 25 listopada 1955"
MP,1955,109,1955-11-28,parser+ocr300,1955-11-28,text:warszawa,1955-11-28,,MP/1955/1437,8,8," MONITOR Warszawa, dnia 28 listopada 1955"
MP,1955,110,1955-11-29,parser+ocr300,1955-11-29,ocr:warszawa,1955-11-29,,MP/1955/1445,4,4," LUDOWEJ Warszawa, dnia 29 listopada 1955"
MP,1955,111,1955-11-30,parser+ocr300,1955-11-30,ocr:warszawa,1955-11-30,,MP/1955/1449,1,1," LUDOWEJ Warszawa, dnia 30 listopada 1955"
MP,1955,112,1955-12-01,parser+ocr300,1955-12-01,ocr:warszawa,1955-12-01,,MP/1955/1450,1,1," LUDOWEJ Warszawa, dnia I grudnia 1955"
MP,1955,113,1955-12-02,parser+ocr300,1955-12-02,text:warszawa,1955-12-02,,MP/1955/1451,5,5," LUDO WEJ Warszawa, dnia 2 grudnia 1955"
MP,1955,114,1955-12-05,parser+ocr300,1955-12-05,text:warszawa,1955-12-05,,MP/1955/1456,4,4,"J LUDOWEJ Warszawa, dnia 5 grudnia 1955"
MP,1955,115,1955-12-06,parser+ocr300,1955-12-06,text:warszawa,1955-12-06,,MP/1955/1460,62,62," Nr 11'5 Warszawa, dnia 6 grudnia 1955"
MP,1955,116,1955-12-07,parser+ocr300,1955-12-07,text:warszawa,1955-12-07,,MP/1955/1522,5,5,"· LUDOWEJ Warszawa, dnia 7 grudnia 1955"
MP,1955,117,1955-12-08,parser+ocr300,1955-12-08,ocr:warszawa,1955-12-08,,MP/1955/1527,43,43," LUDOWEJ Warszawa, dnia 8 grudnia 1955"
MP,1955,118,1955-12-12,parser+ocr300,1955-12-12,text:warszawa,1955-12-12,,MP/1955/1570,3,3," LU'nOWEJ Warszawa, dnia 12 grudnia 1955"
MP,1955,119,1955-12-15,parser+ocr300,1955-12-15,text:warszawa,1955-12-15,,MP/1955/1573,8,8,"OLSKIEJ , Warszawa, dnia 15 grudnia 1955"
MP,1955,120,1955-12-17,parser+ocr300,1955-12-17,text:warszawa,1955-12-17,,MP/1955/1581,9,9,"J LUDOWEJ Warszawa', dnia 17 grudnia 1955"
MP,1955,121,1955-12-19,parser+ocr300,1955-12-19,text:warszawa,1955-12-19,,MP/1955/1590,5,5,"J LUDOWEJ Warszawa, dnia 19 grudnia 1955"
MP,1955,122,1955-12-21,parser+ocr300,1955-12-21,ocr:warszawa,1955-12-21,,MP/1955/1595,6,6," LUDOWEJ Warszawa, dnia 21 grudnia 1955"
MP,1955,123,1955-12-23,parser+ocr300,1955-12-23,ocr:warszawa,1955-12-23,,MP/1955/1601,12,12,": DBA ZY Warszawa, dnia 23 grudnia 1955"
MP,1955,124,1955-12-28,parser+ocr300,1955-12-28,text:warszawa,1955-12-28,,MP/1955/1613,11,11,"----------Warszawa, dnia 28 grudnia 1955"
MP,1955,125,1955-12-29,parser+ocr300,1955-12-29,text:warszawa,1955-12-29,,MP/1955/1624,1,1," lU DOWEJ Warszawa, dnia 29 grudnia 1955"
MP,1955,126,1955-12-30,parser+ocr300,1955-12-30,ocr:warszawa,1955-12-30,,MP/1955/1625,2,2," LUDOWEJ Warszawa, dnia 30 grudnia 1955"
MP,1955,127,1955-12-31,parser+ocr300,1955-12-31,text:warszawa,1955-12-31,,MP/1955/1627,13,13,"DOWEJ r Warszawa, dnia 31 grudnia 1955"
MP,1956,1,1956-01-13,parser+ocr300,1956-01-13,text:warszawa,1956-01-13,,MP/1956/1,14,14,"J LUDOWEJ Warszawa, dnia 13 stycznia 1956"
MP,1956,2,1956-01-17,parser+ocr300,1956-01-17,text:warszawa,1956-01-17,,MP/1956/15,12,12,"J LUDOWEJ Warszawa, dnia 17 stycznia 1956"
MP,1956,3,1956-01-21,parser+ocr300,1956-01-21,ocr:warszawa,1956-01-21,,MP/1956/27,1,1," LUDOWEJ Warszawa, dnia 21 stycznia 1956"
MP,1956,4,1956-01-23,parser+ocr300,1956-01-23,text:warszawa,1956-01-23,,MP/1956/28,10,10,".,* """",6 Warszawa, dnia 23 stycznia 1956"
MP,1956,5,1956-01-25,parser+ocr300,1956-01-25,text:warszawa,1956-01-25,,MP/1956/38,8,8,"l UDOWE{~ Warszawa, dnia 25 stycznia 1956"
MP,1956,6,1956-01-26,parser+ocr300,1956-01-26,ocr:warszawa,1956-01-26,,MP/1956/46,10,10," LUDOWEJ Warszawa, dnia 26 stycznia 1956"
MP,1956,7,1956-01-28,parser+ocr300,1956-01-28,text:warszawa,1956-01-28,,MP/1956/56,51,51,"J LUDOWEJ Warszawa, dnia 28 stycznia 1956"
MP,1956,8,1956-01-30,parser+ocr300,1956-01-30,text:warszawa,1956-01-30,,MP/1956/107,12,12,"WEJ Nr 8 Warszawa, dnia 30 stycznia 1956"
MP,1956,9,1956-01-31,parser+ocr300,1956-01-31,text:warszawa,1956-01-31,,MP/1956/119,9,9,"J LUDOWEr Warszawa, dnia 31 stycznia 1956"
MP,1956,10,1956-02-08,parser+ocr300,1956-02-08,ocr:warszawa,1956-02-08,,MP/1956/128,7,7," LUDOWEJ Warszawa, dnia 8 lutego 1956"
MP,1956,11,1956-02-11,parser+ocr300,1956-02-11,text:warszawa,1956-02-11,,MP/1956/135,7,7,"I' .. . Warszawa, dnia II lutego 1956"
MP,1956,12,1956-02-15,parser+ocr300,1956-02-15,text:warszawa,1956-02-15,,MP/1956/142,8,8," LUDOWEJ \Varszawa, dnia 15 lutego 1956"
MP,1956,13,1956-02-18,parser+ocr300,1956-02-18,text:warszawa,1956-02-18,,MP/1956/150,69,69,"J Nr 13 WarszaUJa, dnia 18 lutego 1956"
MP,1956,14,1956-02-20,parser+ocr300,1956-02-20,text:warszawa,1956-02-20,,MP/1956/219,11,11,"J LUDOWEJ Warszawa, dnia 20 lutego 1956"
MP,1956,15,1956-02-23,parser+ocr300,1956-02-23,text:warszawa,1956-02-23,,MP/1956/230,4,4,"' Nr 15 Warszawa, dnia 23 lutego 1956"
MP,1956,16,1956-02-29,parser+ocr300,1956-02-29,text:warszawa,1956-02-29,,MP/1956/234,9,9," LUDOWEJ Warszawa, dnia 29 lutego 1956"
MP,1956,17,1956-03-05,parser+ocr300,1956-03-05,ocr:warszawa,1956-03-05,,MP/1956/243,7,7," ś ż 4 s Warszawa, dnia 5 marca 1956"
MP,1956,18,1956-03-07,parser+ocr300,1956-03-07,text:warszawa,1956-03-07,,MP/1956/250,6,6,"DOWEJ . Warszawa, dnia 7 marca 1956"
MP,1956,19,1956-03-09,parser+ocr300,1956-03-09,text:warszawa,1956-03-09,,MP/1956/256,3,3," Nr 19 \Varszawa, dnia 9 marca 1956"
MP,1956,20,1956-03-10,parser+ocr300,1956-03-10,ocr:warszawa,1956-03-10,,MP/1956/259,10,10," LUDOWEJ Warszawa, dnia 10 marca 1956"
MP,1956,21,1956-03-13,parser+ocr300,1956-03-13,text:warszawa,1956-03-13,,MP/1956/269,7,7,"U0'0,1 EJ Warszawa, dnia 13 marca 1956"
MP,1956,22,1956-03-15,parser+ocr300,1956-03-15,ocr:warszawa,1956-03-15,,MP/1956/276,12,12," LUDOWEJ Warszawa, dnia 15 marca 1956"
MP,1956,23,1956-03-22,parser+ocr300,1956-03-22,text:warszawa,1956-03-22,,MP/1956/288,57,57,"J LUDOWEJ Warszawa, dnia 22 marca 1956"
MP,1956,24,1956-03-23,parser+ocr300,1956-03-23,text:warszawa,1956-03-23,,MP/1956/345,12,12,"lUDOWEJ . Warszawa, dnia 23 marca 1956"
MP,1956,25,1956-03-28,parser+ocr300,1956-03-28,text:warszawa,1956-03-28,,MP/1956/357,3,3," LUDOWEJ \Varszawa, dnia 28 marca 1956"
MP,1956,26,1956-03-30,parser+ocr300,1956-03-30,text:warszawa,1956-03-30,,MP/1956/360,11,11,"J LUDOWEJ Warszawa, dnia 30 marca 1956"
MP,1956,27,1956-04-07,parser+ocr300,1956-04-07,text:warszawa,1956-04-07,,MP/1956/371,12,12," l UDOWEJ Warszawa, dnia 7 kwietnia 1956"
MP,1956,28,1956-04-13,parser+ocr300,1956-04-13,text:warszawa,1956-04-13,,MP/1956/383,7,7,"J LUDOWEJ Warszawa, dnia 13 kwietnia 1956"
MP,1956,29,1956-04-14,parser+ocr300,1956-04-14,text:warszawa,1956-04-14,,MP/1956/390,3,3,"~ Nr 29 Warszawa, dnia 14 kwietnia 1956"
MP,1956,30,1956-04-18,parser+ocr300,1956-04-18,text:warszawa,1956-04-18,,MP/1956/393,6,6,J LUDOWEJ Warszawa. dnia 18 kwietnia 1956
MP,1956,31,1956-04-21,parser+ocr300,1956-04-21,ocr:warszawa,1956-04-21,,MP/1956/399,5,5," LUBOWE! Warszawa, dnia 21 kwietnia 1956"
MP,1956,32,1956-04-23,parser+ocr300,1956-04-23,text:warszawa,1956-04-23,,MP/1956/404,6,6," LUDOWEJ Warszawa, dnia 23 kwietnia 1956"
MP,1956,34,1956-04-28,parser+ocr300,1956-04-28,text:warszawa,1956-04-28,,MP/1956/414,3,3,"J LUDOWEJ Warszawa, dnia 28 kwietnia 1956"
MP,1956,35,1956-05-03,parser+ocr300,1956-05-03,text:warszawa,1956-05-03,,MP/1956/417,12,12," LU DOWEJ Warszawa, dnia 3 maja 1956"
MP,1956,36,1956-05-10,parser+ocr300,1956-05-10,text:warszawa,1956-05-10,,MP/1956/429,10,10,"LUDOWE~ , Warszawa, dnia 10 maja 1956"
MP,1956,37,1956-05-16,parser+ocr300,1956-05-16,ocr:warszawa,1956-05-16,,MP/1956/439,4,4," LUDOWEJ Warszawa, dnia 16 maja 1956"
MP,1956,38,1956-05-18,parser+ocr300,1956-05-18,text:warszawa,1956-05-18,,MP/1956/443,15,15,"- Nr 38 Warszawa, dnia 18 maja 1956"
MP,1956,39,1956-05-21,obraz×2,,none,,1956-05-21 1956-05-21,MP/1956/458,51,51,
MP,1956,40,1956-05-25,parser+ocr300,1956-05-25,ocr:warszawa,1956-05-25,,MP/1956/509,9,9," LUDOWEJ Warszawa, dnia 25 maja 1956"
MP,1956,41,1956-05-26,parser+ocr300,1956-05-26,text:warszawa,1956-05-26,,MP/1956/518,3,3,"t Nr 41 Warszawa, dnia 26 maja 1956"
MP,1956,42,1956-05-28,parser+ocr300,1956-05-28,text:warszawa,1956-05-28,,MP/1956/521,4,4,") LUDOWEJ Warszawa, dnia 28 maja 1956"
MP,1956,43,1956-05-29,parser+ocr300,1956-05-29,text:warszawa,1956-05-29,,MP/1956/525,3,3,"J LUDOWEJ Warszawa, dnia 29 maja 1956"
MP,1956,44,1956-06-05,parser+ocr300,1956-06-05,text:warszawa,1956-06-05,,MP/1956/528,6,6,"J LUDOWEJ Warszawa, dnia 5 czerwca 1956"
MP,1956,45,1956-06-08,parser+ocr300,1956-06-08,text:warszawa,1956-06-08,,MP/1956/534,9,9,"LUnOW EJ Warszawa, dnia 8 czerwca 1956"
MP,1956,46,1956-06-09,parser+ocr300,1956-06-09,text:warszawa,1956-06-09,,MP/1956/543,6,6,"J LUDOWEJ Warszawa, dnia 9 czerwca 1956"
MP,1956,47,1956-06-12,parser+ocr300,1956-06-12,text:warszawa,1956-06-12,,MP/1956/549,6,6," LUDOWEJ' Warszawa, dnia 12 czerwca 1956"
MP,1956,48,1956-06-18,parser+ocr300,1956-06-18,text:warszawa,1956-06-18,,MP/1956/555,9,9,"J LUDOWEJ Warszawa, dnia 18 czerwca 1956"
MP,1956,49,1956-06-19,parser+ocr300,1956-06-19,text:warszawa,1956-06-19,,MP/1956/564,3,3,"I LUDOWEJ Warszawa, dnia 19 czerwca 1956"
MP,1956,50,1956-06-20,obraz+parser,1956-06-20,ocr:warszawa,1956-06-20,1956-06-20,MP/1956/567,4,4," LUDOWEJ Warszawa, dnia 20 czerwca 1956"
MP,1956,51,1956-06-22,parser+ocr300,1956-06-22,ocr:warszawa,1956-06-22,,MP/1956/571,9,9," LUDOWEJ Warszawa, dnia 22 czerwca 1956"
MP,1956,52,1956-06-26,parser+ocr300,1956-06-26,text:warszawa,1956-06-26,,MP/1956/580,5,5,"J Nr 52 Warszawa, dnia 26 czerwca 1956"
MP,1956,53,1956-06-27,parser+ocr300,1956-06-27,text:warszawa,1956-06-27,,MP/1956/585,3,3,"J LUnOWEJ Warszawa, dnia 27 czerwca 1956"
MP,1956,54,1956-06-28,parser+ocr300,1956-06-28,text:warszawa,1956-06-28,,MP/1956/588,16,16,"J LUDOWEJ Warszawa, dnia 28 czerwca 1956"
MP,1956,55,1956-06-30,parser+ocr300,1956-06-30,text:warszawa,1956-06-30,,MP/1956/604,4,4,"J LUDOWEI Warszawa, dnia 30 czerwca 1956"
MP,1956,56,1956-07-07,parser+ocr300,1956-07-07,text:warszawa,1956-07-07,,MP/1956/608,12,12," LUDO:WEJ Warszawa, dnia 7 lipca 1956"
MP,1956,57,1956-07-12,parser+ocr300,1956-07-12,ocr:warszawa,1956-07-12,,MP/1956/620,8,8," LUDOWEJ Warszawa, dnia 12 lipca 1956"
MP,1956,58,1956-07-13,parser+ocr300,1956-07-13,ocr:warszawa,1956-07-13,,MP/1956/628,83,83," LUDOWEJ Warszawa, dnia 13 lipca 1956"
MP,1956,59,1956-07-16,parser+ocr300,1956-07-16,text:warszawa,1956-07-16,,MP/1956/711,15,15,"J LUDOWEJ Warszawa, dnia 16 lipca 1956"
MP,1956,60,1956-07-23,parser+ocr300,1956-07-23,text:warszawa,1956-07-23,,MP/1956/726,11,11," LUDO/WEJ Warszawa, dnia 23 lipca 1956"
MP,1956,61,1956-07-26,parser+ocr300,1956-07-26,text:warszawa,1956-07-26,,MP/1956/737,6,6,"1 UDOWEJ yv arszawa, dnia 26 lipca 1956"
MP,1956,62,1956-07-28,obraz+ocr300,,none,1956-07-28,1956-07-28,MP/1956/743,4,4,
MP,1956,63,1956-07-30,parser+ocr300,1956-07-30,text:warszawa,1956-07-30,,MP/1956/747,3,3,"J LUDOWEJ Warszawa, dnia 30 lipca 1956"
MP,1956,64,1956-08-06,parser+ocr300,1956-08-06,text:warszawa,1956-08-06,,MP/1956/750,8,8,"LUDOWEJ .\Varszawa, dnia 6 sierpnia 1956"
MP,1956,65,1956-08-08,parser+ocr300,1956-08-08,ocr:warszawa,1956-08-08,,MP/1956/758,9,9," LUDOWEJ Warszawa, dnia 8 sierpnia 1956"
MP,1956,66,1956-08-14,parser+ocr300,1956-08-14,text:warszawa,1956-08-14,,MP/1956/767,8,8,"- Nr 66 Warszawa, dnia 14 sierpnia 1956"
MP,1956,67,1956-08-18,parser+ocr300,1956-08-18,text:warszawa,1956-08-18,,MP/1956/775,62,62," UDOVJ EJ Warszama, dnia 18 sierpnia 1956"
MP,1956,68,1956-08-23,parser+ocr300,1956-08-23,text:warszawa,1956-08-23,,MP/1956/837,10,10,"J LUDOWEJ Warsiawa, dnia 23 sierpnia 1956"
MP,1956,69,1956-08-24,parser+ocr300,1956-08-24,text:warszawa,1956-08-24,,MP/1956/847,7,7,"J LUDOWEJ Warszawa, dnia 24 sierpnia 1956"
MP,1956,70,1956-08-27,parser+ocr300,1956-08-27,ocr:warszawa,1956-08-27,,MP/1956/854,7,7," LUDOWEJ Warszawa, dnia 27 sierpnia 1956"
MP,1956,71,1956-08-30,parser+ocr300,1956-08-30,text:warszawa,1956-08-30,,MP/1956/861,5,5,"LU DO WEI Warszawa, dnia 30 sierpnia 1956"
MP,1956,72,1956-08-31,parser+ocr300,1956-08-31,text:warszawa,1956-08-31,,MP/1956/866,3,3,"J LUDOWEJ Warszawa, dnia 31 sierpnia 1956"
MP,1956,73,1956-09-06,parser+ocr300,1956-09-06,ocr:warszawa,1956-09-06,,MP/1956/869,6,6," LUDOWEJ Warszawa, dnia 6 września 1956"
MP,1956,74,1956-09-10,obraz+parser,1956-09-10,ocr:warszawa,1956-09-10,1956-09-10 1956-09-10,MP/1956/875,1,1," LUDOWEJ Warszawa, dnia 10 września 1956"
MP,1956,75,1956-09-12,parser+ocr300,1956-09-12,ocr:warszawa,1956-09-12,,MP/1956/876,9,9," LUDOWEJ Warszawa, dnia 12 września 1956"
MP,1956,76,1956-09-14,parser+ocr300,1956-09-14,ocr:warszawa,1956-09-14,,MP/1956/885,9,9," LUDOWEJ Warszawa, dnia 14 września 1956"
MP,1956,77,1956-09-15,parser+ocr300,1956-09-15,text:warszawa,1956-09-15,,MP/1956/894,59,59," LUDOWE J Warszawa, dnia 15 września 1956"
MP,1956,78,1956-09-18,parser+ocr300,1956-09-18,text:warszawa,1956-09-18,,MP/1956/953,3,3,"J LUDOWEJ Warszawa, dnia 18 września 1956"
MP,1956,79,1956-09-20,parser+ocr300,1956-09-20,text:warszawa,1956-09-20,,MP/1956/956,6,6,"' LUDOWEI Warszawa, dnia 20 września 1956"
MP,1956,80,1956-09-24,parser+ocr300,1956-09-24,text:warszawa,1956-09-24,,MP/1956/962,4,4," LUDOWEJ Warszawa, dnia 24 września 1956"
MP,1956,81,1956-09-25,parser+ocr300,1956-09-25,text:warszawa,1956-09-25,,MP/1956/966,1,1,"J Nr 81 Warszawa, dnia 25 września 1956"
MP,1956,82,1956-09-28,parser+ocr300,1956-09-28,text:warszawa,1956-09-28,,MP/1956/967,8,8,"J LUDOWEJ Warszawa, dnia 28 września 1956"
MP,1956,83,1956-10-05,parser+ocr300,1956-10-05,ocr:warszawa,1956-10-05,,MP/1956/975,8,8," LUDOWEJ Warszawa, dnia 5 października 1956"
MP,1956,84,1956-10-12,parser+ocr300,1956-10-12,text:warszawa,1956-10-12,,MP/1956/983,6,6,"J LUDOWEJ Warszawa, dnia 12 października 1956"
MP,1956,85,1956-10-16,parser+ocr300,1956-10-16,ocr:warszawa,1956-10-16,,MP/1956/989,7,7," LUDOWEJ Warszawa, ""dnia 16 października 1956"
MP,1956,86,1956-10-19,parser+ocr300,1956-10-19,text:warszawa,1956-10-19,,MP/1956/996,6,6,"' LUDOWEJ Warszawa, dnia 19 października 1956"
MP,1956,87,1956-10-22,parser+ocr300,1956-10-22,ocr:warszawa,1956-10-22,,MP/1956/1002,9,9," LUDOWEJ Warszawa, dnia 22 października 1956"
MP,1956,88,1956-10-29,parser+ocr300,1956-10-29,text:warszawa,1956-10-29,,MP/1956/1011,5,5,"J LUDOWEJ Warszawa, dnia 29 października 1956"
MP,1956,89,1956-11-02,parser+ocr300,1956-11-02,ocr:warszawa,1956-11-02,,MP/1956/1016,2,2," LUDOWEJ Warszawa, dnia 2 listopada 1956"
MP,1956,90,1956-11-06,parser+ocr300,1956-11-06,text:warszawa,1956-11-06,,MP/1956/1018,8,8,"J LUDOWEJ Warszawa, dnia 6 listopada 1956"
MP,1956,91,1956-11-09,parser+ocr300,1956-11-09,text:warszawa,1956-11-09,,MP/1956/1026,7,7," LUD OWEJ Warszawa, dnia 9 listopada 1956"
MP,1956,92,1956-11-13,parser+ocr300,1956-11-13,text:warszawa,1956-11-13,,MP/1956/1033,4,4,"p t~, . Warszawa, dnia 13 listopada 1956"
MP,1956,93,1956-11-15,parser+ocr300,1956-11-15,text:warszawa,1956-11-15,,MP/1956/1037,9,9,"J LUDOWEJ Warszawa, dnia 15 listopada 1956"
MP,1956,94,1956-11-17,parser+ocr300,1956-11-17,text:warszawa,1956-11-17,,MP/1956/1046,6,6,"WEJ t' - Warszawa, dnia 17 listopada 1956"
MP,1956,95,1956-11-20,parser+ocr300,1956-11-20,text:warszawa,1956-11-20,,MP/1956/1052,4,4,"J LUDOWEJ Warszawa, dnia 20 listopada 1956"
MP,1956,96,1956-11-26,parser+ocr300,1956-11-26,ocr:warszawa,1956-11-26,,MP/1956/1056,6,6," LUDOWEJ Warszawa, dnia 26 listopada 1956"
MP,1956,97,1956-11-27,parser+ocr300,1956-11-27,ocr:warszawa,1956-11-27,,MP/1956/1062,73,73," 4 GA GE Warszawa, dnia 27 listopada 1956"
MP,1956,98,1956-11-29,parser+ocr300,1956-11-29,ocr:warszawa,1956-11-29,,MP/1956/1135,2,2," LUDOWEJ Warszawa, dnia 29 listopada 1956"
MP,1956,100,1956-12-06,parser+ocr300,1956-12-06,text:warszawa,1956-12-06,,MP/1956/1153,12,12,"J LUDOWEJ Warszawa, dnia 6 grudnia 1956"
MP,1956,101,1956-12-13,parser+ocr300,1956-12-13,text:warszawa,1956-12-13,,MP/1956/1165,15,15,"J LUDOWEJ Warszawa, dnia 13 grudnia 1956"
MP,1956,102,1956-12-17,parser+ocr300,1956-12-17,text:warszawa,1956-12-17,,MP/1956/1180,7,7,"J LUDOWEI Warszawa, dnia 17 grudnia 1956"
MP,1956,103,1956-12-21,parser+ocr300,1956-12-21,ocr:warszawa,1956-12-21,,MP/1956/1187,10,10," LUDOWEJ Warszawa, dnia 21 grudnia 1956"
MP,1956,104,1956-12-24,parser+ocr300,1956-12-24,text:warszawa,1956-12-24,,MP/1956/1197,5,5,"DOWEJ .S Warszawa, dnia 24 grudnia 1956"
MP,1956,105,1956-12-29,parser+ocr300,1956-12-29,ocr:warszawa,1956-12-29,,MP/1956/1202,26,26," LUDOWEJ Warszawa, dnia 29 grudnia 1956"
MP,1956,106,1956-12-31,parser+ocr300,1956-12-31,text:warszawa,1956-12-31,,MP/1956/1228,19,19," LUDOWEJ \Varszawa, dnia 31 grudnia 1956"
MP,1957,1,1957-01-14,parser+ocr300,1957-01-14,ocr:warszawa,1957-01-14,,MP/1957/1,9,9," LUDOWEJ Warszawa, dnia 14 stycznia 1957"
MP,1957,2,1957-01-15,parser+ocr300,1957-01-15,ocr:warszawa,1957-01-15,,MP/1957/10,3,3," LUDOWEJ Warszawa, dnia 15 stycznia 1957"
MP,1957,3,1957-01-19,parser+ocr300,1957-01-19,text:warszawa,1957-01-19,,MP/1957/13,11,11,"0.0 WEl r Warszawa, dnia 19 stycznia 1957"
MP,1957,4,,bez odczytu (do obrazu),,none,,,MP/1957/24,6,6,
MP,1957,5,1957-01-23,parser+ocr300,1957-01-23,ocr:warszawa,1957-01-23,,MP/1957/30,1,1," LUDOWEJ Warszawa, dnia 23 stycznia 1957"
MP,1957,6,1957-01-26,parser+ocr300,1957-01-26,ocr:warszawa,1957-01-26,,MP/1957/31,20,20," LUDOWEJ Warszawa, dnia 26 stycznia 1957"
MP,1957,7,1957-01-28,obraz+parser,1957-01-28,text:warszawa,1957-01-28,1957-01-28,MP/1957/51,6,6,", 'Nr 1 Warszawa, dnia 28 stycznia 1957"
MP,1957,8,1957-01-30,parser+ocr300,1957-01-30,text:warszawa,1957-01-30,,MP/1957/57,2,2,"IE J . . Warszawa, dnia 30 stycznia 1957"
MP,1957,9,1957-02-04,parser+ocr300,1957-02-04,text:warszawa,1957-02-04,,MP/1957/59,11,11,"tJDOWE ,. Warszawa, dnia 4 lutego 1957"
MP,1957,10,1957-02-07,parser+ocr300,1957-02-07,text:warszawa,1957-02-07,,MP/1957/70,6,6,"LUDOWEJ ; Warszawa, dnia 7 lutego 1957"
MP,1957,11,1957-02-11,parser+ocr300,1957-02-11,text:warszawa,1957-02-11,,MP/1957/76,5,5,"LUDOWEl . Warszawa, dnia II lutego 1957"
MP,1957,12,1957-02-13,parser+ocr300,1957-02-13,text:warszawa,1957-02-13,,MP/1957/81,9,9,"J LUDOWEJ Warszawa, dnia 13 lutego 1957"
MP,1957,13,1957-02-19,parser+ocr300,1957-02-19,ocr:warszawa,1957-02-19,,MP/1957/90,9,9," LUDOWEJ Warszawa, dnia 19 lutego 1957"
MP,1957,14,1957-02-22,obraz+parser,1957-02-22,ocr:warszawa,1957-02-22,1957-02-22,MP/1957/99,13,13," LUDOWEJ Warszawa, dnia 22 lutego 1957"
MP,1957,15,1957-02-26,parser+ocr300,1957-02-26,ocr:warszawa,1957-02-26,,MP/1957/112,7,7," LUDOWEJ Warszawa, dnia 26 lutego 1957"
MP,1957,16,1957-03-07,parser+ocr300,1957-03-07,text:warszawa,1957-03-07,,MP/1957/119,3,3," LUDOWEJ. Warszawa, dnia 7 marca 1957"
MP,1957,17,1957-03-09,parser+ocr300,1957-03-09,text:warszawa,1957-03-09,,MP/1957/122,12,12," UDOYłE J W arsz~wa, dnia 9 marca 1957"
MP,1957,18,1957-03-16,parser+ocr300,1957-03-16,text:warszawa,1957-03-16,,MP/1957/134,11,11,"~ lUDOWEJ Warszawa, dnia 16 marca 1957"
MP,1957,19,1957-03-19,parser+ocr300,1957-03-19,text:warszawa,1957-03-19,,MP/1957/145,2,2," Nr, 19 WarszalPa, dnia 19 marca 1957"
MP,1957,20,1957-03-20,parser+ocr300,1957-03-20,ocr:warszawa,1957-03-20,,MP/1957/147,4,4," LUDOWEJ Warszawa, dnia 20 marca 1957"
MP,1957,21,1957-03-21,parser+ocr300,1957-03-21,ocr:warszawa,1957-03-21,,MP/1957/151,5,5," LUDOWEJ Warszawa, dnia 21 marca 1957"
MP,1957,22,1957-03-25,obraz+parser,1957-03-25,text:warszawa,1957-03-25,1957-03-25,MP/1957/156,8,8,"J LUDOWEJ Warszawa, dnia 25 marca 1957"
MP,1957,23,1957-03-27,parser+ocr300,1957-03-27,text:warszawa,1957-03-27,,MP/1957/164,2,2," LU00 WEJ Warszawa, dnia 27 marca 1957"
MP,1957,24,1957-03-29,parser+ocr300,1957-03-29,text:warszawa,1957-03-29,,MP/1957/166,10,10,"LUD0-W(J Warszawa, dnia 29 marca 1957"
MP,1957,25,1957-03-30,parser+ocr300,1957-03-30,text:warszawa,1957-03-30,,MP/1957/176,1,1,"' LUDOWEJ Warszawa, dnia 30 marca 1957"
MP,1957,27,1957-04-05,parser+ocr300,1957-04-05,text:warszawa,1957-04-05,,MP/1957/182,5,5,"LUD OW EJ Warsz~wa, dnia 5 kwietnia 1957"
MP,1957,28,1957-04-11,parser+ocr300,1957-04-11,ocr:warszawa,1957-04-11,,MP/1957/187,9,9," LUDOWEJ Warszawa, dnia II kwietnia 1957"
MP,1957,29,1957-04-11,parser+ocr300,1957-04-11,text:warszawa,1957-04-11,,MP/1957/196,10,10,"J LUDOWEJ Warszawa, dnia 11 kWietnia 1957"
MP,1957,30,1957-04-16,parser+ocr300,1957-04-16,ocr:warszawa,1957-04-16,,MP/1957/206,6,6," LUDOWEJ Warszawa, dnia 16 kwietnia 1957"
MP,1957,31,1957-04-24,parser+ocr300,1957-04-24,ocr:warszawa,1957-04-24,,MP/1957/212,3,3," LUDOWEJ Warszawa, dnia 24 kwietnia 1957"
MP,1957,32,1957-04-29,parser+ocr300,1957-04-29,text:warszawa,1957-04-29,,MP/1957/215,8,8,"J LUDOWEJ Warszawa, 'dnia 29 kwietnia 1957"
MP,1957,33,1957-05-02,parser+ocr300,1957-05-02,ocr:warszawa,1957-05-02,,MP/1957/223,4,4," LUDOWEJ Warszawa, dnia 2 maja 1957"
MP,1957,34,1957-05-06,parser+ocr300,1957-05-06,text:warszawa,1957-05-06,,MP/1957/227,4,4," LUD OWEJ Warszawa, dnia 6 maja 1957"
MP,1957,35,1957-05-08,parser+ocr300,1957-05-08,text:warszawa,1957-05-08,,MP/1957/231,3,3,"J LUDOWEJ Warszawa, dnia 8 maja 1957"
MP,1957,36,1957-05-09,parser+ocr300,1957-05-09,ocr:warszawa,1957-05-09,,MP/1957/234,5,5,"R POLSKI Warszawa, dnia 9 maja 1957"
MP,1957,37,1957-05-14,parser+ocr300,1957-05-14,ocr:warszawa,1957-05-14,,MP/1957/239,5,5," LUDOWEJ Warszawa, dnia 14 maja 1957"
MP,1957,38,1957-05-17,parser+ocr300,1957-05-17,text:warszawa,1957-05-17,,MP/1957/244,6,6," LIUDOWEJ Warszawa, dnia 17 maja 1957"
MP,1957,39,1957-05-22,parser+ocr300,1957-05-22,ocr:warszawa,1957-05-22,,MP/1957/250,6,6," LUDOWEJ Warszawa, dnia 22 maja 1957"
MP,1957,40,1957-05-25,parser+ocr300,1957-05-25,ocr:warszawa,1957-05-25,,MP/1957/256,1,1," LUDOWEJ Warszawa, dnia 25 maja 1957"
MP,1957,41,1957-05-31,parser+ocr300,1957-05-31,text:warszawa,1957-05-31,,MP/1957/257,15,15, LUDOWEr' Warszawa. dnia 31 maja 1957
MP,1957,42,1957-06-01,parser+ocr300,1957-06-01,text:warszawa,1957-06-01,,MP/1957/272,2,2,"J LUDOWEJ Warszawa, dnia l czerwca 1957"
MP,1957,43,1957-06-03,parser+ocr300,1957-06-03,ocr:warszawa,1957-06-03,,MP/1957/274,2,2," LUDOWEJ Warszawa, dnia 3 czerwca 1957"
MP,1957,44,1957-06-05,parser+ocr300,1957-06-05,text:warszawa,1957-06-05,,MP/1957/276,3,3,"LUDOWEI! Warszawa, dnia 5 czerwca 1957"
MP,1957,45,1957-06-07,parser+ocr300,1957-06-07,text:warszawa,1957-06-07,,MP/1957/279,2,2,"J LUDOWEJ Warszawa, dnia 7 czerwca 1957"
MP,1957,46,1957-06-12,parser+ocr300,1957-06-12,text:warszawa,1957-06-12,,MP/1957/281,5,5,"l UBOI EJ Warszawa,dnia 12 czerwca 1957"
MP,1957,47,1957-06-14,parser+ocr300,1957-06-14,text:warszawa,1957-06-14,,MP/1957/286,9,9," LUDOWEJ' Warszawa, dnia 14 czerwca 1957"
MP,1957,48,1957-06-19,parser+ocr300,1957-06-19,text:warszawa,1957-06-19,,MP/1957/295,7,7," LUDOWEJ Warszawa, dnia 19 czerwca 1957"
MP,1957,49,1957-06-21,parser+ocr300,1957-06-21,ocr:warszawa,1957-06-21,,MP/1957/302,11,11," LUDOWEJ Warszawa, dnia 21 czerwca 1957"
MP,1957,50,1957-06-22,obraz+parser,1957-06-22,text:warszawa,,1957-06-22,MP/1957/313,5,5," LUDOW,EJ Warszawa, dnia 22 czerwca 1957"
MP,1957,51,1957-06-27,parser+ocr300,1957-06-27,ocr:warszawa,1957-06-27,,MP/1957/318,8,8," LUDOWEJ Warszawa, dnia 27 czerwca 1957"
MP,1957,52,1957-07-02,parser+ocr300,1957-07-02,ocr:warszawa,1957-07-02,,MP/1957/326,8,8," LUDOWEJ Warszawa, dnia 2 lipca 1957"
MP,1957,53,1957-07-05,parser+ocr300,1957-07-05,text:warszawa,1957-07-05,,MP/1957/334,1,1,"J LUDOWEJ Warszawa, dnia 5 lipca 1957"
MP,1957,54,1957-07-12,parser+ocr300,1957-07-12,text:warszawa,1957-07-12,,MP/1957/335,9,9," LUDOWEJ Warszawa, dnia 12 lipca 1957"
MP,1957,55,1957-07-16,parser+ocr300,1957-07-16,ocr:warszawa,1957-07-16,,MP/1957/344,9,9," LUDOWEJ Warszawa, dnia 16 lipca 1957"
MP,1957,56,1957-07-20,parser+ocr300,1957-07-20,ocr:warszawa,1957-07-20,,MP/1957/353,2,2," LUDOWEJ Warszawa, dnia 20 lipca 1957"
MP,1957,57,1957-07-23,parser+ocr300,1957-07-23,text:warszawa,1957-07-23,,MP/1957/355,5,5," UDOWEJ ' Warszawa, dnia 23 lipca 1957"
MP,1957,58,1957-07-24,parser+ocr300,1957-07-24,text:warszawa,1957-07-24,,MP/1957/360,3,3,"J Nr 58 Warszawa, dnia 24 lipca 1957"
MP,1957,59,1957-07-26,parser+ocr300,1957-07-26,text:warszawa,1957-07-26,,MP/1957/363,3,3,"J Nr 59 Warszawa, dnia 26 lipca 1957"
MP,1957,60,1957-07-29,parser+ocr300,1957-07-29,text:warszawa,1957-07-29,,MP/1957/366,5,5,"- LUDOWEJ Warszawa, dnia 29 lipca 1957"
MP,1957,61,1957-08-05,parser+ocr300,1957-08-05,ocr:warszawa,1957-08-05,,MP/1957/371,9,9," LUDOWEJ Warszawa, dnia 5 sierpnia 1957"
MP,1957,63,1957-08-09,parser+ocr300,1957-08-09,text:warszawa,1957-08-09,,MP/1957/384,10,10," LUD OWEJ Wars~awa, dnia 9 sierpnia 1957"
MP,1957,64,1957-08-14,parser+ocr300,1957-08-14,ocr:warszawa,1957-08-14,,MP/1957/394,4,4," LUDOWEJ Warszawa, dnia 14 sierpnia 1957"
MP,1957,65,1957-08-16,parser+ocr300,1957-08-16,text:warszawa,1957-08-16,,MP/1957/398,3,3,"UDOWt J . Warszawa, dnia 16 sierpnia 1957"
MP,1957,66,1957-08-19,parser+ocr300,1957-08-19,text:warszawa,1957-08-19,,MP/1957/401,6,6," LU DOWEJ Warszawa, dnia i9 sierpnia 1957"
MP,1957,67,1957-08-21,obraz+parser,1957-08-21,text:warszawa,,1957-08-21,MP/1957/407,5,5,"J LUDOWEJ Warszawa, dnia 21 sierpnia 1957"
MP,1957,68,1957-08-23,parser+ocr300,1957-08-23,text:warszawa,1957-08-23,,MP/1957/412,6,6,"J LUDOWEJ Warszawa, dnia 23 sierpnia 1957"
MP,1957,69,1957-08-26,parser+ocr300,1957-08-26,ocr:warszawa,1957-08-26,,MP/1957/418,12,12," LUDOWEJ Warszawa, dnia 26 sierpnia 1957"
MP,1957,70,1957-08-28,parser+ocr300,1957-08-28,text:warszawa,1957-08-28,,MP/1957/430,3,3,"DOl EJ , \Varszawa, dnia 28 sierpnia 1957"
MP,1957,71,1957-08-29,parser+ocr300,1957-08-29,ocr:warszawa,1957-08-29,,MP/1957/433,2,2," LUDOWEJ Warszawa, dnia 29 sierpnia 1957"
MP,1957,72,1957-09-12,parser+ocr300,1957-09-12,text:warszawa,1957-09-12,,MP/1957/435,2,2,"J~OW,rJ ' Warszawa, dnia 12 września 1957"
MP,1957,73,1957-09-13,parser+ocr300,1957-09-13,text:warszawa,1957-09-13,,MP/1957/437,11,11,"J LUDOIEJ Warszawa, dnia 13 września 1957"
MP,1957,74,1957-09-17,parser+ocr300,1957-09-17,text:warszawa,1957-09-17,,MP/1957/448,7,7," LUDOWEł Warszawa, dnia 17 września 1957"
MP,1957,75,1957-09-20,parser+ocr300,1957-09-20,text:warszawa,1957-09-20,,MP/1957/455,12,12,"J LUDOWEJ Warszawa, dnia 20 września 1957"
MP,1957,76,1957-09-23,parser+ocr300,1957-09-23,ocr:warszawa,1957-09-23,,MP/1957/467,2,2," LUDOWEJ Warszawa, dnia 23 września 1957"
MP,1957,77,1957-09-26,parser+ocr300,1957-09-26,ocr:warszawa,1957-09-26,,MP/1957/469,4,4," LUDOWEJ Warszawa, dnia 26 września 1957"
MP,1957,78,1957-09-30,parser+ocr300,1957-09-30,ocr:warszawa,1957-09-30,,MP/1957/473,4,4," LUDOWEJ Warszawa, dnia 30 września 1957"
MP,1957,79,1957-10-07,parser+ocr300,1957-10-07,text:warszawa,1957-10-07,,MP/1957/477,2,2," lUDOWEJ Warszawa, dnia 7 października 1957"
MP,1957,80,1957-10-10,obraz+parser,1957-10-10,ocr:warszawa,1957-10-10,1957-10-10 1957-10-10,MP/1957/479,8,8," LUDOWEJ Warszawa, dnia 10 października 1957"
MP,1957,81,1957-10-17,parser+ocr300,1957-10-17,text:warszawa,1957-10-17,,MP/1957/487,6,6," LUDOWEJ. Warszawa, dnia 17 października 1957"
MP,1957,82,1957-10-23,parser+ocr300,1957-10-23,ocr:warszawa,1957-10-23,,MP/1957/493,3,3," LUDOWEJ Warszawa, dnia 23 października 1957"
MP,1957,83,1957-10-26,parser+ocr300,1957-10-26,ocr:warszawa,1957-10-26,,MP/1957/496,9,9," LUDOWEJ Warszawa, dnia 26 października 1957"
MP,1957,84,1957-10-29,parser+ocr300,1957-10-29,ocr:warszawa,1957-10-29,,MP/1957/505,1,1,"Warszawa, dnia 29 października 1957"
MP,1957,85,1957-11-02,parser+ocr300,1957-11-02,ocr:warszawa,1957-11-02,,MP/1957/506,10,10," LUDOWEJ Warszawa, dnia 2 listopada 1957"
MP,1957,86,1957-11-13,parser+ocr300,1957-11-13,text:warszawa,1957-11-13,,MP/1957/516,4,4,"LUDOWEJ ' Warsiawa, dnia 13 listopada 1957"
MP,1957,87,1957-11-15,parser+ocr300,1957-11-15,ocr:warszawa,1957-11-15,,MP/1957/520,2,2," LUDOWEJ Warszawa, dnia 15 listopada 1957"
MP,1957,88,1957-11-20,parser+ocr300,1957-11-20,ocr:warszawa,1957-11-20,,MP/1957/522,7,7, LUDOWEJ Warszawa. dnia 20 listopada 1957
MP,1957,89,1957-11-22,parser+ocr300,1957-11-22,ocr:warszawa,1957-11-22,,MP/1957/529,4,4," LUDOWEJ Warszawa, dnia 22 listopada 1957"
MP,1957,90,1957-11-25,parser+ocr300,1957-11-25,text:warszawa,1957-11-25,,MP/1957/533,5,5," LUDOWE~' Warszawa, dnia 25 listopada 1957"
MP,1957,91,1957-11-28,parser+ocr300,1957-11-28,ocr:warszawa,1957-11-28,,MP/1957/538,5,5," LUDOWEJ Warszawa, dnia 28 listopada 1957"
MP,1957,92,1957-11-30,parser+ocr300,1957-11-30,text:warszawa,1957-11-30,,MP/1957/543,2,2,"J Nr 92 Warszawa, dnia 30 listopada 1957"
MP,1957,93,1957-12-05,parser+ocr300,1957-12-05,text:warszawa,1957-12-05,,MP/1957/545,4,4," LUD,OWEJ Warszawa, dnia 5 grudnia 1957"
MP,1957,94,1957-12-06,parser+ocr300,1957-12-06,text:warszawa,1957-12-06,,MP/1957/549,2,2," l UDOWEJ Warszawa, dnia 6 grudnia 1957"
MP,1957,95,1957-12-07,parser+ocr300,1957-12-07,ocr:warszawa,1957-12-07,,MP/1957/551,6,6," LUDOWEJ Warszawa, dnia 7 grudnia 1957"
MP,1957,96,1957-12-12,parser+ocr300,1957-12-12,text:warszawa,1957-12-12,,MP/1957/557,4,4,"LUDOWEJ . Warszawa, dnia 12 grudnia 1957"
MP,1957,97,1957-12-16,parser+ocr300,1957-12-16,text:warszawa,1957-12-16,,MP/1957/561,9,9," LUDOWEJ Warszawa, dnia 16 grudnia 1957"
MP,1957,98,1957-12-19,parser+ocr300,1957-12-19,text:warszawa,1957-12-19,,MP/1957/570,8,8," LUDOWEJ \Varszawa,· dnia 19 grudnia 1957"
MP,1957,99,1957-12-27,parser+ocr300,1957-12-27,text:warszawa,1957-12-27,,MP/1957/578,5,5,"LUDOWEJ.. Warszawa, dnia 27 grudnia 1957"
MP,1957,100,1957-12-30,parser+ocr300,1957-12-30,ocr:warszawa,1957-12-30,,MP/1957/583,3,3," ŁUDOWEJ Warszawa, dnia 30 grudnia 1957"
MP,1957,101,1957-12-31,parser+ocr300,1957-12-31,text:warszawa,1957-12-31,,MP/1957/586,7,7,"Ńr 101*) Warszawa, ,dnia 31 grudnia 1957"
MP,1958,1,1958-01-10,parser+ocr300,1958-01-10,text:warszawa,1958-01-10,,MP/1958/1,5,5,"OWEJ '"", Warszawa, ;dnia 10 stycznia 1958"
MP,1958,2,1958-01-16,parser+ocr300,1958-01-16,text:warszawa,1958-01-16,,MP/1958/6,6,6,",: .' . Warszawa, dnia 16 stycznia 1958"
MP,1958,3,1958-01-17,parser+ocr300,1958-01-17,text:warszawa,1958-01-17,,MP/1958/12,1,1,"J LUDOWEJ Warszatva, dnia 17 stycznia 1958"
MP,1958,4,1958-01-21,parser+ocr300,1958-01-21,text:warszawa,1958-01-21,,MP/1958/13,5,5,"J LUDOWEJ Warszawa, dnia 21 stycznia 1958"
MP,1958,5,1958-01-28,obraz+parser,1958-01-28,text:warszawa,1958-01-28,1958-01-28,MP/1958/18,7,7,"WEJ Nr 5 Warszawa, dnia 28 stycznia 1958"
MP,1958,6,1958-02-03,parser+ocr300,1958-02-03,text:warszawa,1958-02-03,,MP/1958/25,12,12," ,. t.- Warszawa, dnia 3 lutego 1958"
MP,1958,7,1958-02-04,parser+ocr300,1958-02-04,text:warszawa,1958-02-04,,MP/1958/37,4,4," LUDOWE-) Warszawa, dnia 4 lutego 1958"
MP,1958,8,1958-02-08,parser+ocr300,1958-02-08,text:warszawa,1958-02-08,,MP/1958/41,2,2,"LU DOW EJ Warszawa, dnia 8 lutego 1958"
MP,1958,9,1958-02-13,parser+ocr300,1958-02-13,text:warszawa,1958-02-13,,MP/1958/43,15,15,"EJ Nr 9 Warszawa, dnIa 13 lutego 1958"
MP,1958,10,1958-02-14,parser+ocr300,1958-02-14,text:warszawa,1958-02-14,,MP/1958/58,8,8,"J LUDOWEJ Warszawa, dnia 14 lutego 1958"
MP,1958,11,1958-02-20,parser+ocr300,1958-02-20,text:warszawa,1958-02-20,,MP/1958/66,12,12,"J LUDOWEJ Warszawa, dnia 20 lutego 1958"
MP,1958,12,1958-02-27,parser+ocr300,1958-02-27,text:warszawa,1958-02-27,,MP/1958/78,2,2," LUDOWEJ Warszawa, dnia 27 lutego 1958"
MP,1958,14,1958-03-10,parser+ocr300,1958-03-10,ocr:warszawa,1958-03-10,,MP/1958/84,10,10," LUDOWEJ Warszawa, dnia 10 marca 1958"
MP,1958,15,1958-03-12,parser+ocr300,1958-03-12,text:warszawa,1958-03-12,,MP/1958/94,4,4,"ł LUDOWEJ Warszawa, dnia 12 marca 1958"
MP,1958,16,1958-03-15,parser+ocr300,1958-03-15,text:warszawa,1958-03-15,,MP/1958/98,10,10," ' ; • Warszawa, dnia 15 marca 1958"
MP,1958,17,1958-03-19,obraz×2,,none,,1958-03-19 1958-03-19,MP/1958/108,6,6,
MP,1958,18,1958-03-21,parser+ocr300,1958-03-21,text:warszawa,1958-03-21,,MP/1958/114,8,8," l UDOWEJ Warszawa, dnia 21 marca 1958"
MP,1958,19,1958-03-24,parser+ocr300,1958-03-24,text:warszawa,1958-03-24,,MP/1958/122,3,3,"lU DOW EJ Warszawa, dnia 24 marca 1958"
MP,1958,20,1958-03-27,parser+ocr300,1958-03-27,text:warszawa,1958-03-27,,MP/1958/125,3,3,". LUDOWEJ Warszawa, dnia 27 marca 1958"
MP,1958,21,1958-03-29,parser+ocr300,1958-03-29,text:warszawa,1958-03-29,,MP/1958/128,4,4," LUDO WEJ Warszawa, dnia 29 marca 1958"
MP,1958,22,1958-04-02,parser+ocr300,1958-04-02,text:warszawa,1958-04-02,,MP/1958/132,4,4,"J LUDOWEJ Warszawa, dnia 2 kwietnia 1958"
MP,1958,23,1958-04-12,parser+ocr300,1958-04-12,text:warszawa,1958-04-12,,MP/1958/136,4,4,"J LUDOWEJ Warszawa, dnia 12 kwietnia 1958"
MP,1958,24,1958-04-14,parser+ocr300,1958-04-14,text:warszawa,1958-04-14,,MP/1958/140,4,4,"J LUDOWEJ Warszawa, dnia 14 kwietnia 1958"
MP,1958,25,1958-04-16,parser+ocr300,1958-04-16,text:warszawa,1958-04-16,,MP/1958/144,9,9,"J LUnOWEJ Warszawa, dnia 16 kwietnia 1958"
MP,1958,26,1958-04-17,parser+ocr300,1958-04-17,text:warszawa,1958-04-17,,MP/1958/153,6,6,"K Nr 26 Warszawa, dnia 17 kwietnia 1958"
MP,1958,27,1958-04-23,parser+ocr300,1958-04-23,text:warszawa,1958-04-23,,MP/1958/159,5,5,"J LUDOWEJ W arszawa, dnia 23 kwietnia 1958"
MP,1958,28,1958-04-25,parser+ocr300,1958-04-25,text:warszawa,1958-04-25,,MP/1958/164,2,2," LUDO lEJ Warszawa, dnia 25 kwietnia 1958"
MP,1958,29,1958-04-26,parser+ocr300,1958-04-26,text:warszawa,1958-04-26,,MP/1958/166,1,1,"LUDOWEJ ' Warszawa, dnia 26 kwietnia 1958"
MP,1958,30,1958-04-30,parser+ocr300,1958-04-30,text:warszawa,1958-04-30,,MP/1958/167,7,7,"J LUDOWEJ Warszawa, dnia 30 kwietnia 1958"
MP,1958,31,1958-05-02,parser+ocr300,1958-05-02,ocr:warszawa,1958-05-02,,MP/1958/174,8,8," LUDOWEJ Warszawa, dnia 2 maja 1958"
MP,1958,33,1958-05-08,parser+ocr300,1958-05-08,text:warszawa,1958-05-08,,MP/1958/187,5,5,"J LUDOWEJ Warszawa, dnia 8 maja 1958"
MP,1958,34,1958-05-10,parser+ocr300,1958-05-10,text:warszawa,1958-05-10,,MP/1958/192,3,3,"UDOWEJ -/ WarszaUJa, dnia 10 maja 1958"
MP,1958,35,1958-05-12,parser+ocr300,1958-05-12,text:warszawa,1958-05-12,,MP/1958/195,3,3," LUDOWEJ Warszawa, dnia 12 maja 1958"
MP,1958,36,1958-05-13,parser+ocr300,1958-05-13,ocr:warszawa,1958-05-13,,MP/1958/198,11,11," LUDOWEJ Warszawa, dnia 13 maja 1958"
MP,1958,37,1958-05-16,parser+ocr300,1958-05-16,text:warszawa,1958-05-16,,MP/1958/209,8,8,"U,OO VlEJ Warszawa, dnia 16 maja 1958"
MP,1958,38,1958-05-21,parser+ocr300,1958-05-21,text:warszawa,1958-05-21,,MP/1958/217,10,10,"J LUDOWEJ Warszawa, dnia 21 maja 1958"
MP,1958,39,1958-05-22,parser+ocr300,1958-05-22,text:warszawa,1958-05-22,,MP/1958/227,2,2,"EJ Nr 39 Warszawa, dnia 22 maja 1958"
MP,1958,40,1958-05-23,parser+ocr300,1958-05-23,text:warszawa,1958-05-23,,MP/1958/229,3,3," LUOO,IEJ Warszawa, dnia 23 maja 1958"
MP,1958,41,1958-05-24,parser+ocr300,1958-05-24,text:warszawa,1958-05-24,,MP/1958/232,7,7,"UDOWEJ J Warszawa, dnia 24 maja 1958"
MP,1958,42,1958-05-30,parser+ocr300,1958-05-30,text:warszawa,1958-05-30,,MP/1958/239,9,9," KI i..• Warszawa, dnia 30 maja 1958"
MP,1958,43,1958-06-02,parser+ocr300,1958-06-02,ocr:warszawa,1958-06-02,,MP/1958/248,7,7," LUDOWEJ Warszawa, dnia 2 czerwca 1958"
MP,1958,44,1958-06-03,parser+ocr300,1958-06-03,text:warszawa,1958-06-03,,MP/1958/255,3,3," LUBOW·EJ Warszawa, dnia 3 czerwca 1958"
MP,1958,45,1958-06-12,obraz+parser,1958-06-12,text:warszawa,1958-06-12,1958-06-12,MP/1958/258,8,8,". Nr 45 Warszawa, dnia 12 czerwca 1958"
MP,1958,46,1958-06-14,parser+ocr300,1958-06-14,text:warszawa,1958-06-14,,MP/1958/266,5,5,"J LUDOWEJ Warszawa, dnia 14 czerwca 1958"
MP,1958,47,1958-06-23,parser+ocr300,1958-06-23,text:warszawa,1958-06-23,,MP/1958/271,7,7," LUDOWEJ Warsz~wa, dnia 23 czerwca 1958"
MP,1958,48,1958-06-28,parser+ocr300,1958-06-28,text:warszawa,1958-06-28,,MP/1958/278,8,8,"J lUDOWEJ Warszama, dnia 28 czerwca 1958"
MP,1958,49,1958-06-30,parser+ocr300,1958-06-30,ocr:warszawa,1958-06-30,,MP/1958/286,6,6," LUDOWEJ Warszawa, dnia 30 czerwca 1958"
MP,1958,50,1958-07-04,parser+ocr300,1958-07-04,text:warszawa,1958-07-04,,MP/1958/292,5,5,"J LUDOWEJ WarszaUJa, dnia 4 lipca 1958"
MP,1958,51,1958-07-08,obraz+ocr300 (trzeci odczyt inny),1958-07-03,text:warszawa,1958-07-08,1958-07-08,MP/1958/297,8,8,"J LUDOWEJ Warszawa, dnia 3 lipca 1958"
MP,1958,52,1958-07-11,parser+ocr300,1958-07-11,text:warszawa,1958-07-11,,MP/1958/305,5,5,"J LUDOWEJ Warszawa, Nr 52 dnia 11 lipca 1958"
MP,1958,53,1958-07-14,parser+ocr300,1958-07-14,text:warszawa,1958-07-14,,MP/1958/310,3,3,"J LUDOWEJ Warszawa, dnia 14 lipca 1958"
MP,1958,54,1958-07-17,parser+ocr300,1958-07-17,text:warszawa,1958-07-17,,MP/1958/313,4,4," LUD OWEl Warszawa, dnia 17 lipca 1958"
MP,1958,55,1958-07-23,parser+ocr300,1958-07-23,text:warszawa,1958-07-23,,MP/1958/317,5,5," tUnOWEJ Warszawa, dnia 23 lipca 1958"
MP,1958,56,1958-07-26,parser+ocr300,1958-07-26,text:warszawa,1958-07-26,,MP/1958/322,5,5,"' LUDOWEJ Wars,awa. dnia 26 lipca 1958"
MP,1958,57,1958-07-29,parser+ocr300,1958-07-29,text:warszawa,1958-07-29,,MP/1958/327,2,2," LUDOWEJ Warszawa, dnia 29 lipca 1958"
MP,1958,59,1958-07-31,parser+ocr300,1958-07-31,ocr:warszawa,1958-07-31,,MP/1958/331,4,4," LUDOWEJ Warszawa, dnia 31 lipca 1958"
MP,1958,60,1958-08-06,parser+ocr300,1958-08-06,text:warszawa,1958-08-06,,MP/1958/335,9,9,"J Nr 60 Warszawa, dnia 6 sierpnia 1958"
MP,1958,61,1958-08-08,parser+ocr300,1958-08-08,text:warszawa,1958-08-08,,MP/1958/344,4,4,"' LUDOWEJ Warszawa, dnia 8 sierpnia 1958"
MP,1958,62,1958-08-13,parser+ocr300,1958-08-13,ocr:warszawa,1958-08-13,,MP/1958/348,10,10," LUDOWEJ Warszawa, dnia 13 sierpnia 1958"
MP,1958,63,1958-08-20,parser+ocr300,1958-08-20,text:warszawa,1958-08-20,,MP/1958/358,10,10," LUDOWEJ Warszawa, dnia 20 sierpnia 1958"
MP,1958,64,1958-08-21,parser+ocr300,1958-08-21,text:warszawa,1958-08-21,,MP/1958/368,9,9,"J LUDOWEI Warszawa, dnia 21 sierpnia 1958"
MP,1958,65,1958-08-27,parser+ocr300,1958-08-27,text:warszawa,1958-08-27,,MP/1958/377,14,14,"----------Warszawa, dnia 27 sierpnia 1958"
MP,1958,66,1958-08-28,parser+ocr300,1958-08-28,text:warszawa,1958-08-28,,MP/1958/391,3,3, LUDOWEJ Warszawa. dnia 28 sierpnia 1958
MP,1958,67,1958-08-30,parser+ocr300,1958-08-30,text:warszawa,1958-08-30,,MP/1958/394,2,2,"O WEJ ~~ Warszawa, dnia 30 sierpnia 1958"
MP,1958,68,1958-09-06,parser+ocr300,1958-09-06,text:warszawa,1958-09-06,,MP/1958/396,5,5,"UDOWEJ , Warszawa, dnia 6 września 1958"
MP,1958,69,1958-09-09,parser+ocr300,1958-09-09,ocr:warszawa,1958-09-09,,MP/1958/401,6,6," LUDOWEJ Warszawa, dnia 9 września 1958"
MP,1958,70,1958-09-13,parser+ocr300,1958-09-13,ocr:warszawa,1958-09-13,,MP/1958/407,9,9," LUDOWEJ Warszawa, dnia 13 września 1958"
MP,1958,71,1958-09-15,parser+ocr300,1958-09-15,text:warszawa,1958-09-15,,MP/1958/416,4,4,"J LUDOWEJ Warszawa, dnia 15 września 1958"
MP,1958,72,1958-09-23,parser+ocr300,1958-09-23,text:warszawa,1958-09-23,,MP/1958/420,4,4,"J LUOOWEJ Warszawa, dnia 23 września 1958"
MP,1958,73,1958-09-30,parser+ocr300,1958-09-30,text:warszawa,1958-09-30,,MP/1958/424,9,9,"J LUDOWEJ Warszawa, dnia 30 września 1958"
MP,1958,74,1958-10-08,parser+ocr300,1958-10-08,text:warszawa,1958-10-08,,MP/1958/433,7,7," -LUDOWEJ Warszawa, dnia 8 października 1958"
MP,1958,75,1958-10-11,parser+ocr300,1958-10-11,ocr:warszawa,1958-10-11,,MP/1958/440,8,8," LUDOWEJ Warszawa, dnia 11 października 1958"
MP,1958,76,1958-10-14,parser+ocr300,1958-10-14,text:warszawa,1958-10-14,,MP/1958/448,2,2,J LUDOWEJ Warszawa; dnia 14 października 1958
MP,1958,78,1958-10-17,parser+ocr300,1958-10-17,text:warszawa,1958-10-17,,MP/1958/453,1,1,"DOWEJ , . Warszawa, dnia 17 października 1958"
MP,1958,79,1958-10-18,parser+ocr300,1958-10-18,text:warszawa,1958-10-18,,MP/1958/454,3,3,l UDO WEJ Warszawa. dnia 18 października 1958
MP,1958,80,1958-10-27,parser+ocr300,1958-10-27,ocr:warszawa,1958-10-27,,MP/1958/457,7,7," LUDOWEJ Warszawa, dnia 27 października 1958"
MP,1958,81,1958-10-29,parser+ocr300,1958-10-29,text:warszawa,1958-10-29,,MP/1958/464,7,7,"LUDOWEJ ' Warszawa, dnia 29 października 1958"
MP,1958,83,1958-11-06,parser+ocr300,1958-11-06,text:warszawa,1958-11-06,,MP/1958/473,5,5,"LU'DO'WEJ Warszawa, dnia 6 listopada 1958"
MP,1958,84,1958-11-07,parser+ocr300,1958-11-07,text:warszawa,1958-11-07,,MP/1958/478,4,4," LUDOWEJ Warszawa, dnia 7 listopada 1958"
MP,1958,85,1958-11-10,parser+ocr300,1958-11-10,text:warszawa,1958-11-10,,MP/1958/482,3,3,"J LUDOWEJ Warszawa, dnia 10 listopada 1958"
MP,1958,86,1958-11-13,parser+ocr300,1958-11-13,text:warszawa,1958-11-13,,MP/1958/485,4,4,"J LUDOWEJ Warszawa, dnia 13 listopada 1958"
MP,1958,87,1958-11-17,parser+ocr300,1958-11-17,ocr:warszawa,1958-11-17,,MP/1958/489,2,2," LUDOWEJ Warszawa, dnia 17 listopada 1958"
MP,1958,88,1958-11-18,parser+ocr300,1958-11-18,text:warszawa,1958-11-18,,MP/1958/491,5,5,"J LUDOWEJ Warszawa, dnia 18 listopada 1958"
MP,1958,89,1958-11-22,parser+ocr300,1958-11-22,ocr:warszawa,1958-11-22,,MP/1958/496,6,6," LUDOWEJ Warszawa, dnia 22 listopada 1958"
MP,1958,90,1958-11-26,parser+ocr300,1958-11-26,ocr:warszawa,1958-11-26,,MP/1958/502,1,1," LUDOWEJ Warszawa, dnia 26 listopada 1958"
MP,1958,91,1958-11-29,parser+ocr300,1958-11-29,text:warszawa,1958-11-29,,MP/1958/503,4,4,"J LUDOWEJ Warszawa, dnia 29 listopada 1958"
MP,1958,92,1958-12-04,parser+ocr300,1958-12-04,text:warszawa,1958-12-04,,MP/1958/507,3,3,"J LUDOWEJ Warszawa, dnia 4 grudnia 1958"
MP,1958,93,1958-12-05,parser+ocr300,1958-12-05,text:warszawa,1958-12-05,,MP/1958/510,1,1,J Nr 93 WarszalVa; dnia 5 grudnia 1958
MP,1958,94,1958-12-06,parser+ocr300,1958-12-06,text:warszawa,1958-12-06,,MP/1958/511,5,5," ,LUDOWEJ Warszawa, dnia 6 grudnia 1958"
MP,1958,95,1958-12-12,parser+ocr300,1958-12-12,text:warszawa,1958-12-12,,MP/1958/516,6,6,"J Nr 95 Warszawa, dnia 12 grudnia 1958"
MP,1958,96,1958-12-18,parser+ocr300,1958-12-18,text:warszawa,1958-12-18,,MP/1958/522,9,9,"J LUDOWEJ Warszawa, dnia 18 grudnia 1958"
MP,1958,97,1958-12-19,parser+ocr300,1958-12-19,ocr:warszawa,1958-12-19,,MP/1958/531,6,6," LUDOWEJ Warszawa, dnia 19 grudnia 1958"
MP,1958,98,1958-12-27,parser+ocr300,1958-12-27,text:warszawa,1958-12-27,,MP/1958/537,8,8,"OWEJ .,., Warszawa, dnia 27 grudnia 1958"
MP,1958,100,1958-12-31,parser+ocr300,1958-12-31,ocr:warszawa,1958-12-31,,MP/1958/546,8,8," LUDOWEJ Warszawa, dnia 31 grudnia 1958"
MP,1959,1,1959-01-07,parser+ocr300,1959-01-07,ocr:warszawa,1959-01-07,,MP/1959/1,4,4," LUDOWEJ Warszawa, dnia 7 stycznia 1959"
MP,1959,2,1959-01-12,parser+ocr300,1959-01-12,ocr:warszawa,1959-01-12,,MP/1959/5,4,4," LUDOWEJ Warszawa, dnia 12 stycznia 1959"
MP,1959,3,1959-01-15,parser+ocr300,1959-01-15,text:warszawa,1959-01-15,,MP/1959/9,7,7,"-- Nr 3 Warszawa, dnia 15 stycznia 1959"
MP,1959,4,1959-01-17,parser+ocr300,1959-01-17,text:warszawa,1959-01-17,,MP/1959/16,2,2,"EJ Nr 4 \Varszawa, dnia 17 stycznia 1959"
MP,1959,5,1959-01-19,parser+ocr300,1959-01-19,ocr:warszawa,1959-01-19,,MP/1959/18,6,6," LUDOWEJ Warszawa, dnia 19 stycznia 1959"
MP,1959,6,,bez odczytu (do obrazu),,none,,,MP/1959/24,5,5,
MP,1959,7,,bez odczytu (do obrazu),,none,,,MP/1959/29,2,2,
MP,1959,8,1959-01-24,parser+ocr300,1959-01-24,ocr:warszawa,1959-01-24,,MP/1959/31,3,3,"TEJ a Warszawa, dnia 24 stycznia 1959"
MP,1959,9,1959-01-28,parser+ocr300,1959-01-28,text:warszawa,1959-01-28,,MP/1959/34,1,1,"J LUDOWEJ Wars'zawa, dnia 28 stycznia 1959"
MP,1959,10,1959-01-30,parser+ocr300,1959-01-30,text:warszawa,1959-01-30,,MP/1959/35,4,4," LUDOWEJ Warszawa, dnia 30 stycznia 1959"
MP,1959,11,1959-02-02,parser+ocr300,1959-02-02,text:warszawa,1959-02-02,,MP/1959/39,1,1,"J Nr 11 Warszawa, dnia 2 lutego 1959"
MP,1959,12,1959-02-03,parser+ocr300,1959-02-03,text:warszawa,1959-02-03,,MP/1959/40,1,1,"J LUnOWEJ Warszawa, dnia 3 lutego 1959"
MP,1959,13,1959-02-11,parser+ocr300,1959-02-11,ocr:warszawa,1959-02-11,,MP/1959/41,8,8," LUDOWEJ Warszawa, dnia 11 lutego 1959"
MP,1959,14,1959-02-14,parser+ocr300,1959-02-14,text:warszawa,1959-02-14,,MP/1959/49,11,11,"DOWEJ - Warszawa, dnia 14 lutego 1959"
MP,1959,15,1959-02-17,parser+ocr300,1959-02-17,text:warszawa,1959-02-17,,MP/1959/60,7,7,"ONITOR \r'Varszawa, dnia 17 lutego 1959"
MP,1959,16,1959-02-19,parser+ocr300,1959-02-19,ocr:warszawa,1959-02-19,,MP/1959/67,3,3," LUDOWEJ Warszawa, dnia 19 lutego 1959"
MP,1959,17,1959-02-24,parser+ocr300,1959-02-24,ocr:warszawa,1959-02-24,,MP/1959/70,10,10,"Warszawa, dnia 24 lutego 1959"
MP,1959,18,1959-02-25,parser+ocr300,1959-02-25,text:warszawa,1959-02-25,,MP/1959/80,2,2," LUDOWEJ Warszawa, dnia 25 lutego 1959"
MP,1959,19,1959-03-02,parser+ocr300,1959-03-02,text:warszawa,1959-03-02,,MP/1959/82,6,6,"HiOWF J 'Warszawa, dnia 2 marca 1959"
MP,1959,20,1959-03-06,parser+ocr300,1959-03-06,text:warszawa,1959-03-06,,MP/1959/88,7,7,"J LUDOWEJ Warszawa, dnia 6 marca 1959"
MP,1959,21,1959-03-13,obraz+ocr300,,none,1959-03-13,1959-03-13,MP/1959/95,1,1,
MP,1959,22,1959-03-14,parser+ocr300,1959-03-14,text:warszawa,1959-03-14,,MP/1959/96,7,7,"UDO WE!; Warszawa, dnia 14 marca 1959"
MP,1959,23,1959-03-19,obraz+ocr300,,none,1959-03-19,1959-03-19,MP/1959/103,5,5,
MP,1959,24,1959-03-21,parser+ocr300,1959-03-21,text:warszawa,1959-03-21,,MP/1959/108,5,5," LUDOWEJ Warszawa, dnia 21 marca 1959"
MP,1959,25,1959-03-26,parser+ocr300,1959-03-26,text:warszawa,1959-03-26,,MP/1959/113,7,7," LUDOWEJ Warszawa, dnia 26 marca 1959"
MP,1959,26,1959-04-01,parser+ocr300,1959-04-01,text:warszawa,1959-04-01,,MP/1959/120,4,4," LUDOWEJ Warszawa, dnia l kwietnia 1959"
MP,1959,27,1959-04-04,parser+ocr300,1959-04-04,ocr:warszawa,1959-04-04,,MP/1959/124,5,5," LUDOWEJ Warszawa, dnia 4 kwietnia 1959"
MP,1959,28,1959-04-07,parser+ocr300,1959-04-07,text:warszawa,1959-04-07,,MP/1959/129,4,4," LUDOWEJ \Varszawa, dnia 7 kwietnia 1959"
MP,1959,29,1959-04-13,parser+ocr300,1959-04-13,ocr:warszawa,1959-04-13,,MP/1959/133,5,5,"Warszawa, dnia 13 kwietnia 1959"
MP,1959,30,1959-04-14,obraz+parser,1959-04-14,text:warszawa,1959-04-14,1959-04-14,MP/1959/138,6,6," LUDOWEJ \VarSZ8wa, dnia 14 kwietnia 1959"
MP,1959,31,1959-04-15,parser+ocr300,1959-04-15,text:warszawa,1959-04-15,,MP/1959/144,1,1," LUDOWEJ WarSZ8UJa, dnia 15 kwietnia 1959"
MP,1959,32,1959-04-16,parser+ocr300,1959-04-16,text:warszawa,1959-04-16,,MP/1959/145,4,4,"J LUDOWEJ Warszawa, dnia 16 kwietnia 1959"
MP,1959,33,1959-04-20,parser+ocr300,1959-04-20,text:warszawa,1959-04-20,,MP/1959/149,4,4," LUDOWEJ Warszawa, dnia 20 kwietnia 1959"
MP,1959,34,1959-04-22,parser+ocr300,1959-04-22,text:warszawa,1959-04-22,,MP/1959/153,5,5,"J LUDOWEJ Warszawa, dnia 22 kwietnia 1959"
MP,1959,35,1959-04-24,parser+ocr300,1959-04-24,text:warszawa,1959-04-24,,MP/1959/158,5,5,"J LUDOWEJ Warszawa, dnia 24 kwietnia 1959"
MP,1959,36,1959-04-25,parser+ocr300,1959-04-25,ocr:warszawa,1959-04-25,,MP/1959/163,4,4," LUGOWEJ Warszawa, dnia 25 kwietnia 1959"
MP,1959,37,1959-04-29,parser+ocr300,1959-04-29,text:warszawa,1959-04-29,,MP/1959/167,5,5,"J LUDOWEJ Warszawa, dnia 29 kwietnia 1959"
MP,1959,38,1959-04-30,parser+ocr300,1959-04-30,text:warszawa,1959-04-30,,MP/1959/172,2,2,"J LUDOWEJ Warszawa, dnia 30 kwietnia 1959"
MP,1959,39,1959-05-04,parser+ocr300,1959-05-04,ocr:warszawa,1959-05-04,,MP/1959/174,6,6," LUDOWEJ Warszawa, dnia 4 maja 1959"
MP,1959,40,1959-05-09,parser+ocr300,1959-05-09,text:warszawa,1959-05-09,,MP/1959/180,7,7,"J LUDOWEJ Warszawa, dnia 9 maja 1959"
MP,1959,41,1959-05-16,parser+ocr300,1959-05-16,ocr:warszawa,1959-05-16,,MP/1959/187,5,5," LUDOWEJ Warszawa, dnia 16 maja 1959"
MP,1959,42,1959-05-18,parser+ocr300,1959-05-18,text:warszawa,1959-05-18,,MP/1959/192,2,2,"J LUDOWEJ Warszawa, dnia 18 maja 1959"
MP,1959,43,1959-05-20,parser+ocr300,1959-05-20,text:warszawa,1959-05-20,,MP/1959/194,10,10,"------~~ \VarszaUJa, dnia 20 maja 1959"
MP,1959,44,1959-05-23,parser+ocr300,1959-05-23,text:warszawa,1959-05-23,,MP/1959/204,3,3,"J LUDOW(J Warszawa, dnia 23 maja 1959"
MP,1959,45,1959-05-25,parser+ocr300,1959-05-25,text:warszawa,1959-05-25,,MP/1959/207,5,5,"J LUDOWEJ Warszawa, dnia 25 maja 1959"
MP,1959,46,1959-05-26,parser+ocr300,1959-05-26,ocr:warszawa,1959-05-26,,MP/1959/212,1,1,"„LUDOWEJ Warszawa, dnia 26 maja 1959"
MP,1959,47,1959-05-27,parser+ocr300,1959-05-27,text:warszawa,1959-05-27,,MP/1959/213,3,3,"------- \Varszama, dnia 27 maja 1959"
MP,1959,48,1959-05-29,parser+ocr300,1959-05-29,ocr:warszawa,1959-05-29,,MP/1959/216,3,3," LUDOWEJ Warszawa, dnia 29 maja 1959"
MP,1959,49,1959-05-30,parser+ocr300,1959-05-30,text:warszawa,1959-05-30,,MP/1959/219,1,1," LUD OWEJ Warszawa, dnia 30 maja 1959"
MP,1959,50,1959-06-02,parser+ocr300,1959-06-02,text:warszawa,1959-06-02,,MP/1959/220,12,12,"J LUDOWEJ WarszaUJa, dnia 2 czerwca 1959"
MP,1959,51,1959-06-09,parser+ocr300,1959-06-09,text:warszawa,1959-06-09,,MP/1959/232,17,17," lUDOWEJ Warszawa, dnia 9 czerwca 1959"
MP,1959,52,1959-06-10,parser+ocr300,1959-06-10,text:warszawa,1959-06-10,,MP/1959/249,3,3," LUDOWEJ \Varszawa, dnia 10 czerwca 1959"
MP,1959,53,1959-06-12,obraz+ocr300,,none,1959-06-12,1959-06-12,MP/1959/252,4,4,
MP,1959,54,1959-06-19,parser+ocr300,1959-06-19,ocr:warszawa,1959-06-19,,MP/1959/256,2,2," LUBOWEJ Warszawa, dnia 19 czerwca 1959"
MP,1959,55,1959-06-20,parser+ocr300,1959-06-20,ocr:warszawa,1959-06-20,,MP/1959/258,12,12," LUDOWEJ Warszawa, dnia 20 czerwca 1959"
MP,1959,56,1959-06-23,obraz+ocr300,,none,1959-06-23,1959-06-23,MP/1959/270,5,5,
MP,1959,57,1959-06-25,parser+ocr300,1959-06-25,text:warszawa,1959-06-25,,MP/1959/275,3,3,J LUDOWEJ Warszawa. dnia 25 czerwca 1959
MP,1959,58,1959-06-30,parser+ocr300,1959-06-30,text:warszawa,1959-06-30,,MP/1959/278,12,12,"]OWFJ , \VarszaUla, dnia 30 czerwca 1959"
MP,1959,59,1959-07-01,parser+ocr300,1959-07-01,text:warszawa,1959-07-01,,MP/1959/290,3,3," LUDOWEJ \Varszawa, dnia I lipca 1959"
MP,1959,60,1959-07-07,parser+ocr300,1959-07-07,text:warszawa,1959-07-07,,MP/1959/293,7,7,"UnOWEJ . Warszawa, dnia 7 lipca 1959"
MP,1959,61,1959-07-10,parser+ocr300,1959-07-10,text:warszawa,1959-07-10,,MP/1959/300,14,14,"DOWEJ - Warszawa, dnia 10 lipca 1959"
MP,1959,62,,bez odczytu (do obrazu),,none,,,MP/1959/314,8,8,
MP,1959,63,1959-07-18,parser+ocr300,1959-07-18,text:warszawa,1959-07-18,,MP/1959/322,7,7,"DOWEJ - Warszawa, dnia 18 lipca 1959"
MP,1959,64,1959-07-23,obraz+parser,1959-07-23,text:warszawa,1959-07-23,1959-07-23,MP/1959/329,4,4,"lUDOWEJ \Varszama, dnia 23 lipca 1959"
MP,1959,65,1959-07-27,parser+ocr300,1959-07-27,text:warszawa,1959-07-27,,MP/1959/333,5,5," LUDOWEJ Warszama, dnia 27 lipca 1959"
MP,1959,66,1959-07-31,parser+ocr300,1959-07-31,ocr:warszawa,1959-07-31,,MP/1959/338,9,9," LUBOWEJ Warszawa, dnia 31 lipca 1959"
MP,1959,67,1959-08-04,parser+ocr300,1959-08-04,text:warszawa,1959-08-04,,MP/1959/347,3,3," LUDOWEJ Warszawa, dnia 4 sierpnia 1959"
MP,1959,68,1959-08-05,parser+ocr300,1959-08-05,text:warszawa,1959-08-05,,MP/1959/350,4,4,"J LUDOWEJ Warszawa, dnia 5 sierpnia 1959"
MP,1959,69,1959-08-08,parser+ocr300,1959-08-08,text:warszawa,1959-08-08,,MP/1959/354,11,11," LUDOWEJ Warszawa, dnia 8 sierpnia 1959"
MP,1959,70,1959-08-13,parser+ocr300,1959-08-13,text:warszawa,1959-08-13,,MP/1959/365,4,4,"UIlOWEJ \Varszama, dnia 13 sierpnia 1959"
MP,1959,71,1959-08-19,parser+ocr300,1959-08-19,ocr:warszawa,1959-08-19,,MP/1959/369,9,9," LUDOWEJ Warszawa, dnia 19 sierpnia 1959"
MP,1959,72,1959-08-22,parser+ocr300,1959-08-22,text:warszawa,1959-08-22,,MP/1959/378,11,11," 'LUDOWEJ Warszawa, dnia 22 sierpnia 1959"
MP,1959,73,1959-08-31,parser+ocr300,1959-08-31,text:warszawa,1959-08-31,,MP/1959/389,4,4,"O(!Vł~ J Warszawa, dnia 31 sierpnia 1959"
MP,1959,74,1959-09-01,parser+ocr300,1959-09-01,text:warszawa,1959-09-01,,MP/1959/393,4,4,"Ej ---- Warszawa, dnia l września 1959"
MP,1959,75,1959-09-05,parser+ocr300,1959-09-05,text:warszawa,1959-09-05,,MP/1959/397,5,5," LUDOWEJ Warszawa, dnia 5 września 1959"
MP,1959,76,1959-09-11,parser+ocr300,1959-09-11,ocr:warszawa,1959-09-11,,MP/1959/402,7,7," LYPOWEJ Warszawa, dnia II września 1959"
MP,1959,77,1959-09-15,parser+ocr300,1959-09-15,text:warszawa,1959-09-15,,MP/1959/409,2,2," LUDOWEJ \Varszawa, dnia 15 września 1959"
MP,1959,78,1959-09-19,parser+ocr300,1959-09-19,text:warszawa,1959-09-19,,MP/1959/411,6,6,"J LUDOWEJ Warszawa, dnia 19 września 1959"
MP,1959,79,,bez odczytu (do obrazu),,none,,,MP/1959/417,1,1,
MP,1959,80,1959-09-28,parser+ocr300,1959-09-28,ocr:warszawa,1959-09-28,,MP/1959/418,4,4," LUROWEJ Warszawa, dnia 28 września 1959"
MP,1959,81,1959-09-30,obraz+parser,1959-09-30,ocr:warszawa,,1959-09-30,MP/1959/422,10,10,"UBEWEJ Y%Varszawa, dnia 30 września 1959"
MP,1959,82,1959-10-05,parser+ocr300,1959-10-05,text:warszawa,1959-10-05,,MP/1959/432,5,5, DOl EJ \Varszawa; dnia 5 października 1959
MP,1959,83,1959-10-10,parser+ocr300,1959-10-10,ocr:warszawa,1959-10-10,,MP/1959/437,7,7," LUDOWEJ Warszawa, dnia 10 października 1959"
MP,1959,84,1959-10-12,parser+ocr300,1959-10-12,ocr:warszawa,1959-10-12,,MP/1959/444,6,6," LUGOWEJ Warszawa, dnia 12 października 1959"
MP,1959,85,1959-10-14,parser+ocr300,1959-10-14,ocr:warszawa,1959-10-14,,MP/1959/450,4,4," LUDOWEJ Warszawa, dnia 14 października 1959"
MP,1959,87,1959-10-22,obraz+ocr300,,none,1959-10-22,1959-10-22,MP/1959/457,11,11,
MP,1959,88,1959-10-24,obraz+parser,1959-10-24,text:warszawa,1959-10-24,1959-10-24,MP/1959/468,6,6," LUnowEJ \Varszawa, dnia 24 października 1959"
MP,1959,89,1959-10-29,parser+ocr300,1959-10-29,text:warszawa,1959-10-29,,MP/1959/474,11,11,"J LUDOWEJ Warszawa, dnia 29 października 1959"
MP,1959,90,1959-10-30,parser+ocr300,1959-10-30,text:warszawa,1959-10-30,,MP/1959/485,7,7,"HUt~J EJ Warszawa, dnia 30 października 1959"
MP,1959,91,1959-11-02,parser+ocr300,1959-11-02,text:warszawa,1959-11-02,,MP/1959/492,2,2,"Jl OW FJ Warszawa, dnia 2 listopada 1959"
MP,1959,92,1959-11-06,parser+ocr300,1959-11-06,ocr:warszawa,1959-11-06,,MP/1959/494,1,1," LBDGWEJ Warszawa, dnia 6 listopada 1959"
MP,1959,93,1959-11-07,parser+ocr300,1959-11-07,ocr:warszawa,1959-11-07,,MP/1959/495,3,3,"Warszawa, dnia 7 listopada 1959"
MP,1959,94,1959-11-14,parser+ocr300,1959-11-14,text:warszawa,1959-11-14,,MP/1959/498,5,5," LUDOWE J Warszawa, dnia 14 listopada 1959"
MP,1959,95,1959-11-18,obraz+parser (trzeci odczyt inny),1959-11-18,ocr:warszawa,1959-11-16,1959-11-18,MP/1959/503,5,5," LUDOWEJ Warszawa, dnia 18 listopada 1959"
MP,1959,96,1959-11-30,obraz+ocr300,,none,1959-11-30,1959-11-30,MP/1959/508,13,13,
MP,1959,97,1959-12-01,parser+ocr300,1959-12-01,ocr:warszawa,1959-12-01,,MP/1959/521,8,8,"LUBNUEEJ Warszawa, dnia I grudnia 1959"
MP,1959,98,1959-12-04,parser+ocr300,1959-12-04,text:warszawa,1959-12-04,,MP/1959/529,3,3," ~ ZI EN Warszawa, dnia 4 grudnia 1959"
MP,1959,99,1959-12-08,parser+ocr300,1959-12-08,text:warszawa,1959-12-08,,MP/1959/532,1,1," LUnOWE j Warszawa, dnia 8 grudnia 1959"
MP,1959,100,1959-12-11,parser+ocr300,1959-12-11,text:warszawa,1959-12-11,,MP/1959/533,7,7,"LU DOWEJ Warszawa, dnia II grudnia 1959"
MP,1959,101,1959-12-17,parser+ocr300,1959-12-17,text:warszawa,1959-12-17,,MP/1959/540,4,4,UDOWEJ c Warszawa. dnia 17 grudnia 1959
MP,1959,102,1959-12-28,parser+ocr300,1959-12-28,text:warszawa,1959-12-28,,MP/1959/544,9,9," LUDOWEJ Warszawa, dnia 28 grudnia 1959"
MP,1959,103,1959-12-30,parser+ocr300,1959-12-30,ocr:warszawa,1959-12-30,,MP/1959/553,6,6," LUDOWEJ Warszawa, dnia 30 grudnia 1959"
MP,1959,104,1959-12-31,parser+ocr300,1959-12-31,text:warszawa,1959-12-31,,MP/1959/559,6,6,"J LUDOWEJ Warszawa, dnia 31 grudnia 1959"
MP,1960,1,1960-01-08,parser+ocr300,1960-01-08,text:warszawa,1960-01-08,,MP/1960/1,4,4,"J LUDOWEJ WarszaUJa, dnia 8 stycznia 1960"
MP,1960,2,1960-01-12,parser+ocr300,1960-01-12,text:warszawa,1960-01-12,,MP/1960/5,5,5,"J LUDOWEl Warszawa, dnia 12 stycznia 1960"
MP,1960,3,1960-01-14,parser+ocr300,1960-01-14,text:warszawa,1960-01-14,,MP/1960/10,5,5," LUDOWEJ Warszawa, dnia 14 stycznia 1960"
MP,1960,4,1960-01-18,parser+ocr300,1960-01-18,text:warszawa,1960-01-18,,MP/1960/15,4,4,"J LUDOWEJ Warszawa, dnia 18 stycznia 1960"
MP,1960,5,1960-01-19,parser+ocr300,1960-01-19,text:warszawa,1960-01-19,,MP/1960/19,9,9," LUDOWEJ Warszawa, dnia 19 stycznia 1960"
MP,1960,6,1960-01-23,parser+ocr300,1960-01-23,text:warszawa,1960-01-23,,MP/1960/28,3,3," LUDOWEJ WarSZ8ma, dnia 23 stycznia 1960"
MP,1960,7,1960-01-27,obraz+parser,1960-01-27,text:warszawa,1960-01-27,1960-01-27,MP/1960/31,5,5,"J LUDOWEJ Warszawa, dnia 27 stycznia 1960"
MP,1960,8,1960-01-28,parser+ocr300,1960-01-28,text:warszawa,1960-01-28,,MP/1960/36,7,7," LUDOWEJ Warszawa, dnia 28 stycznia 1960"
MP,1960,9,1960-02-01,parser+ocr300,1960-02-01,text:warszawa,1960-02-01,,MP/1960/43,1,1,"J LUDOWEJ Warszawa, dnia I lutego 1960"
MP,1960,10,1960-02-02,parser+ocr300,1960-02-02,text:warszawa,1960-02-02,,MP/1960/44,2,2,"l LUDOlEJ Warszawa, dnia 2 lutego 1960"
MP,1960,11,1960-02-04,parser+ocr300,1960-02-04,text:warszawa,1960-02-04,,MP/1960/46,7,7,"J LUDOWEJ Warszawa, dnia 4 lutego 1960"
MP,1960,12,1960-02-06,parser+ocr300,1960-02-06,ocr:warszawa,1960-02-06,,MP/1960/53,6,6," LUDOWEJ Warszawa, dnia 6 lutego 1960"
MP,1960,13,1960-02-10,parser+ocr300,1960-02-10,text:warszawa,1960-02-10,,MP/1960/59,4,4,"LUDOYiEJ WarszaUJa, dnia 10 lutego 1960"
MP,1960,14,1960-02-12,parser+ocr300,1960-02-12,text:warszawa,1960-02-12,,MP/1960/63,3,3,"J LUDOWEJ Warszawa, dnia 12 lutego 1960"
MP,1960,15,1960-02-13,obraz+parser,1960-02-13,text:warszawa,1960-02-13,1960-02-13,MP/1960/66,12,12, LUDOWEJ \Varszawa. dnia 13 lutego 1960
MP,1960,16,1960-02-16,parser+ocr300,1960-02-16,ocr:warszawa,1960-02-16,,MP/1960/78,4,4," LUDOWEJ Warszawa, dnia 16 lutego 1960"
MP,1960,17,1960-02-19,parser+ocr300,1960-02-19,text:warszawa,1960-02-19,,MP/1960/82,6,6,"LUDO'WEJ Warszawa, dnia 19 lutego 1960"
MP,1960,18,1960-02-25,parser+ocr300,1960-02-25,ocr:warszawa,1960-02-25,,MP/1960/88,4,4," LUDOWEJ Warszawa, dnia 25 lutego 1960"
MP,1960,19,1960-03-02,parser+ocr300,1960-03-02,text:warszawa,1960-03-02,,MP/1960/92,8,8," LUDOWEJ Warszawa, dnia 2 marca 1960"
MP,1960,20,1960-03-05,parser+ocr300,1960-03-05,text:warszawa,1960-03-05,,MP/1960/100,3,3,"LUDOWEJ \Varszawa, dnia 5 marca 1960"
MP,1960,21,1960-03-08,parser+ocr300,1960-03-08,ocr:warszawa,1960-03-08,,MP/1960/103,3,3," LUDOWEJ Warszawa, dnia 8 marca 1960"
MP,1960,22,1960-03-14,parser+ocr300,1960-03-14,text:warszawa,1960-03-14,,MP/1960/106,3,3,"J LUDOlEJ Warszawa, dnia 14 marca 1960"
MP,1960,23,1960-03-16,parser+ocr300,1960-03-16,text:warszawa,1960-03-16,,MP/1960/109,6,6," LUDOWEJ .Wars~awa, dnia 16 marca 1960"
MP,1960,24,1960-03-17,parser+ocr300,1960-03-17,ocr:warszawa,1960-03-17,,MP/1960/115,5,5," LUDOWEJ Warszawa, dnia 17 marca 1960"
MP,1960,25,1960-03-19,parser+ocr300,1960-03-19,text:warszawa,1960-03-19,,MP/1960/120,5,5,"LU DOWEJ Warszawa, dnia 19 marca 1960"
MP,1960,26,1960-03-23,parser+ocr300,1960-03-23,ocr:warszawa,1960-03-23,,MP/1960/125,4,4," LUDOWEJ Warszawa, dnia 23 marca 1960"
MP,1960,27,1960-03-26,obraz+ocr300 (trzeci odczyt inny),1960-03-06,text:warszawa_nr,1960-03-26,1960-03-26,MP/1960/129,2,2," LUDOWEJ Warszawa, ~nia 26 marca 1960"
MP,1960,28,1960-03-29,parser+ocr300,1960-03-29,text:warszawa,1960-03-29,,MP/1960/131,2,2,") LUDOWEJ Warszawa, dnia 29 marca 1960"
MP,1960,29,1960-03-30,parser+ocr300,1960-03-30,text:warszawa,1960-03-30,,MP/1960/133,9,9," UD OWEJ \Varszawa, dnia 30 marca 1960"
MP,1960,30,1960-04-02,parser+ocr300,1960-04-02,text:warszawa,1960-04-02,,MP/1960/142,3,3," LUDOWEJ Warszawa, dnia 2 kwietnia 1960"
MP,1960,32,1960-04-09,parser+ocr300,1960-04-09,text:warszawa,1960-04-09,,MP/1960/155,7,7," LUDOWEJ Warszawa, dnia 9 kwietnia 1960"
MP,1960,33,1960-04-13,parser+ocr300,1960-04-13,text:warszawa,1960-04-13,,MP/1960/162,5,5," lęDOWfJ Warszawa, dnia 13 kwietnia 1960"
MP,1960,34,1960-04-15,parser+ocr300,1960-04-15,ocr:warszawa,1960-04-15,,MP/1960/167,7,7," LUDOWEJ Warszawa, dnia 15 kwietnia 1960"
MP,1960,35,1960-04-20,parser+ocr300,1960-04-20,text:warszawa,1960-04-20,,MP/1960/174,2,2,"LUDOW:EJ .Warszawa, dnia 20 kwietnia 1960"
MP,1960,36,1960-04-29,parser+ocr300,1960-04-29,ocr:warszawa,1960-04-29,,MP/1960/176,5,5," LUDOWEJ Warszawa, dnia 29 kwietnia 1960"
MP,1960,37,1960-05-02,parser+ocr300,1960-05-02,text:warszawa,1960-05-02,,MP/1960/181,8,8,"J LUDOWEJ Warszawa, dnia 2 maja 1960"
MP,1960,38,1960-05-10,obraz+parser,1960-05-10,ocr:warszawa,1960-05-10,1960-05-10,MP/1960/189,3,3," LUDOWEJ Warszawa, dnia 10 maja 1960"
MP,1960,39,1960-05-12,parser+ocr300,1960-05-12,text:warszawa,1960-05-12,,MP/1960/192,7,7,"LUDOWEJ . Warszawa, dnia 12 maja 1960"
MP,1960,40,1960-05-14,parser+ocr300,1960-05-14,text:warszawa,1960-05-14,,MP/1960/199,3,3,"-LUDOWEJ Warszawa, dnia 14 maja 1960"
MP,1960,41,1960-05-17,parser+ocr300,1960-05-17,text:warszawa,1960-05-17,,MP/1960/202,1,1,"l UDOWEJ \Varszawa, dnia 17 maja 1960"
MP,1960,42,1960-05-19,parser+ocr300,1960-05-19,text:warszawa,1960-05-19,,MP/1960/203,6,6,"J LUDOWEJ Warszawa, dnia 19 maja 1960"
MP,1960,43,1960-05-23,parser+ocr300,1960-05-23,text:warszawa,1960-05-23,,MP/1960/209,3,3,"J LUDOWEJ Warszawa, dnia 23 maja 1960"
MP,1960,44,1960-05-25,parser+ocr300,1960-05-25,text:warszawa,1960-05-25,,MP/1960/212,5,5,"J LUDOWEJ Warszawa, dnia 25 maja 1960"
MP,1960,45,1960-05-30,parser+ocr300,1960-05-30,text:warszawa,1960-05-30,,MP/1960/217,2,2,"I LUDOlEJ Warszawa, ;'dnia 30 maja 1960"
MP,1960,46,1960-06-02,parser+ocr300,1960-06-02,text:warszawa,1960-06-02,,MP/1960/219,5,5,"J LUDOWEJ Warszawa, dnia 2 czerwca 1960"
MP,1960,47,1960-06-07,parser+ocr300,1960-06-07,text:warszawa,1960-06-07,,MP/1960/224,1,1,"LU DOWEJ \Varszawa, dnia 7 czerwca 1960"
MP,1960,48,1960-06-11,obraz+parser,1960-06-11,ocr:warszawa,1960-06-11,1960-06-11,MP/1960/225,7,7," LUDOWEJ Warszawa, dnia 1l czerwca 1960"
MP,1960,49,1960-06-17,parser+ocr300,1960-06-17,text:warszawa,1960-06-17,,MP/1960/232,4,4,"LUDOWE J \Varszawa, dnia 17 czerwca 1960"
MP,1960,50,1960-06-21,parser+ocr300,1960-06-21,text:warszawa,1960-06-21,,MP/1960/236,4,4,"LUDO WEJ \Varszawa, dnia 21 czerwca 1960"
MP,1960,51,1960-06-23,parser+ocr300,1960-06-23,text:warszawa,1960-06-23,,MP/1960/240,5,5,"LUDOWEJ \Varszawa, dnia 23 czerwca 1960"
MP,1960,52,1960-06-30,parser+ocr300,1960-06-30,text:warszawa,1960-06-30,,MP/1960/245,8,8," LUDOWEJ \Varszawa, dnia 30 czerwca 1960"
MP,1960,53,1960-07-01,parser+ocr300,1960-07-01,ocr:warszawa,1960-07-01,,MP/1960/253,4,4," LUDOWEJ Warszawa, dnia 1 lipca 1960"
MP,1960,54,1960-07-09,parser+ocr300,1960-07-09,text:warszawa,1960-07-09,,MP/1960/257,4,4," tU DOWEJ Warszawa, dnia 9 lipca 1960"
MP,1960,55,1960-07-18,parser+ocr300,1960-07-18,ocr:warszawa,1960-07-18,,MP/1960/261,7,7," LUDOWEJ Warszawa, dnia 18 lipca 1960"
MP,1960,56,1960-07-20,obraz+ocr300,,none,1960-07-20,1960-07-20,MP/1960/268,3,3,
MP,1960,57,1960-07-27,parser+ocr300,1960-07-27,text:warszawa,1960-07-27,,MP/1960/271,1,1,"LUD O\VEJ Warszawa, dnia 27 lipca 1960"
MP,1960,58,1960-07-28,obraz+ocr300 (trzeci odczyt inny),1960-07-23,text:warszawa,1960-07-28,1960-07-28,MP/1960/272,9,9,"LU DOWEJ Warszawa, dnia 23 lipca 1960"
MP,1960,59,1960-07-30,parser+ocr300,1960-07-30,text:warszawa,1960-07-30,,MP/1960/281,3,3," LUDOWEJ Warszawa, dnia 30 lipca 1960"
MP,1960,60,1960-08-03,parser+ocr300,1960-08-03,text:warszawa,1960-08-03,,MP/1960/284,4,4," 1 UDOWEJ Warszawa, dnia 3 sierpnia 1960"
MP,1960,61,1960-08-04,parser+ocr300,1960-08-04,text:warszawa,1960-08-04,,MP/1960/288,4,4," LUDOWEJ Warszawa, dnia 4 sierpnia 1960"
MP,1960,62,1960-08-09,parser+ocr300,1960-08-09,text:warszawa,1960-08-09,,MP/1960/292,9,9,"J LUDOWEJ Warszawa, dnia 9 sierpnia 1960"
MP,1960,63,1960-08-12,parser+ocr300,1960-08-12,ocr:warszawa,1960-08-12,,MP/1960/301,2,2," LUDOWEJ Warszawa, dnia 12 sierpnia 1960"
MP,1960,64,1960-08-17,parser+ocr300,1960-08-17,text:warszawa,1960-08-17,,MP/1960/303,4,4,"J LUDOWEJ Warszawa, dnia 17 sierpnia 1960"
MP,1960,65,1960-08-20,parser+ocr300,1960-08-20,ocr:warszawa,1960-08-20,,MP/1960/307,4,4,"Warszawa, dnia 20 sierpnia 1960"
MP,1960,66,1960-08-23,parser+ocr300,1960-08-23,text:warszawa,1960-08-23,,MP/1960/311,6,6," LUDOWEJ \Varszawa, dnia 23 sierpnia 1960"
MP,1960,67,1960-08-27,parser+ocr300,1960-08-27,text:warszawa,1960-08-27,,MP/1960/317,3,3," LUDOWEJ Warszawa, dnia 27 sierpnia 1960"
MP,1960,68,1960-09-01,parser+ocr300,1960-09-01,text:warszawa,1960-09-01,,MP/1960/320,2,2," LUDOW EJ Warszawa, dnia l września 1960"
MP,1960,69,1960-09-08,parser+ocr300,1960-09-08,text:warszawa,1960-09-08,,MP/1960/322,7,7," LUDOWEJ \Varszawa, dnia 8 września 1960"
MP,1960,70,1960-09-16,parser+ocr300,1960-09-16,ocr:warszawa,1960-09-16,,MP/1960/329,1,1,"UBOWEJ © Warszawa, dnia 16 września 1960"
MP,1960,71,1960-09-17,parser+ocr300,1960-09-17,ocr:warszawa,1960-09-17,,MP/1960/330,3,3," LUDOWEJ Warszaiva, dnia 17 września 1960"
MP,1960,72,1960-09-19,parser+ocr300,1960-09-19,text:warszawa,1960-09-19,,MP/1960/333,2,2,"J LUDOWEJ Warszawa, dnia 19 września 1960"
MP,1960,73,1960-09-24,parser+ocr300,1960-09-24,ocr:warszawa,1960-09-24,,MP/1960/335,6,6," LUDOWEJ Warszawa, dnia 24 września 1960"
MP,1960,74,1960-09-30,parser+ocr300,1960-09-30,ocr:warszawa,1960-09-30,,MP/1960/341,4,4," LUDOWEJ Warszawa, dnia 30 września 1960"
MP,1960,75,1960-10-01,parser+ocr300,1960-10-01,ocr:warszawa,1960-10-01,,MP/1960/345,4,4," LUDOWEJ Warszawa, dnia I października 1960"
MP,1960,76,1960-10-07,parser+ocr300,1960-10-07,ocr:warszawa,1960-10-07,,MP/1960/349,7,7," LUDOWEJ Warszawa, dnia 7 października 1960"
MP,1960,77,1960-10-13,parser+ocr300,1960-10-13,ocr:warszawa,1960-10-13,,MP/1960/356,3,3," LUDOWEJ Warszawa, dnia 13 października 1960"
MP,1960,78,1960-10-17,obraz+parser,1960-10-17,text:warszawa,1960-10-17,1960-10-17,MP/1960/359,4,4,LU DOWEJ \Varszawa. dnia 17 patdziernika 1960
MP,1960,79,1960-10-20,parser+ocr300,1960-10-20,ocr:warszawa,1960-10-20,,MP/1960/363,4,4,"Warszawa, dnia 20 października 1960"
MP,1960,80,1960-10-25,parser+ocr300,1960-10-25,ocr:warszawa,1960-10-25,,MP/1960/367,2,2," LUDOWEJ Warszawa, dnia 25 października 1960"
MP,1960,81,1960-10-31,parser+ocr300,1960-10-31,ocr:warszawa,1960-10-31,,MP/1960/369,3,3," LUDOWEJ Warszawa, dnia 31 października 1960"
MP,1960,82,1960-11-07,parser+ocr300,1960-11-07,text:warszawa,1960-11-07,,MP/1960/372,4,4,"UDOWEJ ' Warszawa, dnia 7 listopada 1960"
MP,1960,83,1960-11-09,parser+ocr300,1960-11-09,text:warszawa,1960-11-09,,MP/1960/376,4,4, LUDOWEJ \Varszawa. dnia 9 listopada 1960
MP,1960,84,1960-11-12,parser+ocr300,1960-11-12,text:warszawa,1960-11-12,,MP/1960/380,6,6,"UDO WEJ · Warszawa, dnia 12 listopada 1960"
MP,1960,85,1960-11-21,parser+ocr300,1960-11-21,ocr:warszawa,1960-11-21,,MP/1960/386,5,5," LUDOWEJ Warszawa, dnia 21 listopada 1960"
MP,1960,86,1960-11-23,parser+ocr300,1960-11-23,text:warszawa,1960-11-23,,MP/1960/391,4,4,"J LUOOIEI Warszawa, dnia 23 listopada 1960"
MP,1960,87,1960-11-28,obraz+ocr300 (trzeci odczyt inny),1960-11-23,text:warszawa,1960-11-28,1960-11-28,MP/1960/395,3,3,"l LUDOWEJ Warszaw,a, dnia 23 listopada 1960"
MP,1960,88,1960-12-03,parser+ocr300,1960-12-03,ocr:warszawa,1960-12-03,,MP/1960/398,3,3," LUDOWEJ Warszawa, dnia 3 grudnia 1960"
MP,1960,89,1960-12-07,parser+ocr300,1960-12-07,ocr:warszawa,1960-12-07,,MP/1960/401,4,4," LUDOWEJ Warszawa, dnia 7 grudnia 1960"
MP,1960,90,1960-12-10,parser+ocr300,1960-12-10,text:warszawa,1960-12-10,,MP/1960/405,6,6," LUDOWEJ Warszawa, dnia 10 grudnia 1960"
MP,1960,91,1960-12-15,parser+ocr300,1960-12-15,ocr:warszawa,1960-12-15,,MP/1960/411,3,3," LUDOWEJ Warszawa, dnia 15 grudnia 1960"
MP,1960,92,1960-12-17,parser+ocr300,1960-12-17,text:warszawa,1960-12-17,,MP/1960/414,1,1," rUDOW,EJ Warszawa, dnia 17 grudnia 1960"
MP,1960,93,1960-12-19,parser+ocr300,1960-12-19,text:warszawa,1960-12-19,,MP/1960/415,2,2," LU DOW~J W arSZ8ma, ' dnia 19 grudnia 1960"
MP,1960,94,1960-12-23,obraz+parser,1960-12-23,ocr:warszawa,1960-12-23,1960-12-23,MP/1960/417,3,3," LUDOWEJ Warszawa, dnia 23 grudnia 1960"
MP,1960,95,1960-12-24,parser+ocr300,1960-12-24,ocr:warszawa,1960-12-24,,MP/1960/420,4,4," LUDOWEJ Warszawa, dnia 24 grudnia 1960"
MP,1960,96,1960-12-30,parser+ocr300,1960-12-30,text:warszawa,1960-12-30,,MP/1960/424,5,5, LUDOWEJ Warszawa. dnia 30 grudnia 1960
MP,1960,97,1960-12-31,parser+ocr300,1960-12-31,ocr:warszawa,1960-12-31,,MP/1960/429,2,2," LUDOWEJ Warszawa, dnia 31 grudnia 1960"
MP,1961,1,1961-01-11,parser+ocr300,1961-01-11,text:warszawa,1961-01-11,,MP/1961/1,12,12,"LU DOW[J Warszawa, dnia II stycznia 1961"
MP,1961,2,1961-01-13,obraz×2,,none,,1961-01-13 1961-01-13,MP/1961/13,8,8,
MP,1961,3,1961-01-16,parser+ocr300,1961-01-16,text:warszawa,1961-01-16,,MP/1961/21,2,2,"J LUDOlEJ Warszawa, dnia 16 stycznia 1961"
MP,1961,4,1961-01-19,parser+ocr300,1961-01-19,text:warszawa,1961-01-19,,MP/1961/23,5,5,"----------Warszawa, dnia 19 stycznia 1961"
MP,1961,5,1961-01-21,parser+ocr300,1961-01-21,ocr:warszawa,1961-01-21,,MP/1961/28,2,2," LUDOWEJ Warszawa, dnia 21 stycznia 1961"
MP,1961,6,1961-01-25,parser+ocr300,1961-01-25,ocr:warszawa,1961-01-25,,MP/1961/30,4,4," LUBOWEJ Warszauia, dnia 25 stycznia 1961"
MP,1961,7,1961-01-26,parser+ocr300,1961-01-26,text:warszawa,1961-01-26,,MP/1961/34,6,6,UDOWEI • Warszawa. dnia 26 stycznia 1961
MP,1961,8,1961-01-28,obraz+parser,1961-01-28,text:warszawa,1961-01-28,1961-01-28,MP/1961/40,7,7," LUDOWEJ Warszawa, dnia 28 stycznia 1961"
MP,1961,9,1961-01-30,parser+ocr300,1961-01-30,text:warszawa,1961-01-30,,MP/1961/47,9,9,"LU oOWEI \Varszawa, dnia 30 stycznia 1961"
MP,1961,10,1961-02-02,parser+ocr300,1961-02-02,text:warszawa,1961-02-02,,MP/1961/56,4,4,"I LUDOWEJ Warszawa, dnia 2 lutego 1961"
MP,1961,11,1961-02-07,parser+ocr300,1961-02-07,ocr:warszawa,1961-02-07,,MP/1961/60,3,3," LUDOWEJ Warszawa, dnia 7 lutego 1961"
MP,1961,12,1961-02-16,parser+ocr300,1961-02-16,ocr:warszawa,1961-02-16,,MP/1961/63,5,5,"UDOWEJ t Warszawa, dnia 16 lutego 1961"
MP,1961,13,1961-02-17,parser+ocr300,1961-02-17,ocr:warszawa,1961-02-17,,MP/1961/68,4,4," LUDOWEJ Warszaua, dnia 17 lutego 1961"
MP,1961,14,1961-02-18,parser+ocr300,1961-02-18,ocr:warszawa,1961-02-18,,MP/1961/72,5,5," LUDOWEJ Warszawa, dnia 18 lutego 1961"
MP,1961,15,1961-02-20,parser+ocr300,1961-02-20,ocr:warszawa,1961-02-20,,MP/1961/77,6,6," LUDOWEJ Warszaw'a, dnia 20 lutego 1961"
MP,1961,16,1961-02-22,parser+ocr300,1961-02-22,text:warszawa,1961-02-22,,MP/1961/83,4,4, LU DOlEJ Warszawa. dnia 22 lutego 1961
MP,1961,17,1961-02-25,obraz+ocr300,,none,1961-02-25,1961-02-25,MP/1961/87,1,1,
MP,1961,18,1961-02-28,obraz+ocr300 (trzeci odczyt inny),1961-02-23,text:warszawa,1961-02-28,1961-02-28,MP/1961/88,3,3,"LUDOW EJ Warszawa, dnia 23 lutego 1961"
MP,1961,19,1961-03-01,parser+ocr300,1961-03-01,text:warszawa,1961-03-01,,MP/1961/91,2,2," LUnOWEJ .W arszawa, dnia 1 marca 1961"
MP,1961,20,1961-03-06,parser+ocr300,1961-03-06,ocr:warszawa,1961-03-06,,MP/1961/93,2,2," LUDOWEJ Warszawa, dnia 6 marca 1961"
MP,1961,21,1961-03-08,parser+ocr300,1961-03-08,text:warszawa,1961-03-08,,MP/1961/95,9,9,"LUDOWEJ \Varszawa, dnia 8 marca 1961"
MP,1961,22,1961-03-10,obraz+parser,1961-03-10,ocr:warszawa,,1961-03-10,MP/1961/104,7,7," LUDOWEJ Warszawa, dnia 10 marca 1961"
MP,1961,23,1961-03-15,parser+ocr300,1961-03-15,text:warszawa,1961-03-15,,MP/1961/111,2,2,"J LUDOWEJ WarszaUJa, dnia 15 marca 1961"
MP,1961,25,1961-03-20,parser+ocr300,1961-03-20,ocr:warszawa,1961-03-20,,MP/1961/120,2,2,"J LUDOWE Warszawa, dnia 20 marca 1961"
MP,1961,26,1961-03-27,parser+ocr300,1961-03-27,text:warszawa,1961-03-27,,MP/1961/122,7,7,"J LUDOWEJ Warszawa, dnia 27 marca 1961"
MP,1961,27,1961-03-29,parser+ocr300,1961-03-29,text:warszawa,1961-03-29,,MP/1961/129,3,3," LUDOWEJ Warszawa, dnia 29 marca 1961"
MP,1961,28,1961-04-01,parser+ocr300,1961-04-01,text:warszawa,1961-04-01,,MP/1961/132,5,5,"J LUDOWEJ Warszawa, dnia I kwietnia 1961"
MP,1961,29,1961-04-08,obraz×2,,none,,1961-04-08 1961-04-08,MP/1961/137,8,8,
MP,1961,30,1961-04-20,parser+ocr300,1961-04-20,text:warszawa,1961-04-20,,MP/1961/145,2,2," LUDOWEJ Warszawa, dnia 20 kwietnia 1961"
MP,1961,31,1961-04-22,parser+ocr300,1961-04-22,ocr:warszawa,1961-04-22,,MP/1961/147,6,6," LUDOWEJ Warszawa, dnia 22 kwietnia 1961"
MP,1961,32,1961-04-27,parser+ocr300,1961-04-27,text:warszawa,1961-04-27,,MP/1961/153,1,1," LUDOWEJ Warszawa, dnia 27 kwietnia 1961"
MP,1961,33,1961-05-02,parser+ocr300,1961-05-02,text:warszawa,1961-05-02,,MP/1961/154,4,4," LUDOWEJ Warszawa, dnia 2 maja 1961"
MP,1961,34,1961-05-03,parser+ocr300,1961-05-03,text:warszawa,1961-05-03,,MP/1961/158,3,3,"LUDOWEJ \Varszawa, dnia 3 maja 1961"
MP,1961,35,1961-05-06,parser+ocr300,1961-05-06,ocr:warszawa,1961-05-06,,MP/1961/161,5,5," LUDOWEJ Warszawa, dnia 6 maja 1961"
MP,1961,36,1961-05-11,parser+ocr300,1961-05-11,ocr:warszawa,1961-05-11,,MP/1961/166,5,5," LUDOWEJ Warszawa, dnia Il maja 1961"
MP,1961,37,1961-05-13,parser+ocr300,1961-05-13,ocr:warszawa,1961-05-13,,MP/1961/171,2,2," LUDOWEJ Warszawa, dnia 13 maja 1961"
MP,1961,38,1961-05-16,parser+ocr300,1961-05-16,text:warszawa,1961-05-16,,MP/1961/173,6,6,"DOWEJ . Warszawa, dnia 16 maja 1961"
MP,1961,39,1961-05-23,parser+ocr300,1961-05-23,text:warszawa,1961-05-23,,MP/1961/179,6,6,"LU DO WEJ Warszawa, dnia 23 maja 1961"
MP,1961,40,1961-05-26,parser+ocr300,1961-05-26,text:warszawa,1961-05-26,,MP/1961/185,7,7,"LUDOWE,. Warszawa, dnia 26 maja 1961"
MP,1961,41,1961-05-31,parser+ocr300,1961-05-31,ocr:warszawa,1961-05-31,,MP/1961/192,2,2," LUDOWEJ Warszawa, dnia 31 maja 1961"
MP,1961,42,1961-06-03,parser+ocr300,1961-06-03,text:warszawa,1961-06-03,,MP/1961/194,3,3,LUDO WEJ Warszawa. dnia 3 czerwca 1961
MP,1961,43,1961-06-05,obraz×2,,none,,1961-06-05 1961-06-05,MP/1961/197,3,3,
MP,1961,44,1961-06-07,parser+ocr300,1961-06-07,ocr:warszawa,1961-06-07,,MP/1961/200,4,4," LUDOWEJ Warszawa, dnia 7 czerwca 1961"
MP,1961,45,1961-06-09,parser+ocr300,1961-06-09,text:warszawa,1961-06-09,,MP/1961/204,4,4,"LUDOW'IJ Warszawa, dnia 9 czerwca 1961"
MP,1961,46,1961-06-15,parser+ocr300,1961-06-15,text:warszawa,1961-06-15,,MP/1961/208,2,2," LU.DnIEJ Warszawa, dnia 15 czerwca 1961"
MP,1961,47,1961-06-16,parser+ocr300,1961-06-16,text:warszawa,1961-06-16,,MP/1961/210,4,4,"J LUDOWEJ Warszawa, dnia 16 czerwca 1961"
MP,1961,48,1961-06-22,parser+ocr300,1961-06-22,ocr:warszawa,1961-06-22,,MP/1961/214,3,3," LUDOWEJ Warszawa, dnia 22 czerwca 1961"
MP,1961,49,1961-06-26,parser+ocr300,1961-06-26,ocr:warszawa,1961-06-26,,MP/1961/217,1,1,"OWEJ | p Warszawa, dnia 26 czerwca 1961"
MP,1961,50,1961-06-29,parser+ocr300,1961-06-29,text:warszawa,1961-06-29,,MP/1961/218,5,5,"DO WEJ "" Warszawa, dnia 29 czerwca 1961"
MP,1961,51,1961-07-03,parser+ocr300,1961-07-03,ocr:warszawa,1961-07-03,,MP/1961/223,4,4," LUDOWEJ Warszawa, dnia 3 lipca 1961"
MP,1961,52,1961-07-10,obraz+parser,1961-07-10,text:warszawa,1961-07-10,1961-07-10,MP/1961/227,1,1,".DO·OWEJ Warszawa, dnia 10 lipca 1961"
MP,1961,53,1961-07-11,parser+ocr300,1961-07-11,text:warszawa,1961-07-11,,MP/1961/228,6,6," LUDOWEJ \Varszatua, dnia II lipca 1961"
MP,1961,54,1961-07-15,parser+ocr300,1961-07-15,ocr:warszawa,1961-07-15,,MP/1961/234,4,4," LUDOWEJ Warszawa, dnia 15 lipca 1961"
MP,1961,55,1961-07-19,obraz+parser,1961-07-19,ocr:warszawa,,1961-07-19,MP/1961/238,8,8," LUDOWEJ Warszawa, dnia 19 lipca 1961"
MP,1961,56,1961-07-24,parser+ocr300,1961-07-24,text:warszawa,1961-07-24,,MP/1961/246,5,5,"LUDOWEJ \Varszawa, dnia 24 lipca 1961"
MP,1961,57,1961-07-31,parser+ocr300,1961-07-31,text:warszawa,1961-07-31,,MP/1961/251,2,2," LUDOWf J Warszawa, dnia 31 lipca 1961"
MP,1961,58,1961-08-01,parser+ocr300,1961-08-01,text:warszawa,1961-08-01,,MP/1961/253,3,3," LUD OWEł Warszawa, dnia l sierpnia 1961"
MP,1961,59,1961-08-05,parser+ocr300,1961-08-05,ocr:warszawa,1961-08-05,,MP/1961/256,3,3," LUDOWEJ Warszawa, dnia 5 sierpnia 1961"
MP,1961,60,1961-08-07,parser+ocr300,1961-08-07,text:warszawa,1961-08-07,,MP/1961/259,4,4," LUDOWEJ Warszawa, dnia 7 sierpnia 1961"
MP,1961,61,1961-08-11,parser+ocr300,1961-08-11,text:warszawa,1961-08-11,,MP/1961/263,3,3,"LUDOWEJ \Varszawa, dnia II sierpnia 1961"
MP,1961,62,1961-08-12,obraz+parser,1961-08-12,text:warszawa,,1961-08-12,MP/1961/266,3,3," lUDOWEJ Warszawa, dnia 12 sierpnia 1961"
MP,1961,63,1961-08-19,parser+ocr300,1961-08-19,ocr:warszawa,1961-08-19,,MP/1961/269,7,7," LUDOWEJ Warszawa, dnia 19 sierpnia 1961"
MP,1961,64,1961-08-21,parser+ocr300,1961-08-21,ocr:warszawa,1961-08-21,,MP/1961/276,4,4," LUDOWEJ Warszawa, dnia 21 sierpnia 1961"
MP,1961,65,1961-08-24,parser+ocr300,1961-08-24,text:warszawa,1961-08-24,,MP/1961/280,2,2," LUDOW EJ Warszawa, 'dnia 24 sierpnia 1961"
MP,1961,66,1961-08-26,parser+ocr300,1961-08-26,ocr:warszawa,1961-08-26,,MP/1961/282,7,7," LUDOWEJ Warszawa, dnia 26 sierpnia 1961"
MP,1961,67,1961-08-28,parser+ocr300,1961-08-28,text:warszawa,1961-08-28,,MP/1961/289,4,4," LUDOWEJ Warszawa, dnia 28 sierpnia 1961"
MP,1961,68,1961-09-02,obraz+ocr300,,none,1961-09-02,1961-09-02,MP/1961/293,3,3,
MP,1961,69,1961-09-08,parser+ocr300,1961-09-08,text:warszawa,1961-09-08,,MP/1961/296,1,1,"J LUDOWEJ Warszawa, dnia 8 września 1961"
MP,1961,70,1961-09-14,parser+ocr300,1961-09-14,ocr:warszawa,1961-09-14,,MP/1961/297,3,3," LUDOWEJ Warszawa, dnia 14 września 1961"
MP,1961,71,1961-09-19,parser+ocr300,1961-09-19,text:warszawa,1961-09-19,,MP/1961/300,4,4,"J LUDOWEJ Warszawa, dnia 19 września 1961"
MP,1961,72,1961-09-22,parser+ocr300,1961-09-22,text:warszawa,1961-09-22,,MP/1961/304,5,5," LUDOWEJ \Varszawa, dnia 22 września 1961"
MP,1961,73,1961-09-29,parser+ocr300,1961-09-29,ocr:warszawa,1961-09-29,,MP/1961/309,4,4," LUDOWEJ Warszawa, dnia 29 września 1961"
MP,1961,74,1961-10-02,parser+ocr300,1961-10-02,text:warszawa,1961-10-02,,MP/1961/313,3,3," LUDOWEJ Warszawa, dnia 2 października 1961"
MP,1961,75,1961-10-05,parser+ocr300,1961-10-05,ocr:warszawa,1961-10-05,,MP/1961/316,4,4," LUDOWEJ Warszawa, dnia 5 października 1961"
MP,1961,76,1961-10-06,parser+ocr300,1961-10-06,ocr:warszawa,1961-10-06,,MP/1961/320,4,4,"Warszawa, dnia 6 pażdziernika 1961"
MP,1961,77,1961-10-09,parser+ocr300,1961-10-09,ocr:warszawa,1961-10-09,,MP/1961/324,1,1," LUDOWEJ Warszawa, dnia 9 października 1961"
MP,1961,78,1961-10-14,parser+ocr300,1961-10-14,text:warszawa,1961-10-14,,MP/1961/325,4,4," LUDOWEJ \Varszawa, dnia 14 października 1961"
MP,1961,79,1961-10-18,parser+ocr300,1961-10-18,text:warszawa,1961-10-18,,MP/1961/329,4,4," LUDOWEJ Warszawa, dnia 18 października 1961"
MP,1961,80,1961-10-23,parser+ocr300,1961-10-23,text:warszawa,1961-10-23,,MP/1961/333,7,7,"LUDOWEJ -Warszawa, dnia 23 października 1961"
MP,1961,81,1961-10-27,parser+ocr300,1961-10-27,text:warszawa,1961-10-27,,MP/1961/340,4,4,"J lUDO""EJ Warszawa, dnia 27 października 1961"
MP,1961,82,1961-10-30,parser+ocr300,1961-10-30,text:warszawa,1961-10-30,,MP/1961/344,3,3," LUDOllE! Warszawa, dnia 30 października 1961"
MP,1961,83,1961-11-02,parser+ocr300,1961-11-02,text:warszawa,1961-11-02,,MP/1961/347,3,3,"LUDO'WEJ Warszawa, dnia 2 listopada 1961"
MP,1961,84,1961-11-08,parser+ocr300,1961-11-08,text:warszawa,1961-11-08,,MP/1961/350,6,6," LUDOWEJ \Varszawa, dnia 8 listopada 1961"
MP,1961,85,1961-11-13,parser+ocr300,1961-11-13,ocr:warszawa,1961-11-13,,MP/1961/356,8,8," LUDOWEJ Warszawa, dnia 13 listopada 1961"
MP,1961,86,1961-11-21,parser+ocr300,1961-11-21,text:warszawa,1961-11-21,,MP/1961/364,6,6,"l LUDOWEJ Warszawa, dnia 21 listopada 1961"
MP,1961,87,1961-11-24,parser+ocr300,1961-11-24,text:warszawa,1961-11-24,,MP/1961/370,5,5,"LU OOW,E' Warszawa, dnia 24 listopada 1961"
MP,1961,88,1961-11-25,parser+ocr300,1961-11-25,text:warszawa,1961-11-25,,MP/1961/375,3,3,"J LUDOWEJ Warszawa, dnia 25 listopada 1961"
MP,1961,89,1961-11-28,parser+ocr300,1961-11-28,text:warszawa,1961-11-28,,MP/1961/378,2,2,"I LUDOWEl Warszawa, dnia 28 listopada 1961"
MP,1961,90,1961-12-01,parser+ocr300,1961-12-01,ocr:warszawa,1961-12-01,,MP/1961/380,3,3," LUDOWEJ Warszawa, dnia 1 grudnia 1961"
MP,1961,91,1961-12-04,parser+ocr300,1961-12-04,text:warszawa,1961-12-04,,MP/1961/383,8,8," LUDOWEJ Warszawa, dnia 4 grudnia 1961"
MP,1961,92,1961-12-11,parser+ocr300,1961-12-11,text:warszawa,1961-12-11,,MP/1961/391,6,6," LU DOWEJ Warszawa, dnia II grudnia 1961"
MP,1961,93,1961-12-14,parser+ocr300,1961-12-14,text:warszawa,1961-12-14,,MP/1961/397,4,4,"J LUDOWEJ Warszawa, dnia 14 grudnia 1961"
MP,1961,94,1961-12-18,obraz+ocr300 (trzeci odczyt inny),1961-12-13,text:warszawa,1961-12-18,1961-12-18,MP/1961/401,2,2,"J LUDOWEJ Warszawa, dnia 13 grudnia 1961"
MP,1961,95,1961-12-19,parser+ocr300,1961-12-19,text:warszawa,1961-12-19,,MP/1961/403,3,3,"LUDOWEJ \Varszawa, dnia 19 grudnia 1961"
MP,1961,96,1961-12-21,parser+ocr300,1961-12-21,text:warszawa,1961-12-21,,MP/1961/406,2,2,"J LUBOWEJ Warszawa, dnia 21 grudnia 1961"
MP,1961,97,1961-12-22,parser+ocr300,1961-12-22,text:warszawa,1961-12-22,,MP/1961/408,1,1,"J LUDOWEJ Warszawa, dnia 22 grudnia 1961"
MP,1961,98,1961-12-29,parser+ocr300,1961-12-29,text:warszawa,1961-12-29,,MP/1961/409,9,9," LUDOWEJ Warszawa, dnia 29 grudnia 1961"
MP,1961,99,1961-12-30,parser+ocr300,1961-12-30,text:warszawa,1961-12-30,,MP/1961/418,1,1,"LUDOWEJ \Varszama, . dnia 30 grudnia 1961"
MP,1962,1,1962-01-04,parser+ocr300,1962-01-04,text:warszawa,1962-01-04,,MP/1962/1,2,2," LUDOWEJ Warszatua, dnia 4 stycznia 1962"
MP,1962,2,1962-01-08,parser+ocr300,1962-01-08,text:warszawa,1962-01-08,,MP/1962/3,6,6,"J LUDOWEj Warszawa, dnia 8 stycznia 1962"
MP,1962,3,1962-01-11,parser+ocr300,1962-01-11,text:warszawa,1962-01-11,,MP/1962/9,2,2,"J LUDOWEJ Warszawa, dnia II stycznia 1962"
MP,1962,4,1962-01-13,parser+ocr300,1962-01-13,text:warszawa,1962-01-13,,MP/1962/11,4,4,"J LUDOWEJ Warszawa, dnia 13 stycznia 1962"
MP,1962,5,1962-01-17,parser+ocr300,1962-01-17,text:warszawa,1962-01-17,,MP/1962/15,4,4," LUDOWEJ Warszawa, dnia 17 stycznia 1962"
MP,1962,6,1962-01-19,parser+ocr300,1962-01-19,text:warszawa,1962-01-19,,MP/1962/19,2,2," LUDOWEJ \Varszawa, dnia 19 stycznia 1962"
MP,1962,7,1962-01-24,parser+ocr300,1962-01-24,text:warszawa,1962-01-24,,MP/1962/21,5,5,"LUDO WEJ Warszawa, dnia 24 stycznia 1962"
MP,1962,8,1962-01-27,parser+ocr300,1962-01-27,ocr:warszawa,1962-01-27,,MP/1962/26,3,3," LUDOWEJ Warszawa, dnia 27 stycznia 1962"
MP,1962,9,1962-02-01,parser+ocr300,1962-02-01,ocr:warszawa,1962-02-01,,MP/1962/29,4,4," LUDOWEJ Warszawa, dnia 1 lutego 1962"
MP,1962,10,1962-02-06,parser+ocr300,1962-02-06,text:warszawa,1962-02-06,,MP/1962/33,2,2,"J LUDOWEJ Warszawa, dnia 6 lutego 1962"
MP,1962,11,1962-02-07,parser+ocr300,1962-02-07,text:warszawa,1962-02-07,,MP/1962/35,4,4," LUDOWEJ Warszawa, dnia 7 lutego 1962"
MP,1962,12,1962-02-09,obraz+parser,1962-02-09,text:warszawa,1962-02-09,1962-02-09,MP/1962/39,12,12," LUDOWEJ Warszawa, dnia 9 lutego 1962"
MP,1962,13,1962-02-13,parser+ocr300,1962-02-13,text:warszawa,1962-02-13,,MP/1962/51,5,5,"UDOWEl . \Varszawa, dnia 13 lutego 1962"
MP,1962,14,1962-02-17,parser+ocr300,1962-02-17,text:warszawa,1962-02-17,,MP/1962/56,5,5,"Ił:O ,IfJ Warszawa, dnia 17 lutego 1962"
MP,1962,15,1962-02-20,parser+ocr300,1962-02-20,text:warszawa,1962-02-20,,MP/1962/61,5,5," LUDOWEJ Warszawa, dnia 20 lutego 1962"
MP,1962,16,1962-02-23,parser+ocr300,1962-02-23,ocr:warszawa,1962-02-23,,MP/1962/66,6,6," Ho *fy Warszawa, dnia 23 lutego 1962"
MP,1962,17,1962-02-28,parser+ocr300,1962-02-28,text:warszawa,1962-02-28,,MP/1962/72,2,2," LUDOWEJ Warszawa, dnia 28 lutego 1962"
MP,1962,18,1962-03-01,parser+ocr300,1962-03-01,ocr:warszawa,1962-03-01,,MP/1962/74,5,5," LUDOWEJ Warszawa, dnia 1 marca 1962"
MP,1962,19,1962-03-05,parser+ocr300,1962-03-05,text:warszawa,1962-03-05,,MP/1962/79,3,3," LUDOWEJ Warszawa, dnia 5 marca 1962"
MP,1962,20,1962-03-08,obraz+ocr300 (trzeci odczyt inny),1962-03-03,text:warszawa,1962-03-08,1962-03-08,MP/1962/82,9,9," LUDOWEJ Warszawa, dnia 3 marca 1962"
MP,1962,21,1962-03-10,parser+ocr300,1962-03-10,ocr:warszawa,1962-03-10,,MP/1962/91,4,4,"Warszawa, dnia 10 marca 1962"
MP,1962,22,1962-03-13,parser+ocr300,1962-03-13,ocr:warszawa,1962-03-13,,MP/1962/95,2,2,"Warszawa, dnia 13 marca 1962"
MP,1962,23,1962-03-15,parser+ocr300,1962-03-15,text:warszawa,1962-03-15,,MP/1962/97,3,3," LUDOWEJ Warszawa, - dnia 15 marca 1962"
MP,1962,24,1962-03-19,parser+ocr300,1962-03-19,text:warszawa,1962-03-19,,MP/1962/100,3,3," LUDOWEJ \Varszawa, dnia 19 marca 1962"
MP,1962,25,1962-03-20,parser+ocr300,1962-03-20,text:warszawa,1962-03-20,,MP/1962/103,5,5,"OWEJ . I Warszawa, dnia 20 marca 1962"
MP,1962,26,1962-03-24,parser+ocr300,1962-03-24,text:warszawa,1962-03-24,,MP/1962/108,1,1," LUDOWEJ Warszawa, dnia 24 marca 1962"
MP,1962,27,1962-03-28,obraz+ocr300 (trzeci odczyt inny),1962-03-23,text:warszawa,1962-03-28,1962-03-28,MP/1962/109,7,7,".., = ~ Warszawa, dnia 23 marca 1962"
MP,1962,28,1962-03-29,obraz+parser,1962-03-29,ocr:warszawa,,1962-03-29,MP/1962/116,7,7," LUDOWEJ Warszawa, dnia 29 marca 1962"
MP,1962,29,1962-04-03,obraz+parser,1962-04-03,text:warszawa,1962-04-03,1962-04-03,MP/1962/123,5,5,"J LUDOWEJ Warszawa, dnia 3 kwietnia 1962"
MP,1962,30,1962-04-07,parser+ocr300,1962-04-07,text:warszawa,1962-04-07,,MP/1962/128,14,14," LUDOWEJ Warszawa, dnia 7 kwietnia 1962"
MP,1962,31,1962-04-10,parser+ocr300,1962-04-10,ocr:warszawa,1962-04-10,,MP/1962/142,4,4," LUDOWEJ Warszawa, dnia 10 kwietnia 1962"
MP,1962,32,1962-04-12,parser+ocr300,1962-04-12,ocr:warszawa,1962-04-12,,MP/1962/146,8,8," LUDOWEJ Warszawa, dnia 12 kwietnia 1962"
MP,1962,33,1962-04-13,parser+ocr300,1962-04-13,ocr:warszawa,1962-04-13,,MP/1962/154,7,7," LUDOWEJ Warszawa, dnia 13 kwietnia 1962"
MP,1962,34,1962-04-19,parser+ocr300,1962-04-19,text:warszawa,1962-04-19,,MP/1962/161,3,3,"LUDO\ltJ \Varszawa, dnia 19 kwietnia 1962"
MP,1962,35,1962-04-27,parser+ocr300,1962-04-27,ocr:warszawa,1962-04-27,,MP/1962/164,9,9," LUDOWEJ Warszawa, dnia 27 kwietnia 1962"
MP,1962,36,1962-04-30,parser+ocr300,1962-04-30,text:warszawa,1962-04-30,,MP/1962/173,3,3,"J LUDOWEJ Warszawa, dnia 30 kwietnia 1962"
MP,1962,37,1962-05-02,obraz+parser,1962-05-02,text:warszawa,1962-05-02,1962-05-02,MP/1962/176,3,3,"J LUDOWEJ Warszawa, dnia 2 maja 1962"
MP,1962,38,1962-05-08,parser+ocr300,1962-05-08,text:warszawa,1962-05-08,,MP/1962/179,6,6,"J LUDOWEJ Warszawa, dnia 8 maja 1962"
MP,1962,39,1962-05-12,parser+ocr300,1962-05-12,text:warszawa,1962-05-12,,MP/1962/185,5,5,"OWEJ :') Warszawa, dnia 12 maja 1962"
MP,1962,40,1962-05-16,parser+ocr300,1962-05-16,text:warszawa,1962-05-16,,MP/1962/190,4,4," LUDOWEJ Warszawa, dnia 16 maja 1962"
MP,1962,41,1962-05-19,parser+ocr300,1962-05-19,text:warszawa,1962-05-19,,MP/1962/194,1,1," WEI """",' Varszama, dnia 19 maja 1962"
MP,1962,42,1962-05-25,parser+ocr300,1962-05-25,ocr:warszawa,1962-05-25,,MP/1962/195,4,4," LUDOWEJ Warszawa, dnia 25 maja 1962"
MP,1962,43,1962-05-28,obraz+parser,1962-05-28,ocr:warszawa,,1962-05-28,MP/1962/199,4,4," LUDOWEJ Warszawa, dnia 28 maja 1962"
MP,1962,44,1962-05-30,obraz+parser,1962-05-30,ocr:warszawa,1962-05-30,1962-05-30,MP/1962/203,7,7," LUDOWEJ Warszawa, dnia 30 maja 1962"
MP,1962,45,1962-05-31,parser+ocr300,1962-05-31,text:warszawa,1962-05-31,,MP/1962/210,7,7,"J LUDOWEJ Warszawa, dnia 31 maja 1962"
MP,1962,46,1962-06-01,parser+ocr300,1962-06-01,text:warszawa,1962-06-01,,MP/1962/217,4,4,"I LUDOWEJ Warszawa, dnia l czerwca 1962"
MP,1962,47,1962-06-12,parser+ocr300,1962-06-12,text:warszawa,1962-06-12,,MP/1962/221,9,9,"J LUDOWEJ Warszawa, dnia 12 czerwca 1962"
MP,1962,48,1962-06-16,parser+ocr300,1962-06-16,ocr:warszawa,1962-06-16,,MP/1962/230,8,8," LUDOWEJ Warszawa, dnia 16 czerwca 1962"
MP,1962,49,1962-06-19,parser+ocr300,1962-06-19,ocr:warszawa,1962-06-19,,MP/1962/238,4,4," LUBOWEJ Warszawa, dnia 19 czerwca 1962"
MP,1962,50,1962-06-22,parser+ocr300,1962-06-22,text:warszawa,1962-06-22,,MP/1962/242,7,7," LUDO,WlI Warszawa, dnia 22 czerwca 1962"
MP,1962,51,1962-06-27,parser+ocr300,1962-06-27,ocr:warszawa,1962-06-27,,MP/1962/249,4,4,"Warszawa, dnia 27 czerwca 1962"
MP,1962,52,1962-06-30,parser+ocr300,1962-06-30,text:warszawa,1962-06-30,,MP/1962/253,2,2,"J LUDOWEJ Warszawa, dnia 30 czerwca 1962"
MP,1962,53,1962-07-02,parser+ocr300,1962-07-02,ocr:warszawa,1962-07-02,,MP/1962/255,5,5," LUDOWEJ Warszawa, dnia 2 lipca 1962"
MP,1962,54,1962-07-05,parser+ocr300,1962-07-05,ocr:warszawa,1962-07-05,,MP/1962/260,2,2,"Warszawa, dnia 5 lipca 1962"
MP,1962,55,1962-07-07,parser+ocr300,1962-07-07,text:warszawa,1962-07-07,,MP/1962/262,5,5,"LUDOWEJ \Varszawa, dnia 7 lipca 1962"
MP,1962,56,1962-07-10,obraz+parser,1962-07-10,ocr:warszawa,,1962-07-10,MP/1962/267,3,3," LUDOWEJ Warszawa, dnia 10 lipca 1962"
MP,1962,57,1962-07-17,parser+ocr300,1962-07-17,ocr:warszawa,1962-07-17,,MP/1962/270,4,4," LUDOWEJ Warszawa, dnia 17 lipca 1962"
MP,1962,58,1962-07-23,parser+ocr300,1962-07-23,text:warszawa,1962-07-23,,MP/1962/274,6,6,"lU DOWEJ \Varszawa, dnia 23 lipca 1962"
MP,1962,59,1962-07-31,parser+ocr300,1962-07-31,text:warszawa,1962-07-31,,MP/1962/280,5,5,"LUDOWEJ 'Varszawa, dnia 31 lipca 1962"
MP,1962,60,1962-08-02,parser+ocr300,1962-08-02,text:warszawa,1962-08-02,,MP/1962/285,5,5,"lUBOY/EI Warszawa, dnia 2 sierpnia 1962"
MP,1962,61,1962-08-08,obraz+ocr300 (trzeci odczyt inny),1962-08-03,text:warszawa,1962-08-08,1962-08-08,MP/1962/290,6,6,"DOWEJ .' Warszawa, ·dnia 3 sierpnia 1962"
MP,1962,62,1962-08-14,parser+ocr300,1962-08-14,text:warszawa,1962-08-14,,MP/1962/296,3,3,"-LUDOWEJ \Varszawa, dnia 14 sierpnia 1962"
MP,1962,63,1962-08-21,obraz+parser,1962-08-21,text:warszawa,1962-08-21,1962-08-21,MP/1962/299,5,5,"J LUDOWEJ Warszawa, dnia 21 sierpnia 1962"
MP,1962,64,1962-08-25,parser+ocr300,1962-08-25,text:warszawa,1962-08-25,,MP/1962/304,1,1," LUDOWEJ Warszawa, dnia 25 sierpnia 1962"
MP,1962,65,1962-08-28,parser+ocr300,1962-08-28,ocr:warszawa,1962-08-28,,MP/1962/305,6,6," LUDOWEJ Warszawa, dnia 28 sierpnia 1962"
MP,1962,66,1962-09-01,obraz+parser,1962-09-01,ocr:warszawa,,1962-09-01,MP/1962/311,2,2," LUDOWEJ Warszawa, dnia I września 1962"
MP,1962,67,1962-09-03,parser+ocr300,1962-09-03,text:warszawa,1962-09-03,,MP/1962/313,1,1,"J LUDOWEJ Warszawa, dnia 3 września 1962"
MP,1962,68,1962-09-07,parser+ocr300,1962-09-07,text:warszawa,1962-09-07,,MP/1962/314,7,7," LUDOWEJ Warszawa, dnia 7 września 1962"
MP,1962,69,1962-09-13,obraz+parser,1962-09-13,text:warszawa,1962-09-13,1962-09-13,MP/1962/321,5,5," LUDOWEJ Warszawa, dnia 13 września 1962"
MP,1962,70,1962-09-24,parser+ocr300,1962-09-24,text:warszawa,1962-09-24,,MP/1962/326,6,6," LUDOWEJ \Varszawa, dnia 24 września 1962"
MP,1962,71,1962-10-01,obraz+parser,1962-10-01,text:warszawa,1962-10-01,1962-10-01,MP/1962/332,2,2," LUDU'/EJ Warszawa, dnia l października 1962"
MP,1962,72,1962-10-04,parser+ocr300,1962-10-04,text:warszawa,1962-10-04,,MP/1962/334,3,3,"J Nr 72 Warszawa, dnia 4 października 1962"
MP,1962,73,1962-10-11,parser+ocr300,1962-10-11,text:warszawa,1962-10-11,,MP/1962/337,6,6," L,UDOWEI Warszawa, dnia II października 1962"
MP,1962,74,1962-10-16,parser+ocr300,1962-10-16,text:warszawa,1962-10-16,,MP/1962/343,4,4,"LUDOWEJ' Warszawa, dnia 16 października 1962"
MP,1962,75,1962-10-20,parser+ocr300,1962-10-20,text:warszawa,1962-10-20,,MP/1962/347,7,7,"' Nr 75 Warszawa, dnia 20 października 1962"
MP,1962,76,1962-10-25,parser+ocr300,1962-10-25,text:warszawa,1962-10-25,,MP/1962/354,1,1," LUnOWEJ Warszawa, dnia 25 października 1962"
MP,1962,77,1962-10-29,parser+ocr300,1962-10-29,text:warszawa,1962-10-29,,MP/1962/355,8,8,"J LUDOWEJ Warszawa, dnia 29 października 1962"
MP,1962,78,1962-10-31,parser+ocr300,1962-10-31,ocr:warszawa,1962-10-31,,MP/1962/363,6,6," LUDOWEJ Warszawa, dnia 31 października 1962"
MP,1962,79,1962-11-02,parser+ocr300,1962-11-02,text:warszawa,1962-11-02,,MP/1962/369,3,3,"LUDOWEJ . Warszawa, dnia 2 listopada 1962"
MP,1962,80,1962-11-09,parser+ocr300,1962-11-09,ocr:warszawa,1962-11-09,,MP/1962/372,5,5," LUDOWEJ Warszawa, dnia 9 listopada 1962"
MP,1962,81,1962-11-22,parser+ocr300,1962-11-22,text:warszawa,1962-11-22,,MP/1962/377,7,7," Nr 81 · Warszawa, dnia 22 listopada 1962"
MP,1962,82,1962-11-27,parser+ocr300,1962-11-27,text:warszawa,1962-11-27,,MP/1962/384,4,4," LUDOWEJ WarszaUJa, dnia 27 listopada 1962"
MP,1962,83,1962-12-01,parser+ocr300,1962-12-01,text:warszawa,1962-12-01,,MP/1962/388,3,3,") LUDOWEJ Warszawa, dnia l grudnia 1962"
MP,1962,84,1962-12-05,obraz×2,,none,,1962-12-05 1962-12-05,MP/1962/391,7,7,
MP,1962,85,1962-12-11,parser+ocr300,1962-12-11,text:warszawa,1962-12-11,,MP/1962/398,4,4,"J Nr 85 Warszawa, dnia 11 grudnia 1962"
MP,1962,86,1962-12-15,parser+ocr300,1962-12-15,text:warszawa,1962-12-15,,MP/1962/402,7,7," tUBOWEJ Warszawa, dnia 15 grudnia 1962"
MP,1962,87,1962-12-21,parser+ocr300,1962-12-21,text:warszawa,1962-12-21,,MP/1962/409,3,3,"J lUDOWEJ Warszawa, dnia 21 grudnia 1962"
MP,1962,88,1962-12-22,parser+ocr300,1962-12-22,text:warszawa,1962-12-22,,MP/1962/412,3,3," LUDOWEl WarszaUJa, dnia 22 grudnia 1962"
MP,1962,89,1962-12-31,parser+ocr300,1962-12-31,ocr:warszawa,1962-12-31,,MP/1962/415,10,10," LUDOWEJ Warszawa, dnia 31 grudnia 1962"
MP,1963,1,1963-01-03,parser+ocr300,1963-01-03,text:warszawa,1963-01-03,,MP/1963/1,2,2," LUDOWEJ Warszawa, dnia 3 stycznia 1963"
MP,1963,2,1963-01-04,parser+ocr300,1963-01-04,ocr:warszawa,1963-01-04,,MP/1963/3,2,2," LUDOWEJ Warszawa, dnia 4 stycznia 1963"
MP,1963,3,1963-01-11,parser+ocr300,1963-01-11,ocr:warszawa,1963-01-11,,MP/1963/5,9,9," LUDOWEJ Warszawa, dnia 11 stycznia 1963"
MP,1963,4,1963-01-15,parser+ocr300,1963-01-15,text:warszawa,1963-01-15,,MP/1963/14,7,7,"J LUDOWEJ WarszaUJa, dnia 15 stycznia 1963"
MP,1963,5,1963-01-23,parser+ocr300,1963-01-23,text:warszawa,1963-01-23,,MP/1963/21,7,7,"J LUDOWEJ Warszawa, dnia 23 stycznia 1963"
MP,1963,6,1963-01-28,parser+ocr300,1963-01-28,text:warszawa,1963-01-28,,MP/1963/28,6,6,"J LUDOWEJ Warszawa, dnia 28 stycznia 1963"
MP,1963,7,1963-01-30,parser+ocr300,1963-01-30,text:warszawa,1963-01-30,,MP/1963/34,2,2,"UDOIEJ ~ Warszawa, 'dnia 30 stycznia 1963"
MP,1963,8,1963-01-31,obraz+parser,1963-01-31,text:warszawa,1963-01-31,1963-01-31,MP/1963/36,5,5,"LUDOWEJ . Wars~aUJa, dnia 31 stycznia 1963"
MP,1963,9,1963-02-01,obraz+parser,1963-02-01,text:warszawa,,1963-02-01,MP/1963/41,7,7," LUDOWEJ Warszawa, dnia l lutego 1963"
MP,1963,10,1963-02-06,parser+ocr300,1963-02-06,text:warszawa,1963-02-06,,MP/1963/48,9,9,"UDOWEJ "" Warszawa, dnia 6 lutego 1963"
MP,1963,11,1963-02-08,parser+ocr300,1963-02-08,text:warszawa,1963-02-08,,MP/1963/57,6,6,"J LUDOWEJ Warszawa, dnia 8 lutego 1963"
MP,1963,12,1963-02-13,parser+ocr300,1963-02-13,text:warszawa,1963-02-13,,MP/1963/63,4,4,"J LUDOWEJ Warszawa, dnia 13 lutego 1963"
MP,1963,13,1963-02-16,parser+ocr300,1963-02-16,text:warszawa,1963-02-16,,MP/1963/67,10,10,"J LUDOWEJ Warszawa, dnia 16 lutego 1963"
MP,1963,14,1963-02-20,parser+ocr300,1963-02-20,text:warszawa,1963-02-20,,MP/1963/77,8,8," LUDOWEL Warszawa, dnia 20 lutego 1963"
MP,1963,15,1963-02-26,parser+ocr300,1963-02-26,text:warszawa,1963-02-26,,MP/1963/85,8,8," LUDOWEJ Warszawa, dnia 26 lutego 1963"
MP,1963,16,1963-03-01,parser+ocr300,1963-03-01,text:warszawa,1963-03-01,,MP/1963/93,3,3,"J LUDOWEJ Warszawa, dnia I marca 1963"
MP,1963,17,1963-03-04,parser+ocr300,1963-03-04,text:warszawa,1963-03-04,,MP/1963/96,4,4,"LUDOWEJ -Warszawa, dnia 4 marca 1963"
MP,1963,18,1963-03-08,parser+ocr300,1963-03-08,text:warszawa,1963-03-08,,MP/1963/100,4,4," tUBOWEJ Warszawa, dnia 8 marca 1963"
MP,1963,19,1963-03-12,parser+ocr300,1963-03-12,text:warszawa,1963-03-12,,MP/1963/104,3,3," LUDOWEJ Warszawa, dnia 12 marca 1963"
MP,1963,20,1963-03-14,parser+ocr300,1963-03-14,text:warszawa,1963-03-14,,MP/1963/107,5,5,"J LUDOWEJ Warszawa, dnia 14 marca 1963"
MP,1963,21,1963-03-16,parser+ocr300,1963-03-16,text:warszawa,1963-03-16,,MP/1963/112,4,4,"J LUDOWEJ Warszawa, dnia 16 marca 1963"
MP,1963,22,1963-03-20,parser+ocr300,1963-03-20,ocr:warszawa,1963-03-20,,MP/1963/116,2,2," LUDOWEJ Warszawa, dnia 20 marca 1963"
MP,1963,23,1963-03-22,parser+ocr300,1963-03-22,text:warszawa,1963-03-22,,MP/1963/118,5,5," LUDOWEJ Warszawa, dnia 22 marca 1963"
MP,1963,24,1963-03-23,parser+ocr300,1963-03-23,text:warszawa,1963-03-23,,MP/1963/123,1,1," LUDOWEJ Warszawa, dnia 23 marca 1963"
MP,1963,25,1963-03-29,parser+ocr300,1963-03-29,text:warszawa,1963-03-29,,MP/1963/124,7,7,"J LUDOWEJ Warszawa, dnia 29 marca 1963"
MP,1963,26,1963-04-01,parser+ocr300,1963-04-01,text:warszawa,1963-04-01,,MP/1963/131,4,4," LUDO WEl Warszawa, dnia l kwietnia 1963"
MP,1963,27,1963-04-03,parser+ocr300,1963-04-03,text:warszawa,1963-04-03,,MP/1963/135,7,7," LUDOWEJ Warszawa, dnia 3 kwietnia 1963"
MP,1963,28,1963-04-05,parser+ocr300,1963-04-05,text:warszawa,1963-04-05,,MP/1963/142,7,6," LlfDOWEJ Warszawa, dnia 5 kwietnia 1963"
MP,1963,29,1963-04-08,parser+ocr300,1963-04-08,ocr:warszawa,1963-04-08,,MP/1963/149,3,3," LUDOWEJ Warszawa, dnia 8 kwietnia 1963"
MP,1963,30,1963-04-10,parser+ocr300,1963-04-10,text:warszawa,1963-04-10,,MP/1963/152,8,8,LU00-' EJ Wars'zawa~ dnia 10 kwietnia 1963
MP,1963,31,1963-04-12,parser+ocr300,1963-04-12,text:warszawa,1963-04-12,,MP/1963/160,3,3,"LUDo-I EJ Warszawa, dnia 12 kwietnia 1963"
MP,1963,32,1963-04-17,parser+ocr300,1963-04-17,text:warszawa,1963-04-17,,MP/1963/163,4,4,"J LUDOWEJ Warszawa, dnia 17 kwietnia 1963"
MP,1963,33,,bez odczytu (do obrazu),,none,,,MP/1963/167,4,4,
MP,1963,34,1963-04-26,parser+ocr300,1963-04-26,text:warszawa,1963-04-26,,MP/1963/171,3,3," LUDOWEJ Warszawa, dnia 26 kwietnia 1963"
MP,1963,35,1963-04-29,parser+ocr300,1963-04-29,text:warszawa,1963-04-29,,MP/1963/174,3,3," LU oOWEJ Warszawa, dnia 29 kwietnia 1963"
MP,1963,36,1963-05-02,obraz+parser,1963-05-02,text:warszawa,1963-05-02,1963-05-02,MP/1963/177,4,4,"l LUDOWEJ Warszawa, dnia 2 maja 1963"
MP,1963,37,1963-05-04,parser+ocr300,1963-05-04,text:warszawa,1963-05-04,,MP/1963/181,4,4,"J LUDOWEJ Warszawa, dnia 4 maja 1963"
MP,1963,38,1963-05-09,parser+ocr300,1963-05-09,text:warszawa,1963-05-09,,MP/1963/185,8,8," LUDOWEJ Warszawa, dnia 9 maja 1963"
MP,1963,39,1963-05-15,parser+ocr300,1963-05-15,text:warszawa,1963-05-15,,MP/1963/193,3,3," LUDOWEJ Warszawa, dnia 15 maja 1963"
MP,1963,40,1963-05-15,parser+ocr300,1963-05-15,text:warszawa,1963-05-15,,MP/1963/196,4,4," LUDOWEI Warszawa, dnia 15 maja 1963"
MP,1963,41,1963-05-21,parser+ocr300,1963-05-21,ocr:warszawa,1963-05-21,,MP/1963/200,6,6," LUDOWEJ Warszawa, dnia 21 maja 1963"
MP,1963,42,1963-05-27,parser+ocr300,1963-05-27,text:warszawa,1963-05-27,,MP/1963/206,3,3,"J LUDOWEJ Warszawa, dnia 27 maja 1963"
MP,1963,43,1963-05-29,parser+ocr300,1963-05-29,text:warszawa,1963-05-29,,MP/1963/209,10,10,"UDOWEJ ( Warszawa, dnia 29 maja 1963"
MP,1963,44,1963-05-30,parser+ocr300,1963-05-30,text:warszawa,1963-05-30,,MP/1963/219,5,5,"LUDOWEJ \Varszawa, dnia 30 maja 1963"
MP,1963,45,1963-06-01,parser+ocr300,1963-06-01,text:warszawa,1963-06-01,,MP/1963/224,3,3,"J LUDOWEJ Warszawa, dnia 1 czerwca 1963"
MP,1963,46,1963-06-06,parser+ocr300,1963-06-06,text:warszawa,1963-06-06,,MP/1963/227,3,3,"J LUDOWEJ Warszawa, dnia 6 czerwca 1963"
MP,1963,47,1963-06-10,parser+ocr300,1963-06-10,text:warszawa,1963-06-10,,MP/1963/230,9,9,"J LUDOWEJ Warszawa, dnia 10 czerwca 1963"
MP,1963,48,1963-06-12,parser+ocr300,1963-06-12,ocr:warszawa,1963-06-12,,MP/1963/239,7,7," LUDOWEJ Warszawa, dnia I2 czerwca 1963"
MP,1963,49,1963-06-18,parser+ocr300,1963-06-18,ocr:warszawa,1963-06-18,,MP/1963/246,9,9,"OWEJ 4 s Warszawa, dnia 18 czerwca 1963"
MP,1963,50,1963-06-24,parser+ocr300,1963-06-24,ocr:warszawa,1963-06-24,,MP/1963/255,3,3," LUGOWEJ Warszawa, dnia 24 czerwca 1963"
MP,1963,51,1963-06-29,parser+ocr300,1963-06-29,text:warszawa,1963-06-29,,MP/1963/258,5,5,"J Nr 51 Warszawa, dnia 29 czerwca 1963"
MP,1963,52,1963-07-01,parser+ocr300,1963-07-01,text:warszawa,1963-07-01,,MP/1963/263,5,5,"UDOWEJ , Warszawa, dnia l lipca 1963"
MP,1963,53,1963-07-02,parser+ocr300,1963-07-02,text:warszawa,1963-07-02,,MP/1963/268,1,1," LUDOWEJ Warszawa, dnia 2 lipca 1963"
MP,1963,54,1963-07-05,parser+ocr300,1963-07-05,text:warszawa,1963-07-05,,MP/1963/269,7,7,"J Nr 54 Warszawa, dnia 5 lipca 1963"
MP,1963,55,1963-07-11,obraz+ocr300,,none,1963-07-11,1963-07-11,MP/1963/276,4,4,
MP,1963,56,1963-07-17,parser+ocr300,1963-07-17,ocr:warszawa,1963-07-17,,MP/1963/280,6,6," LUDOWEJ Warszawa, dnia 17 lipca 1963"
MP,1963,57,1963-07-26,parser+ocr300,1963-07-26,ocr:warszawa,1963-07-26,,MP/1963/286,12,12," LUDOWEJ Warszawa, dnia 26 lipca 1963"
MP,1963,58,1963-07-30,parser+ocr300,1963-07-30,ocr:warszawa,1963-07-30,,MP/1963/298,5,5," LUDOWEJ Warszawa, dnia 30 lipca 1963"
MP,1963,59,1963-08-01,parser+ocr300,1963-08-01,text:warszawa,1963-08-01,,MP/1963/303,4,4,"LU OOW,EI Warszawa, dnia I sierpnia 1963"
MP,1963,60,1963-08-05,parser+ocr300,1963-08-05,ocr:warszawa,1963-08-05,,MP/1963/307,4,4,"Warszawa, dnia 5 sierpnia 1963"
MP,1963,61,1963-08-10,parser+ocr300,1963-08-10,ocr:warszawa,1963-08-10,,MP/1963/311,3,3," LUDOWEJ Warszawa, dnia 10 sierpnia 1963"
MP,1963,62,1963-08-16,parser+ocr300,1963-08-16,text:warszawa,1963-08-16,,MP/1963/314,3,3," lU DOlEJ Warszawa, dnia 16 sierpnia 1963"
MP,1963,63,1963-08-22,parser+ocr300,1963-08-22,ocr:warszawa,1963-08-22,,MP/1963/317,3,3," LUDOWEJ Warszawa, dnia 22 sierpnia 1963"
MP,1963,64,1963-08-27,parser+ocr300,1963-08-27,text:warszawa,1963-08-27,,MP/1963/320,3,3," LUDOWEJ Warszawa, dnia 27 sierpnia 1963"
MP,1963,65,1963-08-31,parser+ocr300,1963-08-31,text:warszawa,1963-08-31,,MP/1963/323,5,5,"J LUDOWEJ Warszawa, dnia 31 sierpnia 1963"
MP,1963,66,1963-09-02,parser+ocr300,1963-09-02,text:warszawa,1963-09-02,,MP/1963/328,2,2," LUDOWEJ Warszawa, dnia 2 września 1963"
MP,1963,67,1963-09-09,parser+ocr300,1963-09-09,text:warszawa,1963-09-09,,MP/1963/330,5,5," LU oOWEJ Warszawa, dnia 9 września 1963"
MP,1963,68,1963-09-18,parser+ocr300,1963-09-18,text:warszawa,1963-09-18,,MP/1963/335,9,9," LU~DOWEJ Warszawa, dnia 18 września 1963"
MP,1963,69,1963-09-23,parser+ocr300,1963-09-23,ocr:warszawa,1963-09-23,,MP/1963/344,1,1," LUDOWEJ Warszawa, dnia 23 września 1963"
MP,1963,70,1963-09-24,obraz+parser,1963-09-24,text:warszawa,1963-09-24,1963-09-24,MP/1963/345,4,4,"LU.DOWEJ Warszawa, dnia 24 września 1963"
MP,1963,71,1963-09-26,parser+ocr300,1963-09-26,text:warszawa,1963-09-26,,MP/1963/349,9,9,"J tUDOWEJ Warszawa, dnia 26 września 1963"
MP,1963,72,1963-09-28,parser+ocr300,1963-09-28,text:warszawa,1963-09-28,,MP/1963/358,4,4,"J LUDOWEJ Warszawa, dnia 28 września 1963"
MP,1963,73,1963-10-01,parser+ocr300,1963-10-01,text:warszawa,1963-10-01,,MP/1963/362,7,7,"J Nr 73 Warszawa, dnia l października 1963"
MP,1963,74,1963-10-04,parser+ocr300,1963-10-04,text:warszawa,1963-10-04,,MP/1963/369,2,2,"J LUDOWEJ Warszawa, dnia 4 października 1963"
MP,1963,75,1963-10-09,parser+ocr300,1963-10-09,text:warszawa,1963-10-09,,MP/1963/371,4,4,"J LUDOWEJ Warszawa, dnia 9 października 1963"
MP,1963,76,1963-10-12,parser+ocr300,1963-10-12,text:warszawa,1963-10-12,,MP/1963/375,5,5,"J LUDOWEJ Warszawa, dnia 12 października 1963"
MP,1963,77,1963-10-16,parser+ocr300,1963-10-16,text:warszawa,1963-10-16,,MP/1963/380,4,4,"J LUDOWEI Warszawa, dnia 16 patdziernika 1963"
MP,1963,78,1963-10-21,parser+ocr300,1963-10-21,text:warszawa,1963-10-21,,MP/1963/384,2,2,"J LUDOWEJ Warszawa, dnia 21 października 1963"
MP,1963,79,1963-10-28,parser+ocr300,1963-10-28,text:warszawa,1963-10-28,,MP/1963/386,3,3,J LUBOWEJ Warszawa~ dnia 28 października 1963
MP,1963,80,1963-10-31,obraz+parser,1963-10-31,text:warszawa,1963-10-31,1963-10-31,MP/1963/389,6,6," Nr ' aD Warszawa, dnia 31 października 1963"
MP,1963,81,1963-11-02,parser+ocr300,1963-11-02,text:warszawa,1963-11-02,,MP/1963/395,2,2," LUDOWEJ Warszawa, dnia 2 listopada 1963"
MP,1963,82,1963-11-07,parser+ocr300,1963-11-07,text:warszawa,1963-11-07,,MP/1963/397,5,5," UDOy! EJ Warszawa, dnia 7 listopada 1963"
MP,1963,83,1963-11-09,parser+ocr300,1963-11-09,ocr:warszawa,1963-11-09,,MP/1963/402,3,3," LUDOWEJ Warszawa, dnia 9 listopada 1963"
MP,1963,84,1963-11-14,parser+ocr300,1963-11-14,text:warszawa,1963-11-14,,MP/1963/405,3,3,"J LUDOWEJ Warszawa, dnia 14 listopada 1963"
MP,1963,85,1963-11-15,parser+ocr300,1963-11-15,text:warszawa,1963-11-15,,MP/1963/408,6,6,"J LUDOWEJ Warszawa, dnia 15 listopada 1963"
MP,1963,86,1963-11-18,obraz+parser,1963-11-18,text:warszawa,,1963-11-18,MP/1963/414,3,3," "" Nr 86 Warszawa, dnia 18 listopada 1963"
MP,1963,87,1963-11-20,parser+ocr300,1963-11-20,text:warszawa,1963-11-20,,MP/1963/417,1,1,"J LUDOWEJ Warszawa, dnia 20 listopada 1963"
MP,1963,88,1963-11-25,parser+ocr300,1963-11-25,text:warszawa,1963-11-25,,MP/1963/418,2,2,"J LUDOWEJ Warszawa, dnia 25 listopada 1963"
MP,1963,89,1963-11-30,parser+ocr300,1963-11-30,ocr:warszawa,1963-11-30,,MP/1963/420,4,4," LUDOWEJ Warszawa, dnia 30 listopada 1963"
MP,1963,90,1963-12-02,parser+ocr300,1963-12-02,ocr:warszawa,1963-12-02,,MP/1963/424,4,4," LUDOWEJ Warszawa, dnia 2 grudnia 1963"
MP,1963,91,1963-12-05,parser+ocr300,1963-12-05,text:warszawa,1963-12-05,,MP/1963/428,3,3,"LU DO lEI Warszawa, dnia 5 grudnia 1963"
MP,1963,92,1963-12-11,parser+ocr300,1963-12-11,text:warszawa,1963-12-11,,MP/1963/431,1,1,"J LUDOWEJ Warszawa, dnia 11 grudnia 1963"
MP,1963,93,1963-12-18,parser+ocr300,1963-12-18,ocr:warszawa,1963-12-18,,MP/1963/432,5,5," LUDOWEJ Warszawa, dnia 18 grudnia 1963"
MP,1963,94,1963-12-19,parser+ocr300,1963-12-19,ocr:warszawa,1963-12-19,,MP/1963/437,7,7," LUDOWEJ Warszawa, dnia 19 grudnia 1963"
MP,1963,95,1963-12-23,parser+ocr300,1963-12-23,text:warszawa,1963-12-23,,MP/1963/444,7,7,"J Nr 95 Warszawa, .dnia 23 grudnia 1963"
MP,1963,96,1963-12-24,parser+ocr300,1963-12-24,text:warszawa,1963-12-24,,MP/1963/451,4,4,"EJ Nr 96 Warszawa, dnia 24 grudnia 1963"
MP,1963,97,1963-12-31,parser+ocr300,1963-12-31,text:warszawa,1963-12-31,,MP/1963/455,8,8,"J LUDOWEJ Warszawa, dnia 31 grudnia 1963"
MP,1964,1,1964-01-03,parser+ocr300,1964-01-03,ocr:warszawa,1964-01-03,,MP/1964/1,3,3," . . . « Warszawa, dnia 3 stycznia 1964"
MP,1964,2,1964-01-08,parser+ocr300,1964-01-08,ocr:warszawa,1964-01-08,,MP/1964/4,5,5," LUDOWEJ Warszawa, dnia 8 stycznia 1964"
MP,1964,3,1964-01-13,parser+ocr300,1964-01-13,ocr:warszawa,1964-01-13,,MP/1964/9,6,6,"UDOWEJ ; Warszawa, dnia 13 stycznia 1964"
MP,1964,4,1964-01-14,parser+ocr300,1964-01-14,text:warszawa,1964-01-14,,MP/1964/15,7,7,"UDOWfJ , Warszawa, dnia 14 stycznia 1964"
MP,1964,5,1964-01-15,parser+ocr300,1964-01-15,text:warszawa,1964-01-15,,MP/1964/22,5,5,"J LUDOWEJ Warszawa, dnia 15 stycznia 1964"
MP,1964,6,1964-01-17,parser+ocr300,1964-01-17,text:warszawa,1964-01-17,,MP/1964/27,3,3," LUD OWEJ Warszawa, dnia 17 stycznia 1964"
MP,1964,7,1964-01-22,parser+ocr300,1964-01-22,text:warszawa,1964-01-22,,MP/1964/30,7,7,"UDOWEJ : WarSzawa, dnia 22 stycznia 1964"
MP,1964,8,1964-01-25,parser+ocr300,1964-01-25,ocr:warszawa,1964-01-25,,MP/1964/37,4,4," LUDOWEJ Warszawa, dnia 25 stycznia 1964"
MP,1964,9,1964-02-01,parser+ocr300,1964-02-01,ocr:warszawa,1964-02-01,,MP/1964/41,2,2," LUDOWEJ Warszawa, dnia 1 lutego 1964"
MP,1964,10,1964-02-12,parser+ocr300,1964-02-12,text:warszawa,1964-02-12,,MP/1964/43,5,5,"J LUDOWEJ Warszawa, dnia 12 lutego 1964"
MP,1964,11,1964-02-14,obraz+parser,1964-02-14,ocr:warszawa,1964-02-14,1964-02-14,MP/1964/48,5,5," LUDOWEJ Warszawa, dnia 14 lutego 1964"
MP,1964,12,1964-02-19,parser+ocr300,1964-02-19,text:warszawa,1964-02-19,,MP/1964/53,5,5,"J LUDOWEJ Warszawa, dnia 19 lutego 1964"
MP,1964,13,1964-02-25,parser+ocr300,1964-02-25,ocr:warszawa,1964-02-25,,MP/1964/58,5,5," LUDOWEJ Warszawa, dnia 25 lutego 1964"
MP,1964,14,1964-02-28,parser+ocr300,1964-02-28,text:warszawa,1964-02-28,,MP/1964/63,6,6,"J LUDOWEJ Warszawa, dnia 28 lutego 1964"
MP,1964,15,1964-03-02,parser+ocr300,1964-03-02,text:warszawa,1964-03-02,,MP/1964/69,2,2," LUDOWEI Warszauia, dnia 2 marca 1964"
MP,1964,16,1964-03-06,parser+ocr300,1964-03-06,text:warszawa,1964-03-06,,MP/1964/71,8,8,"WEJ G - Warszawa, dnia 6 marca 1964"
MP,1964,17,1964-03-12,parser+ocr300,1964-03-12,text:warszawa,1964-03-12,,MP/1964/79,3,3,"J LUDOWEJ Warszawa, dnia 12 marca 1964"
MP,1964,18,1964-03-16,parser+ocr300,1964-03-16,ocr:warszawa,1964-03-16,,MP/1964/82,2,2," LUDOWEJ Warszawa, dnia 16 marca 1964"
MP,1964,19,1964-03-21,parser+ocr300,1964-03-21,text:warszawa,1964-03-21,,MP/1964/84,5,5," LUDOWEJ WarszaUJa, dnia 21 marca 1964"
MP,1964,20,1964-03-27,parser+ocr300,1964-03-27,ocr:warszawa,1964-03-27,,MP/1964/89,4,4," LUDOWEJ Warszawa, dnia 27 marca 1964"
MP,1964,21,1964-03-31,parser+ocr300,1964-03-31,text:warszawa,1964-03-31,,MP/1964/93,4,4,"EJ Nr 21 Warszawa, dnia 31 marca 1964"
MP,1964,22,1964-04-02,parser+ocr300,1964-04-02,text:warszawa,1964-04-02,,MP/1964/97,3,3,"J LUDOWEJ Warszawa, dnia 2 kwietnia 1964"
MP,1964,23,1964-04-09,parser+ocr300,1964-04-09,text:warszawa,1964-04-09,,MP/1964/100,5,5," LUDOWEJ Warszawa, dnia 9 kwietnia 1964"
MP,1964,24,1964-04-11,parser+ocr300,1964-04-11,text:warszawa,1964-04-11,,MP/1964/105,5,5,"J LUDOlEJ Warszawa, dnia 11 kwietnia 1964"
MP,1964,25,1964-04-15,parser+ocr300,1964-04-15,text:warszawa,1964-04-15,,MP/1964/110,4,4," 'LUDOWEJ Warszawa, dnia 15 kwietnia 1964"
MP,1964,26,1964-04-20,parser+ocr300,1964-04-20,text:warszawa,1964-04-20,,MP/1964/114,5,5," LUDOW EJ Warszawa, dnia 20 kwietnia 1964"
MP,1964,27,1964-04-24,parser+ocr300,1964-04-24,text:warszawa,1964-04-24,,MP/1964/119,5,5," LUDOWEJ Warszawa, dnia 24 kwietnia 1964"
MP,1964,28,1964-04-27,parser+ocr300,1964-04-27,text:warszawa,1964-04-27,,MP/1964/124,3,3,"J Nr 28 WarszaUJa, dnia 27 kwietnia 1964"
MP,1964,29,1964-05-04,parser+ocr300,1964-05-04,ocr:warszawa,1964-05-04,,MP/1964/127,6,6,"SPOLITEJ Warszawa, dnia 4 maja 1964"
MP,1964,30,1964-05-11,parser+ocr300,1964-05-11,text:warszawa,1964-05-11,,MP/1964/133,1,1," LUDOWEJ Warszawa, dnia 11 maja 1964"
MP,1964,31,1964-05-13,parser+ocr300,1964-05-13,text:warszawa,1964-05-13,,MP/1964/134,4,4,"J LUDOWEJ WarszaUJa, dnia 13 maja 1964"
MP,1964,32,1964-05-15,parser+ocr300,1964-05-15,ocr:warszawa,1964-05-15,,MP/1964/138,4,4," LUDOWEJ Warszawa, dnia 15 maja 1964"
MP,1964,33,1964-05-21,parser+ocr300,1964-05-21,text:warszawa,1964-05-21,,MP/1964/142,5,5,J LUDOWEJ Warszawa. dnia 21 maja 1964
MP,1964,34,1964-05-25,parser+ocr300,1964-05-25,ocr:warszawa,1964-05-25,,MP/1964/147,7,7," LUDOWEJ Warszawa, dnia 25 maja 1964"
MP,1964,35,1964-05-29,parser+ocr300,1964-05-29,text:warszawa,1964-05-29,,MP/1964/154,14,14,"J LUDOWEJ Warszawa, dnia 29 maja 1964"
MP,1964,36,1964-06-02,parser+ocr300,1964-06-02,text:warszawa,1964-06-02,,MP/1964/168,4,4," LU0/0WEJ Warszawa, dnia 2 czerwca 1964"
MP,1964,37,1964-06-09,parser+ocr300,1964-06-09,ocr:warszawa,1964-06-09,,MP/1964/172,1,1," LUDOWEJ Warszawa, dnia 9 czerwca 1964"
MP,1964,38,1964-06-10,parser+ocr300,1964-06-10,ocr:warszawa,1964-06-10,,MP/1964/173,10,10," LUDOWEJ Warszawa, dnia 10 czerwca 1964"
MP,1964,39,1964-06-13,parser+ocr300,1964-06-13,text:warszawa,1964-06-13,,MP/1964/183,3,3," LUDOWEJ Warszawa, dnia 13 czerwca 1964"
MP,1964,40,1964-06-18,parser+ocr300,1964-06-18,ocr:warszawa,1964-06-18,,MP/1964/186,6,6," LUDOWEJ Warszawa, dnia 18 czerwca 1964"
MP,1964,41,1964-06-23,parser+ocr300,1964-06-23,text:warszawa,1964-06-23,,MP/1964/192,7,7," lUDOWEJ Warszawa, dnia 23 czerwca 1964"
MP,1964,42,1964-07-01,parser+ocr300,1964-07-01,text:warszawa,1964-07-01,,MP/1964/199,6,6," LUDOWEJ Warszawa, dnia l lipca 1964"
MP,1964,43,1964-07-07,parser+ocr300,1964-07-07,text:warszawa,1964-07-07,,MP/1964/205,3,3,"I LUDOWEJ Warszawa, dnia 7 lipca 1964"
MP,1964,44,1964-07-11,parser+ocr300,1964-07-11,ocr:warszawa,1964-07-11,,MP/1964/208,4,4," LUDOWEJ Warszawa, dnia 11 lipca 1964"
MP,1964,45,1964-07-16,parser+ocr300,1964-07-16,text:warszawa,1964-07-16,,MP/1964/212,12,12," tUDOWEJ Warszawa, dnia 16 lipca 1964"
MP,1964,46,1964-07-23,parser+ocr300,1964-07-23,text:warszawa,1964-07-23,,MP/1964/224,5,5,"J LUDOWEJ Warszawa, dnia 23 lipca 1964"
MP,1964,47,1964-07-29,parser+ocr300,1964-07-29,text:warszawa,1964-07-29,,MP/1964/229,4,4,"J LUDOWEJ Warszawa, dnia 29 lipca 1964"
MP,1964,48,1964-07-30,parser+ocr300,1964-07-30,ocr:warszawa,1964-07-30,,MP/1964/233,5,5," LUDOWEJ Warszawa, dnia 30 lipca 1964"
MP,1964,49,1964-08-01,parser+ocr300,1964-08-01,text:warszawa,1964-08-01,,MP/1964/238,6,6,"J LUDOWEJ Warszawa, dnia 1 sierpnia 1964"
MP,1964,50,1964-08-05,parser+ocr300,1964-08-05,text:warszawa,1964-08-05,,MP/1964/244,2,2,"J Nr 50 Warszawa, dnia 5 sierpnia 1964"
MP,1964,51,1964-08-08,parser+ocr300,1964-08-08,text:warszawa,1964-08-08,,MP/1964/246,4,4,"J LUDOWEl Warszawa, dnia 8 sierpnia 1964"
MP,1964,52,1964-08-10,parser+ocr300,1964-08-10,text:warszawa,1964-08-10,,MP/1964/250,3,3,"J LUDOWEJ Warszawa, dnia 10 sierpnia 1964"
MP,1964,53,1964-08-13,parser+ocr300,1964-08-13,text:warszawa,1964-08-13,,MP/1964/253,6,6," LUDOWEJ Warszawa, dnia 13 sierpnia 1964"
MP,1964,54,1964-08-14,parser+ocr300,1964-08-14,text:warszawa,1964-08-14,,MP/1964/259,1,1,"J LUDOWEJ Warszawa, dnia 14 sierpnia 1964"
MP,1964,55,1964-08-18,parser+ocr300,1964-08-18,text:warszawa,1964-08-18,,MP/1964/260,4,4,"EJ Nr 55 Warszawa, dnia 18 sierpnia 1964"
MP,1964,56,1964-08-20,parser+ocr300,1964-08-20,text:warszawa,1964-08-20,,MP/1964/264,5,5," LUDOWEJ Warszawa, dnia 20 sierpnia 1964"
MP,1964,57,1964-08-24,parser+ocr300,1964-08-24,text:warszawa,1964-08-24,,MP/1964/269,5,5,"LU DOW EJ Warszawa, dnia 24 sierpnia 1964"
MP,1964,58,1964-08-29,parser+ocr300,1964-08-29,ocr:warszawa,1964-08-29,,MP/1964/274,3,3," LUDOWEJ Warszawa, dnia 29 sierpnia 1964"
MP,1964,59,1964-09-01,parser+ocr300,1964-09-01,text:warszawa,1964-09-01,,MP/1964/277,4,4," LUD OWEJ WarszaUJa, dnia I września 1964"
MP,1964,60,1964-09-04,parser+ocr300,1964-09-04,text:warszawa,1964-09-04,,MP/1964/281,2,2,"I LUDOWEJ Warszawa, dnia 4 września 1964"
MP,1964,61,1964-09-05,parser+ocr300,1964-09-05,text:warszawa,1964-09-05,,MP/1964/283,1,1,"J LUDOWEJ Warszawa, dnia 5 września 1964"
MP,1964,62,1964-09-11,parser+ocr300,1964-09-11,ocr:warszawa,1964-09-11,,MP/1964/284,8,8," LUDOWEJ Warszawa, dnia Il września 1964"
MP,1964,63,1964-09-17,parser+ocr300,1964-09-17,text:warszawa,1964-09-17,,MP/1964/292,6,6,"LU0.0WEJ Warszawa, dnia 17 września 1964"
MP,1964,64,1964-09-18,parser+ocr300,1964-09-18,text:warszawa,1964-09-18,,MP/1964/298,3,3," LUDOWEJ Warszawa, dnia 18 września 1964"
MP,1964,65,1964-09-25,parser+ocr300,1964-09-25,ocr:warszawa,1964-09-25,,MP/1964/301,11,11," LUDOWEJ Warszawa, dnia 25 września 1964"
MP,1964,66,1964-10-01,parser+ocr300,1964-10-01,text:warszawa,1964-10-01,,MP/1964/312,4,4,"J LUDOWEJ Warszawa, dnia l października 1964"
MP,1964,67,1964-10-02,parser+ocr300,1964-10-02,ocr:warszawa,1964-10-02,,MP/1964/316,1,1," LUDOWEJ Warszawa, dnia 2 października 1964"
MP,1964,68,1964-10-10,parser+ocr300,1964-10-10,text:warszawa,1964-10-10,,MP/1964/317,3,3,"J LUDOWEJ Warszawa, dnia 10 października 1964"
MP,1964,69,1964-10-14,parser+ocr300,1964-10-14,text:warszawa,1964-10-14,,MP/1964/320,4,4," LUDOWEJ Warszawa, dnia 14 października 1964"
MP,1964,70,1964-10-21,parser+ocr300,1964-10-21,text:warszawa,1964-10-21,,MP/1964/324,9,9,"J LUDOWEJ Warszawa, dnia 21 paźdZiernika 1964"
MP,1964,71,1964-10-24,parser+ocr300,1964-10-24,ocr:warszawa,1964-10-24,,MP/1964/333,3,3," LUDOWEJ Warszawa, dnia 24 października 1964"
MP,1964,72,1964-10-28,parser+ocr300,1964-10-28,text:warszawa,1964-10-28,,MP/1964/336,5,5," LUDOWEJ, Warszawa, dnia 28 października 1964"
MP,1964,73,1964-10-30,parser+ocr300,1964-10-30,ocr:warszawa,1964-10-30,,MP/1964/341,6,6," LUDOWEJ Warszawa, dnia 30 października 1964"
MP,1964,74,1964-10-31,parser+ocr300,1964-10-31,text:warszawa,1964-10-31,,MP/1964/347,2,2," LUDOWEJ \Varszawa, dnia 31 października 1964"
MP,1964,75,1964-11-02,parser+ocr300,1964-11-02,text:warszawa,1964-11-02,,MP/1964/349,3,3,"J LUDOWEJ Warszawa, dnia 2 listopada 1964"
MP,1964,76,1964-11-11,parser+ocr300,1964-11-11,ocr:warszawa,1964-11-11,,MP/1964/352,5,5," LUDOWEJ Warszawa, dnia 11 listopada 1964"
MP,1964,77,1964-11-14,parser+ocr300,1964-11-14,text:warszawa,1964-11-14,,MP/1964/357,12,12,"J LUDOWEJ Warszawa, dnia 14 listopada 1964"
MP,1964,78,1964-11-18,parser+ocr300,1964-11-18,text:warszawa,1964-11-18,,MP/1964/369,1,1," LUDOWEJ Warszawa, dnia 18 listopada 1964"
MP,1964,79,1964-11-24,parser+ocr300,1964-11-24,text:warszawa,1964-11-24,,MP/1964/370,6,6,"J LUDOWEJ Warszawa, dnia 24 listopada 1964"
MP,1964,80,1964-11-26,parser+ocr300,1964-11-26,text:warszawa,1964-11-26,,MP/1964/376,7,7,"J LUDOWEJ Warszawa, dnia 26 listopada 1964"
MP,1964,81,1964-11-30,parser+ocr300,1964-11-30,text:warszawa,1964-11-30,,MP/1964/383,3,3,"J LUDOWEJ Warszawa, dnia 30 listopada 1964"
MP,1964,82,1964-12-01,parser+ocr300,1964-12-01,text:warszawa,1964-12-01,,MP/1964/386,4,4,"J LUDOWEJ Warszawa, dnia l grudnia 1964"
MP,1964,83,1964-12-04,parser+ocr300,1964-12-04,text:warszawa,1964-12-04,,MP/1964/390,5,5," LUDOWEJ Warszama, dnia 4 grudnia 1964"
MP,1964,84,1964-12-10,parser+ocr300,1964-12-10,text:warszawa,1964-12-10,,MP/1964/395,4,4," LUDOWEJ Warszawa, dnia 10 grudnia 1964"
MP,1964,85,1964-12-15,parser+ocr300,1964-12-15,text:warszawa,1964-12-15,,MP/1964/399,5,5,"J LUDOWEJ Warszawa, dnia 15 grudnia 1964"
MP,1964,86,1964-12-16,parser+ocr300,1964-12-16,text:warszawa,1964-12-16,,MP/1964/404,11,11,"J LUDOWEJ Warszawa, dnia 16 grudnia 1964"
MP,1964,87,1964-12-22,parser+ocr300,1964-12-22,text:warszawa,1964-12-22,,MP/1964/415,2,2,"J tUDOWEJ Warszawa, dnia 22 grudnia 1964"
MP,1964,88,1964-12-28,parser+ocr300,1964-12-28,text:warszawa,1964-12-28,,MP/1964/417,6,6,"UDOWEJ i Warszawa, ""dnia 28 grudnia 1964"
MP,1964,89,1964-12-31,parser+ocr300,1964-12-31,text:warszawa,1964-12-31,,MP/1964/423,8,8," LUDOWEJ Warszawa, dnia 31 grudnia 1964"
MP,1965,1,1965-01-04,parser+ocr300,1965-01-04,text:warszawa,1965-01-04,,MP/1965/1,4,4,"I LUDOWEJ Warszawa, dnia 4 stycznia 1965"
MP,1965,2,1965-01-18,parser+ocr300,1965-01-18,text:warszawa,1965-01-18,,MP/1965/5,5,5,"J LUDOWEJ Warszawa, dnia 18 stycznia 1965"
MP,1965,3,1965-01-21,parser+ocr300,1965-01-21,text:warszawa,1965-01-21,,MP/1965/10,3,3,"I LUDOWEI Warszawa, dnia 21 stycznia 1965"
MP,1965,4,1965-01-25,parser+ocr300,1965-01-25,ocr:warszawa,1965-01-25,,MP/1965/13,1,1,"Warszawa, dnia 25 stycznia 1965"
MP,1965,5,1965-01-27,parser+ocr300,1965-01-27,text:warszawa,1965-01-27,,MP/1965/14,4,4," LUDOWEJ Warszawa, dnia 27 stycznia 1965"
MP,1965,6,1965-02-01,obraz×2,,none,,1965-02-01 1965-02-01,MP/1965/18,3,3,
MP,1965,7,1965-02-12,parser+ocr300,1965-02-12,ocr:warszawa,1965-02-12,,MP/1965/21,2,2," LUDOWEJ Warszawa, dnia 12 lutego 1965"
MP,1965,8,1965-02-15,parser+ocr300,1965-02-15,ocr:warszawa,1965-02-15,,MP/1965/23,5,5," LUDOWEJ Warszawa, dnia 15 lutego 1965"
MP,1965,9,1965-02-19,parser+ocr300,1965-02-19,ocr:warszawa,1965-02-19,,MP/1965/28,5,5," LUDOWEJ Warszawa, dnia 19 lutego 1965"
MP,1965,10,1965-02-26,parser+ocr300,1965-02-26,text:warszawa,1965-02-26,,MP/1965/33,6,6," LUDOWEJ Warszawa, dnia 26 lutego 1965"
MP,1965,11,1965-03-02,parser+ocr300,1965-03-02,text:warszawa,1965-03-02,,MP/1965/39,4,4," LUDOWEJ Warszawa, dnia 2 marca 1965"
MP,1965,12,1965-03-09,parser+ocr300,1965-03-09,ocr:warszawa,1965-03-09,,MP/1965/43,4,4," LUDOWEJ Warszawa, dnia 9 marca 1965"
MP,1965,13,1965-03-12,parser+ocr300,1965-03-12,ocr:warszawa,1965-03-12,,MP/1965/47,4,4," LUDOWEJ Warszawa, dnia 12 marca 1965"
MP,1965,14,1965-03-15,parser+ocr300,1965-03-15,ocr:warszawa,1965-03-15,,MP/1965/51,3,3," LUDOWEJ Warszawa, dnia 15 marca 1965"
MP,1965,15,1965-03-19,parser+ocr300,1965-03-19,ocr:warszawa,1965-03-19,,MP/1965/54,5,5," LUDOWEJ Warszawa, dnia 19 marca 1965"
MP,1965,16,1965-03-25,parser+ocr300,1965-03-25,ocr:warszawa,1965-03-25,,MP/1965/59,9,9," LUDOWEJ Warszawa, dnia 25 marca 1965"
MP,1965,17,1965-03-31,parser+ocr300,1965-03-31,text:warszawa,1965-03-31,,MP/1965/68,9,9, LUDOWEJ Warszawa. 'dnia 31 marca 1965
MP,1965,18,1965-04-01,parser+ocr300,1965-04-01,text:warszawa,1965-04-01,,MP/1965/77,4,4," LUDOWEJ Warszawa, dnia l kwietnia 1965"
MP,1965,19,1965-04-15,parser+ocr300,1965-04-15,text:warszawa,1965-04-15,,MP/1965/81,8,8,"LUD OWEJ Warszawa, dnia 15 kwietnia 1965"
MP,1965,20,1965-04-27,parser+ocr300,1965-04-27,ocr:warszawa,1965-04-27,,MP/1965/89,7,7," LUDOWEJ Warszawa, dnia 27 kwietnia 1965"
MP,1965,21,1965-05-03,parser+ocr300,1965-05-03,text:warszawa,1965-05-03,,MP/1965/96,6,6,"J LUDOWEJ Warszawa, dnia 3 maja 1965"
MP,1965,22,1965-05-06,parser+ocr300,1965-05-06,ocr:warszawa,1965-05-06,,MP/1965/102,7,7,"LUDOWEJ ""Warszawa, dnia 6 maja 1965"
MP,1965,23,1965-05-10,parser+ocr300,1965-05-10,ocr:warszawa,1965-05-10,,MP/1965/109,6,6," LUDOWEJ Warszawa, dnia 10 maja 1965"
MP,1965,24,1965-05-20,parser+ocr300,1965-05-20,text:warszawa,1965-05-20,,MP/1965/115,8,8,"UDOWEJ : Warszawa, dnia 20 maja 1965"
MP,1965,25,1965-05-24,parser+ocr300,1965-05-24,ocr:warszawa,1965-05-24,,MP/1965/123,5,5," LUDOWEJ Warszawa, dnia 24 maja 1965"
MP,1965,26,1965-05-27,parser+ocr300,1965-05-27,text:warszawa,1965-05-27,,MP/1965/128,5,5,"UDO I EJ Warszawa, dnia 27 maja 1965"
MP,1965,27,,bez odczytu (do obrazu),,none,,brak winiety na s. 1,MP/1965/133,22,22,
MP,1965,28,1965-06-03,parser+ocr300,1965-06-03,text:warszawa,1965-06-03,,MP/1965/155,2,2,"J LUDOWEJ Warszawa, dnia 3 czerwca 1965"
MP,1965,29,1965-06-05,parser+ocr300,1965-06-05,ocr:warszawa,1965-06-05,,MP/1965/157,1,1," LUDOWEJ Warszawa, dnia 5 czerwca 1965"
MP,1965,30,1965-06-10,parser+ocr300,1965-06-10,ocr:warszawa,1965-06-10,,MP/1965/158,12,12," LUDOWEJ Warszawa, dnia 10 czerwca 1965"
MP,1965,31,1965-06-12,parser+ocr300,1965-06-12,text:warszawa,1965-06-12,,MP/1965/170,4,4," LUDOWEJ Warszawa, dnia 12 czerwca 1965"
MP,1965,32,1965-06-19,parser+ocr300,1965-06-19,ocr:warszawa,1965-06-19,,MP/1965/174,4,4," LUDOWEJ Warszawa, dnia 19 czerwca 1965"
MP,1965,33,1965-06-24,obraz×2,,none,,1965-06-24 1965-06-24,MP/1965/178,3,3,
MP,1965,34,1965-06-28,parser+ocr300,1965-06-28,ocr:warszawa,1965-06-28,,MP/1965/181,18,18," LUDOWEJ Warszawa, dnia 28 czerwca 1965"
MP,1965,35,1965-07-02,parser+ocr300,1965-07-02,text:warszawa,1965-07-02,,MP/1965/199,6,6," LUDOWEJ Warszawa, dnia 2 lipca 1965"
MP,1965,36,1965-07-15,parser+ocr300,1965-07-15,text:warszawa,1965-07-15,,MP/1965/205,6,6,"J LUDOWEI Warszawa, dnia 15 lipca 1965"
MP,1965,37,1965-07-27,parser+ocr300,1965-07-27,ocr:warszawa,1965-07-27,,MP/1965/211,4,4," LUDOWEJ Warszawa, dnia 27 lipca 1965"
MP,1965,38,1965-07-29,parser+ocr300,1965-07-29,ocr:warszawa,1965-07-29,,MP/1965/215,4,4,"LUDOWEJ: Warszawa, dnia 29 lipca 1965"
MP,1965,39,1965-08-02,parser+ocr300,1965-08-02,ocr:warszawa,1965-08-02,,MP/1965/219,4,4," LUDOWEJ Warszawa, dnia 2 sierpnia 1965"
MP,1965,40,1965-08-06,obraz+ocr300,,none,1965-08-06,1965-08-06,MP/1965/223,9,9,
MP,1965,41,1965-08-11,parser+ocr300,1965-08-11,ocr:warszawa,1965-08-11,,MP/1965/232,4,4," LUDOWEJ Warszawa, dnia Il sierpnia 1965"
MP,1965,42,1965-08-12,parser+ocr300,1965-08-12,text:warszawa,1965-08-12,,MP/1965/236,2,2,"LU DOW EJ Warszawa, dnia 12 sierpnia 1965"
MP,1965,43,1965-08-14,parser+ocr300,1965-08-14,text:warszawa,1965-08-14,,MP/1965/238,12,12," LUDOWEJ WarszaUJa, dnia 14 sierpnia 1965"
MP,1965,44,1965-08-21,parser+ocr300,1965-08-21,text:warszawa,1965-08-21,,MP/1965/250,3,3," LUDOWEJ WarszaUJa, dnia 21 sierpnia 1965"
MP,1965,45,1965-08-25,parser+ocr300,1965-08-25,text:warszawa,1965-08-25,,MP/1965/253,2,2,"J LUDOWEJ Warszawa, dnia 25 sierpnia 1965"
MP,1965,46,1965-08-28,parser+ocr300,1965-08-28,text:warszawa,1965-08-28,,MP/1965/255,4,4," LUDOWEJ Warszawa, dnia 28 sierpnia 1965"
MP,1965,47,1965-09-02,parser+ocr300,1965-09-02,ocr:warszawa,1965-09-02,,MP/1965/259,2,2," LUDOWEJ Warszawa, dnia 2 września 1965"
MP,1965,48,1965-09-17,parser+ocr300,1965-09-17,text:warszawa,1965-09-17,,MP/1965/261,1,1," LUDOWEJ Warszawa, dnia 17 września 1965"
MP,1965,49,1965-09-20,obraz+parser,1965-09-20,text:warszawa,,1965-09-20,MP/1965/262,5,5,"J LUDOWEJ Warszawa, dnia 20 września 1965"
MP,1965,50,1965-09-21,parser+ocr300,1965-09-21,ocr:warszawa,1965-09-21,,MP/1965/267,1,1," LUDOWEJ Warszawa, dnia 21 września 1965"
MP,1965,51,1965-09-24,parser+ocr300,1965-09-24,text:warszawa,1965-09-24,,MP/1965/268,5,5," LUDOWEJ Warszawa, dnia 24 września 1965"
MP,1965,52,1965-09-27,parser+ocr300,1965-09-27,ocr:warszawa,1965-09-27,,MP/1965/273,2,2," LUDOWEJ Warszawa, dnia 27 września 1965"
MP,1965,53,,bez odczytu (do obrazu),,none,,,MP/1965/275,6,6,
MP,1965,54,1965-10-01,obraz+parser,1965-10-01,text:warszawa,1965-10-01,1965-10-01,MP/1965/281,3,3," LUDOWEJ Warszawa, dnia l października 1965"
MP,1965,55,1965-10-15,parser+ocr300,1965-10-15,text:warszawa,1965-10-15,,MP/1965/284,7,7," LUDOWEJ Warszawa, dnia 15 października 1965"
MP,1965,56,1965-10-26,parser+ocr300,1965-10-26,ocr:warszawa,1965-10-26,,MP/1965/291,3,3," LUDOWEJ Warszawa, dnia 26 października 1965"
MP,1965,57,1965-10-29,parser+ocr300,1965-10-29,ocr:warszawa,1965-10-29,,MP/1965/294,3,3," LUDOWEJ Warszawa, dnia 29 października 1965"
MP,1965,58,1965-11-02,parser+ocr300,1965-11-02,text:warszawa,1965-11-02,,MP/1965/297,4,4," LUDOWEt Warszawa, dnia 2 listopada 1965"
MP,1965,59,1965-11-06,parser+ocr300,1965-11-06,ocr:warszawa,1965-11-06,,MP/1965/301,5,5," LUBOWEJ Warszawa, dnia 6 listopada 1965"
MP,1965,60,1965-11-12,parser+ocr300,1965-11-12,ocr:warszawa,1965-11-12,,MP/1965/306,10,10," LUDOWEJ Warszawa, dnia 12 listopada 1965"
MP,1965,61,1965-11-22,parser+ocr300,1965-11-22,ocr:warszawa,1965-11-22,,MP/1965/316,9,9," LUDOWEJ Warszawa, dnia 22 listopada 1965"
MP,1965,62,1965-11-24,parser+ocr300,1965-11-24,text:warszawa,1965-11-24,,MP/1965/325,8,8," LUDOWEJ Warszawa, dnia 24 listopada 1965"
MP,1965,63,1965-11-26,parser+ocr300,1965-11-26,ocr:warszawa,1965-11-26,,MP/1965/333,21,21," LUDOWEJ Warszawa, dnia 26 listopada 1965"
MP,1965,64,1965-12-02,parser+ocr300,1965-12-02,text:warszawa,1965-12-02,,MP/1965/354,12,12,"J LUDOWEJ Warszawa, dnia 2 grudnia 1965"
MP,1965,65,1965-12-07,parser+ocr300,1965-12-07,text:warszawa,1965-12-07,,MP/1965/366,8,8,"J LUDOWEJ Warszawa, dnia 7 grudnia 1965"
MP,1965,66,1965-12-09,parser+ocr300,1965-12-09,text:warszawa,1965-12-09,,MP/1965/374,8,8," LUDOWEJ Warszawa, dnia 9 grudnia 1965"
MP,1965,67,1965-12-11,parser+ocr300,1965-12-11,text:warszawa,1965-12-11,,MP/1965/382,5,5,"LU DOWEJ Warszawa, dnia 11 grudnia 1965"
MP,1965,68,1965-12-14,obraz+parser,1965-12-14,text:warszawa,1965-12-14,1965-12-14,MP/1965/387,4,4,"J LUDOWEJ Warszawa, dnia 14 grudnia 1965"
MP,1965,69,1965-12-16,obraz+parser,1965-12-16,ocr:warszawa,,1965-12-16,MP/1965/391,11,11," LUDOWEJ Warszawa, dnia 16 grudnia 1965"
MP,1965,70,1965-12-24,parser+ocr300,1965-12-24,text:warszawa,1965-12-24,,MP/1965/402,4,4," LUDOWEJ Warszawa, dnia 24 grudnia 1965"
MP,1965,71,1965-12-30,parser+ocr300,1965-12-30,text:warszawa,1965-12-30,,MP/1965/406,7,7,"J LUDOWEJ Warszawa, dnia 30 grudnia 1965"
MP,1965,72,1965-12-31,parser+ocr300,1965-12-31,text:warszawa,1965-12-31,,MP/1965/413,5,5,"J LUDOWEJ Warszawa, dnia 31 grudnia 1965"
MP,1966,1,1966-01-13,parser+ocr300,1966-01-13,text:warszawa,1966-01-13,,MP/1966/1,14,14,"LUDOVłEJ Warszawa, dnia 13 stycznia 1966"
MP,1966,2,1966-01-19,parser+ocr300,1966-01-19,text:warszawa,1966-01-19,,MP/1966/15,7,7,"LUDOWEJ· Warszawa, dnia 19 stycznia 1966"
MP,1966,3,1966-02-01,parser+ocr300,1966-02-01,ocr:warszawa,1966-02-01,,MP/1966/22,5,5," LUDOWEJ Warszawa, dnia I lutego 1966"
MP,1966,4,1966-02-11,parser+ocr300,1966-02-11,ocr:warszawa,1966-02-11,,MP/1966/27,11,11," LUDOWEJ Warszawa, dnia 11 lutego 1966"
MP,1966,5,1966-02-23,parser+ocr300,1966-02-23,ocr:warszawa,1966-02-23,,MP/1966/38,12,12," LUDOWEJ Warszawa, dnia 23 lutego 1966"
MP,1966,6,1966-02-28,parser+ocr300,1966-02-28,text:warszawa,1966-02-28,,MP/1966/50,4,4," LUD OWEJ Warszawa, dnia 28 lutego 1966"
MP,1966,7,1966-03-01,parser+ocr300,1966-03-01,text:warszawa,1966-03-01,,MP/1966/54,5,5,"LUDOWEJ \VarszaUJa, dnia I marca 1966"
MP,1966,8,1966-03-07,parser+ocr300,1966-03-07,ocr:warszawa,1966-03-07,,MP/1966/59,5,5," LUDOWEJ Warszawa, dnia 7 marca 1966"
MP,1966,9,1966-03-14,parser+ocr300,1966-03-14,text:warszawa,1966-03-14,,MP/1966/64,2,2,"J LUDOWEJ Warszawa, dnia 14 marca 1966"
MP,1966,10,1966-03-16,parser+ocr300,1966-03-16,text:warszawa,1966-03-16,,MP/1966/66,9,9,"J LUDOWEJ Warszawa, dnia 16 marca 1966"
MP,1966,11,1966-03-25,parser+ocr300,1966-03-25,text:warszawa,1966-03-25,,MP/1966/75,4,4," LUDOWEJ Warszawa, dnia 25 marca 1966"
MP,1966,12,1966-03-29,parser+ocr300,1966-03-29,text:warszawa,1966-03-29,,MP/1966/79,3,3,"LUDOWEJ \Varszawa, dnia 29 marca 1966"
MP,1966,13,1966-03-30,obraz+parser,1966-03-30,text:warszawa,,1966-03-30,MP/1966/82,2,2," LUDOWEJ Warszawa, dnia 30 marca 1966"
MP,1966,14,1966-04-01,parser+ocr300,1966-04-01,text:warszawa,1966-04-01,,MP/1966/84,2,2," LUDOWEJ Warszawa, dnia l kwietnia 1966"
MP,1966,15,1966-04-05,parser+ocr300,1966-04-05,text:warszawa,1966-04-05,,MP/1966/86,5,5,"J LUDOWEj Warszawa, dnia 5 kwietnia 1966"
MP,1966,16,1966-04-13,parser+ocr300,1966-04-13,text:warszawa,1966-04-13,,MP/1966/91,3,3,"J LUDOWEJ Warszawa, dnia 13 kwietnia 1966"
MP,1966,17,1966-04-22,parser+ocr300,1966-04-22,text:warszawa,1966-04-22,,MP/1966/94,6,6," LUDOWEJ Warszawa, dnia 22 kwietnia 1966"
MP,1966,18,1966-04-26,parser+ocr300,1966-04-26,text:warszawa,1966-04-26,,MP/1966/100,4,4," L~ DOWEJ Warszawa, dnia 26 kwietnia 1966"
MP,1966,19,1966-05-02,parser+ocr300,1966-05-02,text:warszawa,1966-05-02,,MP/1966/104,5,5,"l UD OWEJ Warszawa, dnia 2 maja 1966"
MP,1966,20,1966-05-09,parser+ocr300,1966-05-09,text:warszawa,1966-05-09,,MP/1966/109,5,5,") LUDOWEJ WarSZ8UJa, dnia 9 maja 1966"
MP,1966,21,1966-05-13,parser+ocr300,1966-05-13,ocr:warszawa,1966-05-13,,MP/1966/114,3,3," LUDOWEJ Warszau'a, dnia 13 maja 1966"
MP,1966,22,1966-05-19,parser+ocr300,1966-05-19,text:warszawa,1966-05-19,,MP/1966/117,3,3," LU OOWEJ Warszawa, dnia 19 maja 1966"
MP,1966,23,1966-05-21,parser+ocr300,1966-05-21,text:warszawa,1966-05-21,,MP/1966/120,3,3,"J LUDOWEJ Warszawa, dnia 21 maja 1966"
MP,1966,24,1966-05-27,parser+ocr300,1966-05-27,ocr:warszawa,1966-05-27,,MP/1966/123,6,6," LUDOWEJ Warszawa, dnia 27 maja 1966"
MP,1966,25,1966-05-31,parser+ocr300,1966-05-31,text:warszawa,1966-05-31,,MP/1966/129,2,2," LUDOWEJ Warszawa, dnia 31 maja 1966"
MP,1966,26,1966-06-01,parser+ocr300,1966-06-01,ocr:warszawa,1966-06-01,,MP/1966/131,8,8,"UDOWEJ db Warszawa, dnia l czerwca 1966"
MP,1966,27,1966-06-15,parser+ocr300,1966-06-15,text:warszawa,1966-06-15,,MP/1966/139,4,4," LUDOWEJ Warszawa, dnia 15 czerwca 1966"
MP,1966,28,1966-06-17,parser+ocr300,1966-06-17,ocr:warszawa,1966-06-17,,MP/1966/143,6,6," LUDOWEJ Warszawa, dnia 17 czerwca 1966"
MP,1966,29,1966-06-22,parser+ocr300,1966-06-22,text:warszawa,1966-06-22,,MP/1966/149,8,8," LUDOWEJ Warszawa, dnia 22 czerwca 1966"
MP,1966,30,1966-07-01,parser+ocr300,1966-07-01,text:warszawa,1966-07-01,,MP/1966/157,5,5,"J LUDOWEJ Warszawa, dnia I lipca 1966"
MP,1966,31,1966-07-08,parser+ocr300,1966-07-08,text:warszawa,1966-07-08,,MP/1966/162,6,6,"J LUDOWEJ Warszawa, dnia 8 lipca 1966"
MP,1966,32,1966-07-11,parser+ocr300,1966-07-11,text:warszawa,1966-07-11,,MP/1966/168,5,5," LUD'OWEJ Warszawa, dnia II lipca 1966"
MP,1966,33,1966-07-13,obraz+ocr300 (trzeci odczyt inny),1966-07-03,text:warszawa_nr,1966-07-13,1966-07-13,MP/1966/173,1,1," LUDGWE) Warszawa, ~nia 13 lipca 1966"
MP,1966,34,1966-07-15,parser+ocr300,1966-07-15,text:warszawa,1966-07-15,,MP/1966/174,6,6," LUDOWEJ Warszawa, dnia 15 lipca 1966"
MP,1966,35,1966-07-19,parser+ocr300,1966-07-19,text:warszawa,1966-07-19,,MP/1966/180,1,1," LUDOWEJ Warszawa, dnia 19 lipca 1966"
MP,1966,36,1966-07-20,obraz+parser,1966-07-20,ocr:warszawa,,1966-07-20,MP/1966/181,3,3,"LUDOWEJ ""W arszawa, dnia 20 lipca 1966"
MP,1966,37,1966-07-28,parser+ocr300,1966-07-28,ocr:warszawa,1966-07-28,,MP/1966/184,6,6," LUDOWEJ Warszawa, dnia 28 lipca 1966"
MP,1966,38,1966-08-01,obraz+parser,1966-08-01,ocr:warszawa,,1966-08-01,MP/1966/190,4,4," LUDOWEJ Warszaiwa, dnia I sierpnia 1966"
MP,1966,39,1966-08-06,parser+ocr300,1966-08-06,ocr:warszawa,1966-08-06,,MP/1966/194,6,6," LUDOWEJ Warszawa, dnia 6 sierpnia 1966"
MP,1966,40,1966-08-10,parser+ocr300,1966-08-10,text:warszawa,1966-08-10,,MP/1966/200,8,8," LUDOWEJ Warszawa, dnia 10 sierpnia 1966"
MP,1966,41,1966-08-19,parser+ocr300,1966-08-19,text:warszawa,1966-08-19,,MP/1966/208,3,3," LUDOWEJ Warszawa, dnia 19 sierpnia 1966"
MP,1966,42,1966-08-24,parser+ocr300,1966-08-24,ocr:warszawa,1966-08-24,,MP/1966/211,8,8," LUDOWEJ Warszawa, dnia 24 sierpnia 1966"
MP,1966,43,1966-08-25,parser+ocr300,1966-08-25,ocr:warszawa,1966-08-25,,MP/1966/219,3,3," LUDOWEJ Warszaua, dnia 25 sierpnia 1966"
MP,1966,44,1966-08-31,parser+ocr300,1966-08-31,text:warszawa,1966-08-31,,MP/1966/222,3,3," LUDO WEl Warszawa, dnia 31 sierpnia 1966"
MP,1966,45,,bez odczytu (do obrazu),,none,,,MP/1966/225,3,3,
MP,1966,46,1966-09-07,parser+ocr300,1966-09-07,text:warszawa,1966-09-07,,MP/1966/228,5,5,"J LUDOWEJ Warszawa, dnia 7 września 1966"
MP,1966,47,1966-09-14,parser+ocr300,1966-09-14,ocr:warszawa,1966-09-14,,MP/1966/233,4,4," LUDOWEJ Warszawa, dnia 14 września 1966"
MP,1966,48,1966-09-15,parser+ocr300,1966-09-15,text:warszawa,1966-09-15,,MP/1966/237,3,3," LUDOWEJ Warszawa, dnia 15 września 1966"
MP,1966,49,1966-09-20,parser+ocr300,1966-09-20,text:warszawa,1966-09-20,,MP/1966/240,7,7," LUDOWEJ \Varszawa, dnia 20 września 1966"
MP,1966,50,1966-09-21,parser+ocr300,1966-09-21,ocr:warszawa,1966-09-21,,MP/1966/247,2,2," LUDOWEJ Warszawa, dnia 21 września 1966"
MP,1966,51,1966-09-24,parser+ocr300,1966-09-24,text:warszawa,1966-09-24,,MP/1966/249,4,4," ',: I Warszawa, dnia 24 września 1966"
MP,1966,52,1966-09-28,parser+ocr300,1966-09-28,ocr:warszawa,1966-09-28,,MP/1966/253,3,3," LUDOWEJ Warszawa, dnia 28 września 1966"
MP,1966,53,1966-10-01,parser+ocr300,1966-10-01,text:warszawa,1966-10-01,,MP/1966/256,4,4," lU'OOWEJ Warszawa, dnia l października 1966"
MP,1966,54,1966-10-06,parser+ocr300,1966-10-06,ocr:warszawa,1966-10-06,,MP/1966/260,1,1," LUDOWEJ Warszawa, dnia 6 października 1966"
MP,1966,55,1966-10-11,parser+ocr300,1966-10-11,text:warszawa,1966-10-11,,MP/1966/261,10,10," LUDOW EJ Warszama, dnia II października 1966"
MP,1966,56,1966-10-14,parser+ocr300,1966-10-14,text:warszawa,1966-10-14,,MP/1966/271,5,5,"LUDOWEJ \Varszama, dnia 14 października 1966"
MP,1966,57,1966-10-15,parser+ocr300,1966-10-15,ocr:warszawa,1966-10-15,,MP/1966/276,2,2,"UDOWEJ © Warszawa, dnia 15 października 1966"
MP,1966,58,1966-10-20,parser+ocr300,1966-10-20,text:warszawa,1966-10-20,,MP/1966/278,5,5," LUDOWEJ Warszawa, dnia 20 października 1966"
MP,1966,59,1966-10-26,parser+ocr300,1966-10-26,text:warszawa,1966-10-26,,MP/1966/283,6,6,"J LUDOWEl WarszaUJa, dnia 26 października 1966"
MP,1966,60,1966-10-29,parser+ocr300,1966-10-29,ocr:warszawa,1966-10-29,,MP/1966/289,4,4," LUDOWEJ Warszawa, dnia 29 października 1966"
MP,1966,61,1966-11-02,parser+ocr300,1966-11-02,text:warszawa,1966-11-02,,MP/1966/293,3,3," LUDOWEJ WarszaUJa, dnia 2 listopada 1966"
MP,1966,62,1966-11-09,parser+ocr300,1966-11-09,ocr:warszawa,1966-11-09,,MP/1966/296,5,5," LUDOWEJ Warszawa, dnia 9 listopada 1966"
MP,1966,63,1966-11-12,parser+ocr300,1966-11-12,text:warszawa,1966-11-12,,MP/1966/301,5,5,"LUnOWEJ \VarsźaUJa, dnia 12 listopada 1966"
MP,1966,64,1966-11-17,parser+ocr300,1966-11-17,ocr:warszawa,1966-11-17,,MP/1966/306,3,3," LUDOWEJ Warszawa, dnia 17 listopada 1966"
MP,1966,65,1966-11-23,parser+ocr300,1966-11-23,ocr:warszawa,1966-11-23,,MP/1966/309,4,4,"OWEJ h i Warszawa, dnia 23 listopada 1966"
MP,1966,66,1966-12-01,parser+ocr300,1966-12-01,text:warszawa,1966-12-01,,MP/1966/313,6,6,"14 315 , Warszatua,-, dnia l grudnia 1966"
MP,1966,67,1966-12-09,obraz+parser,1966-12-09,text:warszawa,1966-12-09,1966-12-09,MP/1966/319,5,5," LUDOWEJ Warszawa, dnia 9 grudnia 1966"
MP,1966,68,1966-12-14,parser+ocr300,1966-12-14,text:warszawa,1966-12-14,,MP/1966/324,3,3," LUDOWEJ WarszaUJa, dnia 14 grudnia 1966"
MP,1966,69,1966-12-16,parser+ocr300,1966-12-16,ocr:warszawa,1966-12-16,,MP/1966/327,2,2," LUDOWEJ Warszawa, dnia 16 grudnia 1966"
MP,1966,70,1966-12-19,parser+ocr300,1966-12-19,text:warszawa,1966-12-19,,MP/1966/329,3,3,"J LOOOWEJ Warszawa, dnia 19 grudnia 1966"
MP,1966,71,1966-12-20,parser+ocr300,1966-12-20,text:warszawa,1966-12-20,,MP/1966/332,2,2,"J Nr 71 Warszawa, dnia 20 grudnia 1966"
MP,1966,72,1966-12-22,parser+ocr300,1966-12-22,ocr:warszawa,1966-12-22,,MP/1966/334,4,4," LUDOWEJ Warszawa, dnia 22 grudnia 1966"
MP,1966,73,1966-12-23,obraz+parser,1966-12-23,ocr:warszawa,,1966-12-23,MP/1966/338,6,6,"UDOWEJ ł Warszawa, dnia 23 grudnia 1966"
MP,1966,74,1966-12-31,parser+ocr300,1966-12-31,text:warszawa,1966-12-31,,MP/1966/344,14,14," LUDOWEJ Warszawa, dnia 31 grudnia 1966"
MP,1967,1,1967-01-10,parser+ocr300,1967-01-10,text:warszawa,1967-01-10,,MP/1967/1,8,8,"J LUDOWEJ Warszawa, dnia 10 stycznia 1967"
MP,1967,2,1967-01-16,parser+ocr300,1967-01-16,text:warszawa,1967-01-16,,MP/1967/9,3,3," LUDOWEJ Warszawa, dnia 16 stycznia 1967"
MP,1967,3,1967-01-18,parser+ocr300,1967-01-18,text:warszawa,1967-01-18,,MP/1967/12,5,5," LUDOWEJ Warszawa, dnia 18 stycznia 1967"
MP,1967,4,1967-01-20,parser+ocr300,1967-01-20,text:warszawa,1967-01-20,,MP/1967/17,6,6,"J LUDOWEJ Warszawa, dnia 20 stycznia 1967"
MP,1967,5,1967-01-26,parser+ocr300,1967-01-26,ocr:warszawa,1967-01-26,,MP/1967/23,6,6," LUDOWEJ Warszawa, dnia 26 stycznia 1967"
MP,1967,6,1967-01-28,parser+ocr300,1967-01-28,ocr:warszawa,1967-01-28,,MP/1967/29,3,3," LUDOWEJ Warszawa, dnia 28 stycznia 1967"
MP,1967,7,1967-02-01,parser+ocr300,1967-02-01,text:warszawa,1967-02-01,,MP/1967/32,8,8," LUDOWEJ Warszawa, dnia l lutego 1967"
MP,1967,8,1967-02-07,parser+ocr300,1967-02-07,text:warszawa,1967-02-07,,MP/1967/40,7,7," LUDOWEJ Warszawa, dnia 7 lutego 1967"
MP,1967,9,1967-02-13,parser+ocr300,1967-02-13,text:warszawa,1967-02-13,,MP/1967/47,9,9," LUDOWEJ Warszawa, dnia 13 lutego 1967"
MP,1967,10,1967-02-17,parser+ocr300,1967-02-17,text:warszawa,1967-02-17,,MP/1967/56,5,5,"J LUDOWEJ Warszawa, dnia 17 lutego 1967"
MP,1967,11,1967-02-24,parser+ocr300,1967-02-24,ocr:warszawa,1967-02-24,,MP/1967/61,3,3," LUDOWEJ Warszawa, dnia 24 lutego 1967"
MP,1967,12,1967-02-28,parser+ocr300,1967-02-28,text:warszawa,1967-02-28,,MP/1967/64,1,1," LUDOWEJ Warszawa, dnia 28 lutego 1967"
MP,1967,13,1967-03-01,parser+ocr300,1967-03-01,ocr:warszawa,1967-03-01,,MP/1967/65,4,4," LUDOWEJ Warszawa, dnia I marca 1967"
MP,1967,14,1967-03-07,obraz+parser,1967-03-07,ocr:warszawa,,1967-03-07,MP/1967/69,3,3," LUDOWEJ Warszawa, dnia 7 marca 1967"
MP,1967,15,1967-03-11,parser+ocr300,1967-03-11,ocr:warszawa,1967-03-11,,MP/1967/72,2,2," LUDOWEJ Warszawa, dnia 1l marca 1967"
MP,1967,16,1967-03-18,parser+ocr300,1967-03-18,text:warszawa,1967-03-18,,MP/1967/74,11,11,"LUDOWEJ 'VarszaUJa, dnia 18 marca 1967"
MP,1967,17,1967-03-28,parser+ocr300,1967-03-28,ocr:warszawa,1967-03-28,,MP/1967/85,5,5,"Warszawa, dnia 28 marca 1967"
MP,1967,18,1967-03-30,parser+ocr300,1967-03-30,text:warszawa,1967-03-30,,MP/1967/90,3,3,"I LUDOWEJ Warszawa, dnia 30 marca 1967"
MP,1967,19,1967-04-01,parser+ocr300,1967-04-01,text:warszawa,1967-04-01,,MP/1967/93,4,4," LUDOWEJ Warszawa, dnia l kwietnia 1967"
MP,1967,20,1967-04-06,parser+ocr300,1967-04-06,text:warszawa,1967-04-06,,MP/1967/97,2,2," LUDOWEJ Warszawa, dnia 6 kwietnia 1967"
MP,1967,21,1967-04-13,parser+ocr300,1967-04-13,text:warszawa,1967-04-13,,MP/1967/99,2,2,"J LUDOWEJ Warszawa, dnia 13 kwietnia 1967"
MP,1967,22,1967-04-18,parser+ocr300,1967-04-18,text:warszawa,1967-04-18,,MP/1967/101,6,6," LUDOWEJ Warszawa, dnia 18 kwietnia 1967"
MP,1967,23,1967-04-24,parser+ocr300,1967-04-24,ocr:warszawa,1967-04-24,,MP/1967/107,5,5," LUDOWEJ Warszawa, dnia 24 kwietnia 1967"
MP,1967,24,1967-04-26,parser+ocr300,1967-04-26,ocr:warszawa,1967-04-26,,MP/1967/112,5,5,"Warszawa, dnia 26 kwietnia 1967"
MP,1967,25,1967-05-02,parser+ocr300,1967-05-02,text:warszawa,1967-05-02,,MP/1967/117,2,2,"U DOlEJ- Warszawa, dnia 2 maja 1967"
MP,1967,26,1967-05-09,parser+ocr300,1967-05-09,text:warszawa,1967-05-09,,MP/1967/119,3,3,".UDO .WEJ Warszawa, dnia 9 maja 1967"
MP,1967,27,1967-05-11,parser+ocr300,1967-05-11,text:warszawa,1967-05-11,,MP/1967/122,6,6," OO''1EI 'VarszaUJa, dnia 11 maja 1967"
MP,1967,28,1967-05-23,parser+ocr300,1967-05-23,text:warszawa,1967-05-23,,MP/1967/128,7,7,"J LUDOWEJ Warszawa, dnia 23 maja 1967"
MP,1967,29,1967-05-29,parser+ocr300,1967-05-29,text:warszawa,1967-05-29,,MP/1967/135,6,6,"~(;"".'I' Warszawa, dnia 29 maja 1967"
MP,1967,30,1967-06-01,parser+ocr300,1967-06-01,ocr:warszawa,1967-06-01,,MP/1967/141,3,3," LUDSWEJ Warszawa, dnia l czerwca 1967"
MP,1967,31,1967-06-03,parser+ocr300,1967-06-03,ocr:warszawa,1967-06-03,,MP/1967/144,4,4," LUDOWEJ Warszawa, dnia 3 czerwca 1967"
MP,1967,32,1967-06-15,obraz+parser,1967-06-15,text:warszawa,1967-06-15,1967-06-15,MP/1967/148,6,6," LUDOWEJ Warszawa, dnia 15 czerwca 1967"
MP,1967,33,1967-06-27,parser+ocr300,1967-06-27,text:warszawa,1967-06-27,,MP/1967/154,4,4," LUDOWEJ Warszawa, dnia 27 czerwca 1967"
MP,1967,34,1967-06-28,parser+ocr300,1967-06-28,text:warszawa,1967-06-28,,MP/1967/158,5,5,"DOWEJ I, Warszawa, dnia 28 czerwca 1967"
MP,1967,35,1967-06-30,parser+ocr300,1967-06-30,ocr:warszawa,1967-06-30,,MP/1967/163,4,4," LUDOWEJ Warszawa, dnia 30 czerwca 1967"
MP,1967,36,1967-07-01,parser+ocr300,1967-07-01,text:warszawa,1967-07-01,,MP/1967/167,10,10," LUDOWEJ Warszawa, dnia l lipca 1967"
MP,1967,37,1967-07-07,parser+ocr300,1967-07-07,text:warszawa,1967-07-07,,MP/1967/177,9,9,"J LUDOWEJ Warszawa, dnia 7 lipca 1967"
MP,1967,38,1967-07-13,parser+ocr300,1967-07-13,text:warszawa,1967-07-13,,MP/1967/186,3,3," LUDOWEJ \Varszawa, dnia 13 lipca 1967"
MP,1967,39,1967-07-15,parser+ocr300,1967-07-15,text:warszawa,1967-07-15,,MP/1967/189,2,2,"J LUDOWEJ Warszawa, dnia 15 lipca 1967"
MP,1967,40,1967-07-18,parser+ocr300,1967-07-18,ocr:warszawa,1967-07-18,,MP/1967/191,3,3," LUDOWE! Warszawa, dnia 18 lipca 1967"
MP,1967,41,1967-07-24,parser+ocr300,1967-07-24,ocr:warszawa,1967-07-24,,MP/1967/194,7,7," LUDOWEJ Warszawa, dnia 24 lipca 1967"
MP,1967,42,1967-07-28,parser+ocr300,1967-07-28,text:warszawa,1967-07-28,,MP/1967/201,6,6," LUDOWEJ Warszawa, dnia 28 lipca 1967"
MP,1967,43,1967-08-01,parser+ocr300,1967-08-01,text:warszawa,1967-08-01,,MP/1967/207,5,5,"J LUDOWEJ Warszawa, dnia l sierpnia 1967"
MP,1967,44,1967-08-05,parser+ocr300,1967-08-05,text:warszawa,1967-08-05,,MP/1967/212,9,9," LUDOWEJ Warszawa, dnia 5 sierpnia 1967"
MP,1967,45,1967-08-11,parser+ocr300,1967-08-11,ocr:warszawa,1967-08-11,,MP/1967/221,10,10," LUDOWEJ Warszawa, dnia 11 sierpnia 1967"
MP,1967,46,1967-08-16,parser+ocr300,1967-08-16,ocr:warszawa,1967-08-16,,MP/1967/231,2,2," LUDOWEJ Warszawa, dnia 16 sierpnia 1967"
MP,1967,47,1967-08-23,parser+ocr300,1967-08-23,text:warszawa,1967-08-23,,MP/1967/233,5,5," LUDOWEJ 'Varszawa, dnia 23 sierpnia 1967"
MP,1967,48,1967-09-01,obraz+ocr300,,none,1967-09-01,1967-09-01,MP/1967/238,5,5,
MP,1967,49,1967-09-06,obraz×2,,none,,1967-09-06 1967-09-06,MP/1967/243,5,5,
MP,1967,50,1967-09-14,parser+ocr300,1967-09-14,text:warszawa,1967-09-14,,MP/1967/248,5,5,"WEJ I ,'Varszawa, dnia 14 września 1967"
MP,1967,51,1967-09-20,obraz+parser,1967-09-20,ocr:warszawa,,1967-09-20,MP/1967/253,8,8,"R POLSKI Warszawa, dnia 20 września 1967"
MP,1967,52,1967-09-23,parser+ocr300,1967-09-23,text:warszawa,1967-09-23,,MP/1967/261,2,2,"LUDOWEJ \Varszawa, dnia 23 września 1967"
MP,1967,53,1967-09-29,parser+ocr300,1967-09-29,text:warszawa,1967-09-29,,MP/1967/263,3,3,"LUDOWEJ 'Varszawa, dnia 29 września 1967"
MP,1967,54,1967-10-02,parser+ocr300,1967-10-02,text:warszawa,1967-10-02,,MP/1967/266,2,2,"J LUDOWEJ Warszawa, dnia 2 października 1967"
MP,1967,55,1967-10-06,parser+ocr300,1967-10-06,ocr:warszawa,1967-10-06,,MP/1967/268,5,5,"GDOWEJ A Warszawa, dnia 6 października 1967"
MP,1967,56,1967-10-16,parser+ocr300,1967-10-16,text:warszawa,1967-10-16,,MP/1967/273,4,4,"W-EJ / I Warszarua, dnia 16 października 1967"
MP,1967,57,1967-10-26,parser+ocr300,1967-10-26,text:warszawa,1967-10-26,,MP/1967/277,2,2," LUDOWEJ Warszawa, dnia 26 patdziernika 1967"
MP,1967,58,1967-10-30,parser+ocr300,1967-10-30,text:warszawa,1967-10-30,,MP/1967/279,2,2,"J LUDOWEJ Warszama, dnia 30 października 1967"
MP,1967,59,1967-11-02,parser+ocr300,1967-11-02,ocr:warszawa,1967-11-02,,MP/1967/281,2,2," LUDOWEJ Warszawa, dnia 2 listopada 1967"
MP,1967,60,1967-11-06,parser+ocr300,1967-11-06,text:warszawa,1967-11-06,,MP/1967/283,5,5," LUDOWEJ Warszawa, dnia 6 listopada 1967"
MP,1967,61,1967-11-11,parser+ocr300,1967-11-11,ocr:warszawa,1967-11-11,,MP/1967/288,7,7," LUDOWEJ Warszawa, dnia 11 listopada 1967"
MP,1967,62,1967-11-18,parser+ocr300,1967-11-18,text:warszawa,1967-11-18,,MP/1967/295,6,6," LUDOWEJ Warszawa, dnia 18 listopada 1967"
MP,1967,63,1967-11-24,parser+ocr300,1967-11-24,ocr:warszawa,1967-11-24,,MP/1967/301,3,3," LUDOWEJ Warszawa, dnia 24 listopada 1967"
MP,1967,64,1967-11-27,parser+ocr300,1967-11-27,text:warszawa,1967-11-27,,MP/1967/304,8,8,"D OWEI , Warszawa, dnia 27 listopada 1967"
MP,1967,65,1967-12-01,parser+ocr300,1967-12-01,text:warszawa,1967-12-01,,MP/1967/312,5,5," LUDOWEJ Warszawa, dnia l grudnia 1967"
MP,1967,66,1967-12-06,parser+ocr300,1967-12-06,text:warszawa,1967-12-06,,MP/1967/317,6,6," LUDOWEJ Warszawa, dnia 6 grudnia 1967"
MP,1967,67,1967-12-12,parser+ocr300,1967-12-12,text:warszawa,1967-12-12,,MP/1967/323,12,12," LUDOWEJ Warszawa, dnia 12 grudnia 1967"
MP,1967,68,1967-12-16,parser+ocr300,1967-12-16,text:warszawa,1967-12-16,,MP/1967/335,5,5,"LUD,OWEJ Warszawa, dnia 16 grudnia 1967"
MP,1967,69,1967-12-19,parser+ocr300,1967-12-19,text:warszawa,1967-12-19,,MP/1967/340,1,1," LUDOWEJ Warszawa, dnia 19 grudnia 1967"
MP,1967,70,1967-12-21,parser+ocr300,1967-12-21,ocr:warszawa,1967-12-21,,MP/1967/341,3,3," LUDOWEJ Warszawa, dnia 21 grudnia 1967"
MP,1967,71,1967-12-28,parser+ocr300,1967-12-28,text:warszawa,1967-12-28,,MP/1967/344,6,6,"J LUDOWEJ Warszawa, dnia 28 grudnia 1967"
MP,1967,72,1967-12-30,parser+ocr300,1967-12-30,text:warszawa,1967-12-30,,MP/1967/350,7,7," LUDOWEJ Warszawa, 'dnia 30 grudnia 1967"
MP,1968,1,1968-01-11,parser+ocr300,1968-01-11,ocr:warszawa,1968-01-11,,MP/1968/1,7,7," LUDOWEJ Warszawa, dnia 11 stycznia 1968"
MP,1968,2,1968-01-19,parser+ocr300,1968-01-19,text:warszawa,1968-01-19,,MP/1968/8,8,8," 0'0 WEJ Warszawa, dnia 19 stycznia 1968"
MP,1968,3,1968-01-29,parser+ocr300,1968-01-29,text:warszawa,1968-01-29,,MP/1968/16,7,7,"LUDOWEJ \Varszawa, dnia 29 stycznia 1968"
MP,1968,4,1968-02-01,parser+ocr300,1968-02-01,text:warszawa,1968-02-01,,MP/1968/23,5,5,"LUDOWEJ \Varszawa, dnia l lutego 1968"
MP,1968,5,1968-02-09,parser+ocr300,1968-02-09,text:warszawa,1968-02-09,,MP/1968/28,4,4," LUDOWEJ Warszawa, dnia 9 lutego 1968"
MP,1968,6,1968-02-14,parser+ocr300,1968-02-14,text:warszawa,1968-02-14,,MP/1968/32,6,6,"LUDO\VEJ Warszawa, dnia 14 lutego 1968"
MP,1968,7,1968-02-19,parser+ocr300,1968-02-19,ocr:warszawa,1968-02-19,,MP/1968/38,4,4," LUDOWEJ Warszawa, dnia 19 lutego 1968"
MP,1968,8,1968-02-24,parser+ocr300,1968-02-24,text:warszawa,1968-02-24,,MP/1968/42,8,8,"l UDOWEJ Warszawa, dnia 24 lutego 1968"
MP,1968,10,1968-03-08,parser+ocr300,1968-03-08,ocr:warszawa,1968-03-08,,MP/1968/57,13,13," LUDOWEJ Warszawa, dnia 8 marca 1968"
MP,1968,11,1968-03-16,parser+ocr300,1968-03-16,ocr:warszawa,1968-03-16,,MP/1968/70,4,4," LUDOWEJ Warszawa, dnia 16 marca 1968"
MP,1968,12,1968-03-21,parser+ocr300,1968-03-21,ocr:warszawa,1968-03-21,,MP/1968/74,5,5," LUDOWEJ Warszawa, dnia 21 marca 1968"
MP,1968,13,1968-04-01,parser+ocr300,1968-04-01,ocr:warszawa,1968-04-01,,MP/1968/79,9,9," LUDOWEJ Warszawa, dnia 1 kwietnia 1968"
MP,1968,14,1968-04-06,parser+ocr300,1968-04-06,ocr:warszawa,1968-04-06,,MP/1968/88,10,10," LUDOWEJ Warszawa, dnia 6 kwietnia 1968"
MP,1968,15,1968-04-16,parser+ocr300,1968-04-16,text:warszawa,1968-04-16,,MP/1968/98,12,12,"UDOWEJ • ,Warszawa, dnia i6 kwietnia 1968"
MP,1968,16,1968-04-19,parser+ocr300,1968-04-19,ocr:warszawa,1968-04-19,,MP/1968/110,2,2," LUDOWEJ Warszawa, dnia 19 kwietnia 1968"
MP,1968,17,1968-04-23,parser+ocr300,1968-04-23,text:warszawa,1968-04-23,,MP/1968/112,1,1," LUDOWEJ Warszawa, dnia 23 kwietnia 1968"
MP,1968,18,1968-04-27,parser+ocr300,1968-04-27,text:warszawa,1968-04-27,,MP/1968/113,6,6," LUDOWEJ Warszawa, dnia 27 kwietnia 1968"
MP,1968,19,1968-05-02,parser+ocr300,1968-05-02,text:warszawa,1968-05-02,,MP/1968/119,7,7," LUDOWEJ Warszawa, dnia 2 maja 1968"
MP,1968,20,1968-05-07,parser+ocr300,1968-05-07,text:warszawa,1968-05-07,,MP/1968/126,7,7,"LUDOWEJ 'Varszawa, dnia 7 maja 1968"
MP,1968,21,1968-05-22,parser+ocr300,1968-05-22,text:warszawa,1968-05-22,,MP/1968/133,11,11," LUDOWEJ Warszawa, dnia 22 maja 1968"
MP,1968,22,1968-05-29,parser+ocr300,1968-05-29,text:warszawa,1968-05-29,,MP/1968/144,7,7," LUDOWEJ Warszawa, dnia 29 maja 1968"
MP,1968,23,1968-06-01,parser+ocr300,1968-06-01,text:warszawa,1968-06-01,,MP/1968/151,3,3," DOWEJ \ Warszawa, dnia l czerwca 1968"
MP,1968,24,1968-06-08,parser+ocr300,1968-06-08,ocr:warszawa,1968-06-08,,MP/1968/154,5,5," LUDOWEJ Warszawa, dnia 8 czerwca 1968"
MP,1968,25,1968-06-18,parser+ocr300,1968-06-18,text:warszawa,1968-06-18,,MP/1968/159,8,8,"LU OOWEJ Warszawa, dnia 18 czerwca 1968"
MP,1968,26,1968-06-24,parser+ocr300,1968-06-24,ocr:warszawa,1968-06-24,,MP/1968/167,7,7," LUDOWEJ Warszawa, dnia 24 czerwca 1968"
MP,1968,27,1968-06-28,obraz×2 (odczyty maszynowe inne),1968-06-23,text:warszawa,1968-06-20,1968-06-28 1968-06-28,MP/1968/174,13,13," lUDOWEJ Warszawa, dnia 23 czerwca 1968"
MP,1968,29,1968-07-04,parser+ocr300,1968-07-04,ocr:warszawa,1968-07-04,,MP/1968/193,3,3," LUDOWEJ Warszawa, dnia 4 lipca 1968"
MP,1968,30,1968-07-12,parser+ocr300,1968-07-12,text:warszawa,1968-07-12,,MP/1968/196,4,4, LU DOWEJ Warszawa. dnia 12 lipca 1968
MP,1968,31,1968-07-19,parser+ocr300,1968-07-19,text:warszawa,1968-07-19,,MP/1968/200,14,14," LUDOWEJ Warszawa, dnia 19 lipca 1968"
MP,1968,32,1968-07-30,parser+ocr300,1968-07-30,text:warszawa,1968-07-30,,MP/1968/214,7,7," LUDOWEJ Warszawa, dnia 30 lipca 1968"
MP,1968,33,1968-08-01,parser+ocr300,1968-08-01,text:warszawa,1968-08-01,,MP/1968/221,6,6," LUDOWEJ Warszawa, dnia l sierpnia 1968"
MP,1968,34,1968-08-14,parser+ocr300,1968-08-14,text:warszawa,1968-08-14,,MP/1968/227,16,16," LUDOWEJ Warszawa, dnia 14 sierpnia 1968"
MP,1968,35,1968-08-24,parser+ocr300,1968-08-24,text:warszawa,1968-08-24,,MP/1968/243,9,9,"-U DOWEJ Warszawa, dnia 24 sierpnia 1968"
MP,1968,36,1968-09-02,parser+ocr300,1968-09-02,ocr:warszawa,1968-09-02,,MP/1968/252,7,7," LUDOWEJ Warszawa, dnia 2 września 1968"
MP,1968,37,1968-09-09,parser+ocr300,1968-09-09,text:warszawa,1968-09-09,,MP/1968/259,11,11," LUDOWEJ Warszawa, dnia 9 września 1968"
MP,1968,38,1968-09-12,obraz+parser,1968-09-12,text:warszawa,1968-09-12,1968-09-12,MP/1968/270,5,5," LUDOWEJ Warszawa, dnia 12 września 1968"
MP,1968,39,1968-09-17,parser+ocr300,1968-09-17,ocr:warszawa,1968-09-17,,MP/1968/275,3,3," LUDOWEJ Warszawa, dnia 17 września 1968"
MP,1968,40,1968-09-24,parser+ocr300,1968-09-24,text:warszawa,1968-09-24,,MP/1968/278,9,9,"DOWEJ OJ Warszawa, dnia 24 września 1968"
MP,1968,41,1968-10-01,parser+ocr300,1968-10-01,text:warszawa,1968-10-01,,MP/1968/287,6,6," l UDOWEJ Warszawa, dnia l października 1968"
MP,1968,42,1968-10-10,parser+ocr300,1968-10-10,text:warszawa,1968-10-10,,MP/1968/293,4,4,"J LUDOWEJ Warszawa, dnia 10 października 1968"
MP,1968,43,1968-10-21,parser+ocr300,1968-10-21,text:warszawa,1968-10-21,,MP/1968/297,13,13,"LUDOW·EJ Warszawa, dnia 21 października 1968"
MP,1968,44,1968-10-28,parser+ocr300,1968-10-28,text:warszawa,1968-10-28,,MP/1968/310,8,8,"J LUDOWEJ Warszawa, dnia 28 października 1968"
MP,1968,45,1968-11-02,parser+ocr300,1968-11-02,text:warszawa,1968-11-02,,MP/1968/318,4,4," LUDOWEJ Warszawa, dnia 2 listopada 1968"
MP,1968,46,1968-11-09,parser+ocr300,1968-11-09,text:warszawa,1968-11-09,,MP/1968/322,5,5,"J LUDOWEJ Warszawa, dnia 9 listopada 1968"
MP,1968,47,1968-11-16,parser+ocr300,1968-11-16,text:warszawa,1968-11-16,,MP/1968/327,8,8,",LUDOWEJ Warszawa, dnia 16 listopada 1968"
MP,1968,48,1968-11-23,parser+ocr300,1968-11-23,text:warszawa,1968-11-23,,MP/1968/335,2,2,"I LUDOWEJ Warszawa, dnia 23 listopada 1968"
MP,1968,49,1968-11-29,parser+ocr300,1968-11-29,text:warszawa,1968-11-29,,MP/1968/337,8,8," LUDOWEI Warszawa, dnia 29 listopada 1968"
MP,1968,50,1968-12-02,parser+ocr300,1968-12-02,text:warszawa,1968-12-02,,MP/1968/345,10,10,"DOWEI . Warszawa, dnia 2 grudnia 1968"
MP,1968,51,1968-12-04,parser+ocr300,1968-12-04,ocr:warszawa,1968-12-04,,MP/1968/355,2,2," LUDOWEJ Warszawa, dnia 4 grudnia 1968"
MP,1968,52,1968-12-13,parser+ocr300,1968-12-13,ocr:warszawa,1968-12-13,,MP/1968/357,9,9," LUDOWEJ Warszawa, dnia 13 grudnia 1968"
MP,1968,53,1968-12-21,obraz+parser,1968-12-21,text:warszawa,1968-12-21,1968-12-21,MP/1968/366,9,9," lUDOWEJ Warszawa, dnia 21 grudnia 1968"
MP,1968,54,1968-12-28,parser+ocr300,1968-12-28,ocr:warszawa,1968-12-28,,MP/1968/375,17,17," LUDOWEJ Warszawa, dnia 28 grudnia 1968"
MP,1968,55,1968-12-31,parser+ocr300,1968-12-31,text:warszawa,1968-12-31,,MP/1968/392,8,8,"J LUDOWEJ Warszawa, dnia 31 grudnia 1968"
MP,1969,1,1969-01-14,parser+ocr300,1969-01-14,ocr:warszawa,1969-01-14,,MP/1969/1,7,7," LUDOWEJ Warszawa, dnia 14 stycznia 1969"
MP,1969,2,1969-01-23,parser+ocr300,1969-01-23,text:warszawa,1969-01-23,,MP/1969/8,13,13,"LUDOWEJ 'Varszawa, dnia 23 stycznia 1969"
MP,1969,3,,bez odczytu (do obrazu),,none,,brak winiety na s. 1,MP/1969/21,14,14,
MP,1969,4,1969-02-05,parser+ocr300,1969-02-05,text:warszawa,1969-02-05,,MP/1969/35,10,10," LUDOWEJ Warszawa, dnia 5 lutego 1969"
MP,1969,5,1969-02-14,parser+ocr300,1969-02-14,text:warszawa,1969-02-14,,MP/1969/45,13,13,") LUDOWEJ Warszawa, dnia 14 lutego 1969"
MP,1969,6,1969-02-21,parser+ocr300,1969-02-21,ocr:warszawa,1969-02-21,,MP/1969/58,5,5,"UDOWEJ 6 Warszawa, dnia 21 lutego 1969"
MP,1969,7,1969-02-25,parser+ocr300,1969-02-25,text:warszawa,1969-02-25,,MP/1969/63,9,9,"J LUDOWEJ Warszawa, dnia 25 lutego 1969"
MP,1969,8,1969-03-01,parser+ocr300,1969-03-01,ocr:warszawa,1969-03-01,,MP/1969/72,11,11," LUDOWEJ Warszawa, dnia l marca 1969"
MP,1969,9,1969-03-17,parser+ocr300,1969-03-17,text:warszawa,1969-03-17,,MP/1969/83,7,7,J LUDOWEJ Warszawa; dnia 17 marca 1969
MP,1969,10,1969-03-19,parser+ocr300,1969-03-19,ocr:warszawa,1969-03-19,,MP/1969/90,8,8,"UDOWEJ | Warszawa, dnia 19 marca 1969"
MP,1969,11,1969-03-25,parser+ocr300,1969-03-25,ocr:warszawa,1969-03-25,,MP/1969/98,1,1," LUDOWEJ Warszawa, dnia 25 marca 1969"
MP,1969,12,1969-03-28,parser+ocr300,1969-03-28,ocr:warszawa,1969-03-28,,MP/1969/99,4,4," LUDOWEJ Warszawa, dnia 28 marca 1969"
MP,1969,13,1969-03-31,parser+ocr300,1969-03-31,ocr:warszawa,1969-03-31,,MP/1969/103,6,6," LUDOWEJ Warszawa, dnia 31 marca 1969"
MP,1969,14,1969-04-01,parser+ocr300,1969-04-01,ocr:warszawa,1969-04-01,,MP/1969/109,3,3," LUDOWEJ Warszawa, dnia 1 kwietnia 1969"
MP,1969,15,1969-04-12,parser+ocr300,1969-04-12,text:warszawa,1969-04-12,,MP/1969/112,11,11,"DOWEJ . . Warszawa,"" dnia 12 kwietnia 1969"
MP,1969,16,1969-04-22,parser+ocr300,1969-04-22,text:warszawa,1969-04-22,,MP/1969/123,13,13,"J LUDOWEJ Warszawa, dnia 22 kwietnia 1969"
MP,1969,17,1969-05-03,parser+ocr300,1969-05-03,ocr:warszawa,1969-05-03,,MP/1969/136,17,17,"UDOWEJ A Warszawa, dnia 3 maja 1969"
MP,1969,18,1969-05-08,parser+ocr300,1969-05-08,ocr:warszawa,1969-05-08,,MP/1969/153,3,3," LUDOWEJ Warszawa, dnia 8 maja 1969"
MP,1969,19,1969-05-15,parser+ocr300,1969-05-15,ocr:warszawa,1969-05-15,,MP/1969/156,10,10," LUDOWEJ Warszawa, dnia 15 maja 1969"
MP,1969,20,1969-05-28,parser+ocr300,1969-05-28,ocr:warszawa,1969-05-28,,MP/1969/166,7,7," LUDOWEJ Warszawa, dnia 28 maja 1969"
MP,1969,21,1969-05-31,parser+ocr300,1969-05-31,text:warszawa,1969-05-31,,MP/1969/173,4,4," LUDOWEJ Warszawa, dnia 31 maja 1969"
MP,1969,22,1969-06-07,parser+ocr300,1969-06-07,ocr:warszawa,1969-06-07,,MP/1969/177,1,1," LUDOWEJ Warszawa, dnia 7 czerwca 1969"
MP,1969,23,1969-06-13,parser+ocr300,1969-06-13,ocr:warszawa,1969-06-13,,MP/1969/178,8,8," LUDOWEJ Warszawa, dnia 13 czerwca 1969"
MP,1969,24,1969-06-20,parser+ocr300,1969-06-20,text:warszawa,1969-06-20,,MP/1969/186,3,3,"UDOWEJ » Warszawa, dnia 20 czerwca 1969"
MP,1969,25,1969-06-24,parser+ocr300,1969-06-24,text:warszawa,1969-06-24,,MP/1969/189,9,9," LUDOWEJ Warszawa, dnia 24 czerwca 1969"
MP,1969,26,1969-06-28,parser+ocr300,1969-06-28,text:warszawa,1969-06-28,,MP/1969/198,3,3," LUDOWEJ Warszawa, dnia 28 czerwca 1969"
MP,1969,27,1969-07-01,parser+ocr300,1969-07-01,ocr:warszawa,1969-07-01,,MP/1969/201,19,19," LUDOWEJ Warszawa, dnia 1 lipca 1969"
MP,1969,28,1969-07-03,parser+ocr300,1969-07-03,ocr:warszawa,1969-07-03,,MP/1969/220,1,1," LUDOWEJ Warszawa, dnia 3 lipca 1969"
MP,1969,29,1969-07-09,obraz+parser,1969-07-09,ocr:warszawa,1969-07-09,1969-07-09,MP/1969/221,2,2," LUDOWEJ Warszawa, dnia 9 lipca 1969"
MP,1969,30,1969-07-10,parser+ocr300,1969-07-10,ocr:warszawa,1969-07-10,,MP/1969/223,4,4,"J LUDOWEJ Warszawa, dnia 10 lipca 1969"
MP,1969,31,1969-07-16,parser+ocr300,1969-07-16,ocr:warszawa,1969-07-16,,MP/1969/227,9,9,"UDOWEJ r Warszawa, dnia 16 lipca 1969"
MP,1969,32,1969-07-23,parser+ocr300,1969-07-23,text:warszawa,1969-07-23,,MP/1969/236,6,6,"LUDOWEJ \Varszawa, dnia 23 lipca 1969"
MP,1969,33,1969-07-29,parser+ocr300,1969-07-29,ocr:warszawa,1969-07-29,,MP/1969/242,5,5," LUDOWEJ Warszawa, dnia 29 lipca 1969"
MP,1969,34,1969-08-02,parser+ocr300,1969-08-02,text:warszawa,1969-08-02,,MP/1969/247,15,15,"J LUDOWEJ Warszawa, dnia 2 sierpnia 1969"
MP,1969,35,1969-08-14,parser+ocr300,1969-08-14,ocr:warszawa,1969-08-14,,MP/1969/262,8,8," LUDOWEJ Warszawa, dnia 14 sierpnia 1969"
MP,1969,36,1969-08-23,parser+ocr300,1969-08-23,text:warszawa,1969-08-23,,MP/1969/270,31,31,"J LUDOWEJ Warszawa, dnia 23 sierpnia 1969"
MP,1969,37,1969-08-29,parser+ocr300,1969-08-29,ocr:warszawa,1969-08-29,,MP/1969/301,10,10," LUDOWEJ Warszawa, dnia 29 sierpnia 1969"
MP,1969,38,1969-09-01,parser+ocr300,1969-09-01,text:warszawa,1969-09-01,,MP/1969/311,7,7," LUDOWEJ Warszawa, dnia l września 1969"
MP,1969,39,1969-09-11,parser+ocr300,1969-09-11,text:warszawa,1969-09-11,,MP/1969/318,11,11,"LUDOWEJ 'Varszawa, dnia 11 września 1969"
MP,1969,40,1969-09-17,parser+ocr300,1969-09-17,text:warszawa,1969-09-17,,MP/1969/329,6,6,"LUDOWEJ \Varszawa, dnia 17 września 1969"
MP,1969,41,1969-09-22,parser+ocr300,1969-09-22,ocr:warszawa,1969-09-22,,MP/1969/335,1,1," LUDOWE! Warszawa, dnia 22 września 1969"
MP,1969,42,1969-09-26,obraz+parser,1969-09-26,text:warszawa,1969-09-26,1969-09-26,MP/1969/336,4,4," LUDO frr Warszawa, dnia 26 września 1969"
MP,1969,43,1969-10-01,parser+ocr300,1969-10-01,ocr:warszawa,1969-10-01,,MP/1969/340,9,9," LUDOWEJ Warszawa, dnia 1 października 1969"
MP,1969,44,1969-10-10,parser+ocr300,1969-10-10,ocr:warszawa,1969-10-10,,MP/1969/349,8,8," LUDOWEJ Warszawa, dnia 10 października 1969"
MP,1969,45,1969-10-22,parser+ocr300,1969-10-22,text:warszawa,1969-10-22,,MP/1969/357,5,5,"LUD'OWEI Warszawa, dnia 22 października 1969"
MP,1969,46,1969-10-28,obraz+ocr300 (trzeci odczyt inny),1969-10-23,text:warszawa,1969-10-28,1969-10-28,MP/1969/362,5,5," LUDOWEJ Warszawa, dnia 23 października 1969"
MP,1969,47,1969-10-31,parser+ocr300,1969-10-31,text:warszawa,1969-10-31,,MP/1969/367,3,3,"J LUDOWEJ Warszawa, dnia 31 października 1969"
MP,1969,48,1969-11-10,parser+ocr300,1969-11-10,text:warszawa,1969-11-10,,MP/1969/370,5,5," LUDOWEJ Warszawa, dnia 10 listopada 1969"
MP,1969,49,1969-11-22,parser+ocr300,1969-11-22,text:warszawa,1969-11-22,,MP/1969/375,6,6,"R LUDOWIJ Warszawa, ' dnia 22 listopada 1969"
MP,1969,50,1969-12-01,parser+ocr300,1969-12-01,ocr:warszawa,1969-12-01,,MP/1969/381,10,10," LUDOWEJ Warszawa, dnia 1 grudnia 1969"
MP,1969,51,1969-12-09,parser+ocr300,1969-12-09,text:warszawa,1969-12-09,,MP/1969/391,14,14,"J LUDOWEJ Warszawa, dnia 9 grudnia 1969"
MP,1969,52,1969-12-19,parser+ocr300,1969-12-19,text:warszawa,1969-12-19,,MP/1969/405,15,15," LUDOWEJ Warszawa, dnia 19 grudnia 1969"
MP,1969,53,1969-12-31,parser+ocr300,1969-12-31,text:warszawa,1969-12-31,,MP/1969/420,7,7,"DOWEJ J , Warszaw'a , dnia 31 grudnia 1969"
MP,1970,1,1970-01-13,parser+ocr300,1970-01-13,text:warszawa,1970-01-13,,MP/1970/1,9,9," LUDOWEJ Warszawa, dnia 13 stycznia 1970"
MP,1970,2,1970-01-24,obraz+ocr300,,none,1970-01-24,1970-01-24,MP/1970/10,18,18,
MP,1970,3,1970-02-02,parser+ocr300,1970-02-02,text:warszawa,1970-02-02,,MP/1970/28,5,5,". LUDOWEJ Warszawa, dnia 2 lutego 1970"
MP,1970,4,1970-02-12,parser+ocr300,1970-02-12,text:warszawa,1970-02-12,,MP/1970/33,8,8,"J LUDOWEJ Warszawa, dnia 12 lutego 1970"
MP,1970,5,1970-02-19,obraz+parser,1970-02-19,text:warszawa,1970-02-19,1970-02-19,MP/1970/41,13,13,"LU DOWłJ Warszawa, dnia 19 lutego 1970"
MP,1970,6,1970-02-28,parser+ocr300,1970-02-28,text:warszawa,1970-02-28,,MP/1970/54,10,10,"J LUDOWEJ Warszawa, dnia 28 lutego 1970"
MP,1970,7,1970-03-06,obraz+parser,1970-03-06,text:warszawa,,1970-03-06,MP/1970/64,8,8,"WEJ Nr 7 Warszawa, dnia 6 marca 1970"
MP,1970,8,1970-03-17,parser+ocr300,1970-03-17,ocr:warszawa,1970-03-17,,MP/1970/72,4,4," LUDOWEJ Warszawa, dnia 17 marca 1970"
MP,1970,9,1970-04-01,obraz+ocr300,,none,1970-04-01,1970-04-01,MP/1970/76,9,9,
MP,1970,10,,bez odczytu (do obrazu),,none,,,MP/1970/85,6,6,
MP,1970,11,1970-04-15,parser+ocr300,1970-04-15,text:warszawa,1970-04-15,,MP/1970/91,12,12," LUDOWEJ \Varszawa, dnia 15 kwietnia 1970"
MP,1970,12,1970-04-22,parser+ocr300,1970-04-22,ocr:warszawa,1970-04-22,,MP/1970/103,8,8,"UDOWEJ 5 Warszawa, dnia 22 kwietnia 1970"
MP,1970,13,1970-05-02,parser+ocr300,1970-05-02,text:warszawa,1970-05-02,,MP/1970/111,5,5,"J lUDOWEJ Warszawa, dnia 2 maja 1970"
MP,1970,14,1970-05-16,parser+ocr300,1970-05-16,text:warszawa,1970-05-16,,MP/1970/116,8,8,"J LUDOWEJ Warszawa, dnia 16 maja 1970"
MP,1970,15,1970-05-26,parser+ocr300,1970-05-26,ocr:warszawa,1970-05-26,,MP/1970/124,8,8," A 251 a Warszawa, dnia 26 maja 1970"
MP,1970,16,1970-06-01,parser+ocr300,1970-06-01,text:warszawa,1970-06-01,,MP/1970/132,5,5,"J LUDOWEJ Warszawa, dnia l czerwca 1970"
MP,1970,17,1970-06-08,parser+ocr300,1970-06-08,ocr:warszawa,1970-06-08,,MP/1970/137,1,1," LUDOWEJ Warszawa, dnia 8 czerwca 1970"
MP,1970,18,1970-06-12,parser+ocr300,1970-06-12,text:warszawa,1970-06-12,,MP/1970/138,8,8,".LUDOWEJ Warszawa, dnia 12 czerwca 1970"
MP,1970,19,1970-06-22,obraz+ocr300,,none,1970-06-22,1970-06-22,MP/1970/146,5,5,
MP,1970,20,1970-07-03,parser+ocr300,1970-07-03,text:warszawa,1970-07-03,,MP/1970/151,23,23,"( Nr 20 Warszawa, dnia 3 lipca 1970"
MP,1970,21,1970-07-04,parser+ocr300,1970-07-04,text:warszawa,1970-07-04,,MP/1970/174,1,1,"J LUDOWEJ Warszawa, dnia 4 lipca 1970"
MP,1970,22,1970-07-13,parser+ocr300,1970-07-13,text:warszawa,1970-07-13,,MP/1970/175,7,7," LUDOWEJ Warszawa, dnia 13 lipca 1970"
MP,1970,23,1970-07-24,parser+ocr300,1970-07-24,ocr:warszawa,1970-07-24,,MP/1970/182,7,7," LUDOWEJ Warszawa, dnia 24 lipca 1970"
MP,1970,24,1970-08-01,parser+ocr300,1970-08-01,text:warszawa,1970-08-01,,MP/1970/189,12,12,"SPOLITEJ wars~awa, dnia l sierpnia 1970"
MP,1970,25,1970-08-08,parser+ocr300,1970-08-08,text:warszawa,1970-08-08,,MP/1970/201,14,14,"J LUDOWEJ Warszawa, dnia 8 sierpnia 1970"
MP,1970,26,1970-08-14,parser+ocr300,1970-08-14,text:warszawa,1970-08-14,,MP/1970/215,7,7,"J LUDOWEJ Warszawa, dnia 14 sierpnia 1970"
MP,1970,27,1970-08-22,parser+ocr300,1970-08-22,text:warszawa,1970-08-22,,MP/1970/222,11,11," LUDOWEJ Warszawa, dnia 22 sierpnia 1970"
MP,1970,28,1970-09-01,parser+ocr300,1970-09-01,text:warszawa,1970-09-01,,MP/1970/233,7,7,"J LUDOWEJ Warszawa, dnia l września 1970"
MP,1970,29,1970-09-11,parser+ocr300,1970-09-11,ocr:warszawa,1970-09-11,,MP/1970/240,8,8," LUDOWEJ Warszawa, dnia 11 września 1970"
MP,1970,30,1970-09-21,parser+ocr300,1970-09-21,ocr:warszawa,1970-09-21,,MP/1970/248,5,5," LUDOWEJ Warszawa, dnia 21 września 1970"
MP,1970,31,1970-09-25,parser+ocr300,1970-09-25,text:warszawa,1970-09-25,,MP/1970/253,5,5," LUDOWEJ Warszawa, dnia 25 września 1970"
MP,1970,32,1970-10-01,parser+ocr300,1970-10-01,ocr:warszawa,1970-10-01,,MP/1970/258,3,3,"Warszawa, dnia 1 października 1970"
MP,1970,33,1970-10-19,parser+ocr300,1970-10-19,text:warszawa,1970-10-19,,MP/1970/261,5,5,"J LUDOWEJ Warszawa, dnia 19 października 1970"
MP,1970,34,1970-10-26,parser+ocr300,1970-10-26,text:warszawa,1970-10-26,,MP/1970/266,6,6,"J lUDOWEJ Warszawa, dnia 26 października 1970"
MP,1970,35,1970-10-28,parser+ocr300,1970-10-28,text:warszawa,1970-10-28,,MP/1970/272,3,3,"LUDOWEJ • Warszawa, dnia 28 października 1970"
MP,1970,36,1970-10-31,parser+ocr300,1970-10-31,ocr:warszawa,1970-10-31,,MP/1970/275,3,3," LUDOWEJ Warszawa, dnia 31 października 1970"
MP,1970,37,1970-11-06,parser+ocr300,1970-11-06,text:warszawa,1970-11-06,,MP/1970/278,5,5," 'LUDIWEJ Warszawa, dnia 6 listopada 1970"
MP,1970,38,1970-11-13,parser+ocr300,1970-11-13,ocr:warszawa,1970-11-13,,MP/1970/283,2,2," LUDOWEJ Warszawa, dnia 13 listopada 1970"
MP,1970,39,1970-12-01,parser+ocr300,1970-12-01,ocr:warszawa,1970-12-01,,MP/1970/285,8,8," LUDOWEJ Warszawa, dnia 1 grudnia 1970"
MP,1970,40,1970-12-09,parser+ocr300,1970-12-09,text:warszawa,1970-12-09,,MP/1970/293,14,14," LUDOWEI ""Warszawa, dnia 9 grudnia 1970"
MP,1970,41,1970-12-12,parser+ocr300,1970-12-12,ocr:warszawa,1970-12-12,,MP/1970/307,8,8," LUDOWEJ Warszawa, dnia 12 grudnia 1970"
MP,1970,42,1970-12-18,parser+ocr300,1970-12-18,text:warszawa,1970-12-18,,MP/1970/315,12,12," LUD.OWEJ Warszawa, dnia 18 grudnia 1970"
MP,1970,43,1970-12-29,parser+ocr300,1970-12-29,text:warszawa,1970-12-29,,MP/1970/327,25,25,"~DOWY . Warszawa, dnia 29 grudnia 1970"
MP,1970,44,1970-12-31,parser+ocr300,1970-12-31,text:warszawa,1970-12-31,,MP/1970/352,4,4," LUDO,WEJ Warszawa, dnia 31 grudnia 1970"
MP,1971,1,1971-01-05,parser+ocr300,1971-01-05,ocr:warszawa,1971-01-05,,MP/1971/1,4,4," LUDOWEJ Warszawa, dnia 5 stycznia 1971"
MP,1971,2,1971-01-12,parser+ocr300,1971-01-12,ocr:warszawa,1971-01-12,,MP/1971/5,7,7," LUDOWEJ Warszawa, dnia 12 stycznia 1971"
MP,1971,3,1971-01-16,parser+ocr300,1971-01-16,text:warszawa,1971-01-16,,MP/1971/12,10,10," LUDOWEJ Warszawa, dnia 16 stycznia 1971"
MP,1971,4,1971-01-21,parser+ocr300,1971-01-21,ocr:warszawa,1971-01-21,,MP/1971/22,7,7," LUBGWEJ Warszawa, dnia 21 stycznia 1971"
MP,1971,5,1971-01-28,obraz+ocr300,,none,1971-01-28,1971-01-28,MP/1971/29,8,8,
MP,1971,6,1971-01-30,parser+ocr300,1971-01-30,text:warszawa,1971-01-30,,MP/1971/37,10,10,"J LUDOWEJ Warszawa, dnia 30 stycznia 1971"
MP,1971,7,1971-02-01,parser+ocr300,1971-02-01,ocr:warszawa,1971-02-01,,MP/1971/47,3,3," LUDOWEJ Warszawa, dnia I lutego 1971"
MP,1971,8,1971-02-08,parser+ocr300,1971-02-08,text:warszawa,1971-02-08,,MP/1971/50,9,9," LUDOWEJ Warszawa, . dnia 8 lutego 1971"
MP,1971,9,1971-02-12,obraz×2,,none,,1971-02-12 1971-02-12,MP/1971/59,5,5,
MP,1971,10,1971-02-15,parser+ocr300,1971-02-15,text:warszawa,1971-02-15,,MP/1971/64,3,3,"J LUDOWEJ Warszawa, dnia 15 lutego 1971"
MP,1971,11,1971-02-23,parser+ocr300,1971-02-23,text:warszawa,1971-02-23,,MP/1971/67,25,25,"J LUDOWEJ Warszawa, dnia 23 lutego 1971"
MP,1971,12,1971-02-25,parser+ocr300,1971-02-25,text:warszawa,1971-02-25,,MP/1971/92,3,3,"J LUDUWEJ Warszawa, dnia 25 lutego 1971"
MP,1971,13,1971-03-01,parser+ocr300,1971-03-01,text:warszawa,1971-03-01,,MP/1971/95,9,9," LUDOWEJ Warszawa, dnia l marca 1971"
MP,1971,14,1971-03-11,parser+ocr300,1971-03-11,text:warszawa,1971-03-11,,MP/1971/104,4,4,"LU'DOWEJ \Varszawa, dnia 11 marca 1971"
MP,1971,15,1971-03-13,parser+ocr300,1971-03-13,ocr:warszawa,1971-03-13,,MP/1971/108,5,5," LUDOWEJ Warszawa, dnia 13 marca 1971"
MP,1971,16,1971-03-19,parser+ocr300,1971-03-19,text:warszawa,1971-03-19,,MP/1971/113,7,7," LUDOWEJ \Varszawa, dnia 19 marca 1971"
MP,1971,17,1971-03-25,parser+ocr300,1971-03-25,ocr:warszawa,1971-03-25,,MP/1971/120,4,4," LUDOWEJ Warszawa, dnia 25 marca 1971"
MP,1971,18,1971-03-30,parser+ocr300,1971-03-30,text:warszawa,1971-03-30,,MP/1971/124,5,5," LUDoWEJ 'Varszawa, dnia 30 marca 1971"
MP,1971,19,1971-04-01,parser+ocr300,1971-04-01,text:warszawa,1971-04-01,,MP/1971/129,3,3,"J LUDOWEJ Warszawa, dnia l kwietnia 1971"
MP,1971,20,1971-04-06,parser+ocr300,1971-04-06,text:warszawa,1971-04-06,,MP/1971/132,5,5,"I LUDOWEl Warszawa, dnia 6 kwietnia 1971"
MP,1971,21,1971-04-15,parser+ocr300,1971-04-15,ocr:warszawa,1971-04-15,,MP/1971/137,4,4," LUDOWEJ Warszawa, dnia 15 kwietnia 1971"
MP,1971,22,1971-04-20,parser+ocr300,1971-04-20,text:warszawa,1971-04-20,,MP/1971/141,10,10," LUD OWEJ Warszawa, dnia 20 kwietnia 1971"
MP,1971,23,1971-04-26,parser+ocr300,1971-04-26,text:warszawa,1971-04-26,,MP/1971/151,4,4,"J LUDOWEJ Warszawa, dnia 26 kwietnia 1971"
MP,1971,24,,bez odczytu (do obrazu),,none,,,MP/1971/155,1,1,
MP,1971,25,,bez odczytu (do obrazu),,none,,,MP/1971/156,6,6,
MP,1971,26,1971-05-08,parser+ocr300,1971-05-08,ocr:warszawa,1971-05-08,,MP/1971/162,7,7,"LUDOWEJ ""Warszawa, dnia 8 maja 1971"
MP,1971,27,1971-05-13,parser+ocr300,1971-05-13,ocr:warszawa,1971-05-13,,MP/1971/169,11,11," LUDOWEJ Warszawa, dnia 13 maja 1971"
MP,1971,28,1971-05-18,obraz×2,,none,,1971-05-18 1971-05-18,MP/1971/180,2,2,
MP,1971,29,1971-05-28,parser+ocr300,1971-05-28,text:warszawa,1971-05-28,,MP/1971/182,9,9,"J LUDOWEJ Warszawa, dnia 28 maja 1971"
MP,1971,30,1971-06-01,parser+ocr300,1971-06-01,ocr:warszawa,1971-06-01,,MP/1971/191,4,4," LUDOWEJ Warszawa, dnia l czerwca 1971"
MP,1971,31,1971-06-08,parser+ocr300,1971-06-08,text:warszawa,1971-06-08,,MP/1971/195,6,6,"LUDOWE J \Varszawa, dnia 8 czerwca 1971"
MP,1971,32,1971-06-11,parser+ocr300,1971-06-11,ocr:warszawa,1971-06-11,,MP/1971/201,8,8," LUDOWEJ Warszawa, dnia 11 czerwca 1971"
MP,1971,33,1971-06-21,obraz+parser,1971-06-21,ocr:warszawa,,1971-06-21,MP/1971/209,6,6," LUDOWEJ Warszawa, dnia 21 czerwca 1971"
MP,1971,34,1971-06-30,obraz+parser,1971-06-30,text:warszawa,,1971-06-30,MP/1971/215,11,11,"EI ' , Warszawa, dnia 30 czerwca 1971"
MP,1971,35,1971-07-01,parser+ocr300,1971-07-01,ocr:warszawa,1971-07-01,,MP/1971/226,4,4,"J LUDOWEJ Warszawa, dnia 1 lipca 1971"
MP,1971,36,1971-07-07,parser+ocr300,1971-07-07,text:warszawa,1971-07-07,,MP/1971/230,8,8," LUDOWEJ Warszawa, dnia 7 lipca 1971"
MP,1971,37,1971-07-14,parser+ocr300,1971-07-14,ocr:warszawa,1971-07-14,,MP/1971/238,9,9,"Warszawa, dnia 14 lipca 1971"
MP,1971,38,1971-07-20,parser+ocr300,1971-07-20,ocr:warszawa,1971-07-20,,MP/1971/247,5,5,"J LUDOWEJ Warszawa, dnia 20 lipca 1971"
MP,1971,39,1971-07-24,parser+ocr300,1971-07-24,text:warszawa,1971-07-24,,MP/1971/252,4,4,"DOWEJ .. Warszę.wa, dnia 24 lipca 1971"
MP,1971,40,1971-08-02,parser+ocr300,1971-08-02,text:warszawa,1971-08-02,,MP/1971/256,3,3,"[U DOI El Warszawa, dnia 2 sierpnia 1971"
MP,1971,41,1971-08-07,parser+ocr300,1971-08-07,ocr:warszawa,1971-08-07,,MP/1971/259,6,6," LUDOWEJ Warszawa, dnia 7 sierpnia 1971"
MP,1971,42,1971-08-18,obraz+ocr300 (trzeci odczyt inny),1971-08-13,text:warszawa,1971-08-18,1971-08-18,MP/1971/265,7,7,"J LUDoWEJ Warszawa, dnia 13 sierpnia 1971"
MP,1971,43,1971-08-27,parser+ocr300,1971-08-27,text:warszawa,1971-08-27,,MP/1971/272,6,6," LUDOWEJ \Varszawa, dnia 27 sierpnia 1971"
MP,1971,44,1971-09-01,obraz+ocr300,,none,1971-09-01,1971-09-01,MP/1971/278,9,9,
MP,1971,45,1971-09-03,parser+ocr300,1971-09-03,ocr:warszawa,1971-09-03,,MP/1971/287,5,5," LUDOWEJ Warszawa, dnia 3 września 1971"
MP,1971,46,1971-09-11,parser+ocr300,1971-09-11,text:warszawa,1971-09-11,,MP/1971/292,12,12,"J LUDOWEJ Warszawa, dnia 11 września 1971"
MP,1971,47,1971-09-17,parser+ocr300,1971-09-17,text:warszawa,1971-09-17,,MP/1971/304,5,5,"L UD OWE] Warszawa, dnia 17 września 1971"
MP,1971,48,1971-09-29,parser+ocr300,1971-09-29,ocr:warszawa,1971-09-29,,MP/1971/309,6,6," LUDOWEJ Warszawa, dnia 29 września 1971"
MP,1971,49,1971-10-05,parser+ocr300,1971-10-05,text:warszawa,1971-10-05,,MP/1971/315,3,3," LUDOWEJ 'Varszawa, dnia 5 października 1971"
MP,1971,50,1971-10-15,parser+ocr300,1971-10-15,ocr:warszawa,1971-10-15,,MP/1971/318,4,4," LUDOWE) Warszawa, dnia 15 października 1971"
MP,1971,51,1971-10-30,parser+ocr300,1971-10-30,ocr:warszawa,1971-10-30,,MP/1971/322,11,11," LUDOWE) Warszawa, dnia 30 października 1971"
MP,1971,52,1971-11-08,parser+ocr300,1971-11-08,text:warszawa,1971-11-08,,MP/1971/333,10,10,"I LUDOWEJ Warszawa, dnia 8 listopada 1971"
MP,1971,53,1971-11-16,parser+ocr300,1971-11-16,ocr:warszawa,1971-11-16,,MP/1971/343,6,6," LUDOWEJ Warszawa, dnia 16 listopada 1971"
MP,1971,54,1971-11-29,parser+ocr300,1971-11-29,ocr:warszawa,1971-11-29,,MP/1971/349,11,11," LUDOWEJ Warszawa, dnia 29 listopada 1971"
MP,1971,55,1971-12-01,parser+ocr300,1971-12-01,ocr:warszawa,1971-12-01,,MP/1971/360,4,4," LUDOWEJ Warszawa, dnia 1 grudnia 1971"
MP,1971,56,1971-12-07,parser+ocr300,1971-12-07,text:warszawa,1971-12-07,,MP/1971/364,3,3,"ł LUDOWEJ Warsżawa, dnia 7 grudnia 1971"
MP,1971,57,1971-12-20,parser+ocr300,1971-12-20,text:warszawa,1971-12-20,,MP/1971/367,11,11,"U DO WEJ Warszawa, dnia 20 grudnia 1971"
MP,1971,58,1971-12-22,parser+ocr300,1971-12-22,text:warszawa,1971-12-22,,MP/1971/378,3,3,"LUDOWE J 'Varszawa, dnia 22 grudnia 1971"
MP,1971,59,1971-12-27,parser+ocr300,1971-12-27,ocr:warszawa,1971-12-27,,MP/1971/381,16,16," LUDOWEJ Warszawa, dnia 27 grudnia 1971"
MP,1971,60,1971-12-30,parser+ocr300,1971-12-30,ocr:warszawa,1971-12-30,,MP/1971/397,12,12," LUDOWEJ Warszawa, dnia 30 grudnia 1971"
MP,1972,1,1972-01-15,parser+ocr300,1972-01-15,ocr:warszawa,1972-01-15,,MP/1972/1,12,12," LUDOWEJ Warszawa, dnia 15 stycznia 1972"
MP,1972,2,1972-01-19,parser+ocr300,1972-01-19,ocr:warszawa,1972-01-19,,MP/1972/13,1,1," LUDOWEJ Warszawa, dnia 19 stycznia 1972"
MP,1972,3,1972-01-21,parser+ocr300,1972-01-21,text:warszawa,1972-01-21,,MP/1972/14,3,3,"JL UDOWEJ Warszawa, dnia 21 stycznia 1972"
MP,1972,4,1972-01-25,parser+ocr300,1972-01-25,text:warszawa,1972-01-25,,MP/1972/17,8,8," LUD.OWEJ Warszawa, dnia 25 stycznia 1972"
MP,1972,5,1972-01-28,parser+ocr300,1972-01-28,text:warszawa,1972-01-28,,MP/1972/25,11,11," LUDOWEJ ,W arszawa, dnia 28 stycznia 1972"
MP,1972,6,1972-02-01,parser+ocr300,1972-02-01,text:warszawa,1972-02-01,,MP/1972/36,8,8," UOO., Ef Warszawa,- dnia l lutego 1972"
MP,1972,7,1972-02-04,parser+ocr300,1972-02-04,text:warszawa,1972-02-04,,MP/1972/44,5,5,"J LUDOWEJ Warszawa, dnia 4 lutego 1972"
MP,1972,8,1972-02-08,parser+ocr300,1972-02-08,text:warszawa,1972-02-08,,MP/1972/49,10,10,") LUDOWEJ Warszawa, dnia 8 lutego 1972"
MP,1972,9,1972-02-14,parser+ocr300,1972-02-14,text:warszawa,1972-02-14,,MP/1972/59,11,11,"J LUDOWEJ Warszawa, dnia 14 lutego 1972"
MP,1972,10,1972-02-19,obraz+ocr300,,none,1972-02-19,1972-02-19,MP/1972/70,9,9,
MP,1972,11,1972-02-25,parser+ocr300,1972-02-25,text:warszawa,1972-02-25,,MP/1972/79,5,5,"J LUDOWEJ Warszawa, dnia 25 lutego 1972"
MP,1972,12,1972-02-28,parser+ocr300,1972-02-28,text:warszawa,1972-02-28,,MP/1972/84,4,4,"UDOWEJ -' Warsząwa, dnia 28 lutego 1972"
MP,1972,13,1972-03-01,parser+ocr300,1972-03-01,ocr:warszawa,1972-03-01,,MP/1972/88,6,6," LUDOWEJ Warszawa, dnia I marca 1972"
MP,1972,14,1972-03-07,parser+ocr300,1972-03-07,text:warszawa,1972-03-07,,MP/1972/94,4,4,"J Nr 14 Warszawa, dnia 7 marca 1972"
MP,1972,15,1972-03-11,parser+ocr300,1972-03-11,ocr:warszawa,1972-03-11,,MP/1972/98,6,6," LUDOWEJ Warszawa, dnia 11 marca 1972"
MP,1972,16,1972-03-21,parser+ocr300,1972-03-21,text:warszawa,1972-03-21,,MP/1972/104,6,6,"LUO'O'WEJ Warsz'awa, dnia 21 marca 1972"
MP,1972,17,1972-03-23,parser+ocr300,1972-03-23,text:warszawa,1972-03-23,,MP/1972/110,1,1,"I LUDOWEI Warszawa, dnia 23 marca 1972"
MP,1972,18,1972-03-25,parser+ocr300,1972-03-25,text:warszawa,1972-03-25,,MP/1972/111,4,4,"EI Nr 18 Warszawa, dnia 25 marca 1972"
MP,1972,19,1972-03-28,parser+ocr300,1972-03-28,text:warszawa,1972-03-28,,MP/1972/115,6,6,"J LUDOWEJ Warszawa, dnia 28 marca 1972"
MP,1972,20,1972-03-29,parser+ocr300,1972-03-29,ocr:warszawa,1972-03-29,,MP/1972/121,4,4," LUDOWEJ Warszawa, dnia 29 marca 1972"
MP,1972,21,1972-03-30,parser+ocr300,1972-03-30,text:warszawa,1972-03-30,,MP/1972/125,3,3,"J LUDOWEJ Warszawa, dnia 30 marca 1972"
MP,1972,22,1972-04-12,parser+ocr300,1972-04-12,text:warszawa,1972-04-12,,MP/1972/128,4,4,"J LUDOWEJ Warszawa, dnia 12 kwietnia 1972"
MP,1972,23,1972-04-17,parser+ocr300,1972-04-17,ocr:warszawa,1972-04-17,,MP/1972/132,4,4," LUDOWEJ Warszawa, dnia 17 kwietnia 1972"
MP,1972,24,1972-04-21,parser+ocr300,1972-04-21,ocr:warszawa,1972-04-21,,MP/1972/136,1,1," LUDOWEJ Warszawa, dnia 21 kwietnia 1972"
MP,1972,25,1972-04-25,parser+ocr300,1972-04-25,text:warszawa,1972-04-25,,MP/1972/137,8,8,"J Nr 25 Warszawa, dnia 25 kwietnia 1972"
MP,1972,26,1972-05-02,parser+ocr300,1972-05-02,text:warszawa,1972-05-02,,MP/1972/145,4,4," LUDOlEJ Warszawa, dnia 2 maja 1972"
MP,1972,27,1972-05-11,parser+ocr300,1972-05-11,ocr:warszawa,1972-05-11,,MP/1972/149,3,3," LUDOWEJ Warszawa, dnia 11 maja 1972"
MP,1972,28,1972-05-20,parser+ocr300,1972-05-20,ocr:warszawa,1972-05-20,,MP/1972/152,6,6,"R POLSKI Warszawa, dnia 20 maja 1972"
MP,1972,29,1972-05-29,parser+ocr300,1972-05-29,text:warszawa,1972-05-29,,MP/1972/158,5,5,"J LUDOWEJ Warszawa, dnia 29 maja 1972"
MP,1972,30,1972-06-06,obraz+parser,1972-06-06,ocr:warszawa,1972-06-06,1972-06-06,MP/1972/163,6,6," LUDOWEJ Warszawa, dnia 6 czerwca 1972"
MP,1972,31,1972-06-16,parser+ocr300,1972-06-16,ocr:warszawa,1972-06-16,,MP/1972/169,5,5," LUDOWEJ Warszawa, dnia 16 czerwca 1972"
MP,1972,32,1972-06-23,parser+ocr300,1972-06-23,text:warszawa,1972-06-23,,MP/1972/174,6,6," LUDOWEJ Warszawa, dnia 23 czerwca 1972"
MP,1972,33,1972-06-29,parser+ocr300,1972-06-29,text:warszawa,1972-06-29,,MP/1972/180,6,6,"J -Nr 33 Warszawa, dnia 29 czerwca 1972"
MP,1972,34,1972-07-08,parser+ocr300,1972-07-08,ocr:warszawa,1972-07-08,,MP/1972/186,3,3," LUDOWEJ Warszawa, dnia 8 lipca 1972"
MP,1972,35,1972-07-11,parser+ocr300,1972-07-11,ocr:warszawa,1972-07-11,,MP/1972/189,9,9," LUDOWEJ Warszawa, dnia 11 lipca 1972"
MP,1972,36,1972-07-24,parser+ocr300,1972-07-24,ocr:warszawa,1972-07-24,,MP/1972/198,8,8," LUDOWEJ Warszawa, dnia 24 lipca 1972"
MP,1972,37,1972-07-25,parser+ocr300,1972-07-25,ocr:warszawa,1972-07-25,,MP/1972/206,3,3," LUDOWE) Warszawa, dnia 25 lipca 1972"
MP,1972,38,1972-08-02,parser+ocr300,1972-08-02,text:warszawa,1972-08-02,,MP/1972/209,4,4,"UDOWEJ ' Warszawa, dnia 2 sierpnia 1972"
MP,1972,39,1972-08-09,parser+ocr300,1972-08-09,ocr:warszawa,1972-08-09,,MP/1972/213,5,5,"R POLSKI Warszawa, dnia 9 sierpnia 1972"
MP,1972,40,1972-08-18,parser+ocr300,1972-08-18,text:warszawa,1972-08-18,,MP/1972/218,5,5," LUDOIEJ Warszawa, dnia 18 sierpnia 1972"
MP,1972,41,1972-08-26,parser+ocr300,1972-08-26,ocr:warszawa,1972-08-26,,MP/1972/223,5,5," LUDOWEJ Warszawa, dnia 26 sierpnia 1972"
MP,1972,42,1972-08-29,parser+ocr300,1972-08-29,ocr:warszawa,1972-08-29,,MP/1972/228,4,4," LUDOWEJ Warszawa, dnia 29 sierpnia 1972"
MP,1972,43,1972-09-09,parser+ocr300,1972-09-09,text:warszawa,1972-09-09,,MP/1972/232,2,2," LUDOWEJ Warszawa, dnia 9 września 1972"
MP,1972,44,1972-09-18,parser+ocr300,1972-09-18,ocr:warszawa,1972-09-18,,MP/1972/234,5,5," LUDOWEJ Warszawa, dnia 18 września 1972"
MP,1972,45,1972-09-30,obraz+parser,1972-09-30,ocr:warszawa,1972-09-30,1972-09-30 1972-09-30,MP/1972/239,13,13," LUDOWEJ Warszawa, dnia 30 września 1972"
MP,1972,46,1972-10-09,parser+ocr300,1972-10-09,ocr:warszawa,1972-10-09,,MP/1972/252,3,3," LUDOWEJ Warszawa, dnia 9 października 1972"
MP,1972,47,1972-10-20,parser+ocr300,1972-10-20,text:warszawa,1972-10-20,,MP/1972/255,3,3,"l LUDOWEJ Warszawa, dnia 20 października 1972"
MP,1972,48,1972-10-28,obraz+parser,1972-10-28,ocr:warszawa,1972-10-28,1972-10-28,MP/1972/258,2,2," LUDOWEJ Warszawa, dnia 28 października 1972"
MP,1972,49,1972-11-06,parser+ocr300,1972-11-06,ocr:warszawa,1972-11-06,,MP/1972/260,5,5,"OWEJ IE: Warszawa, dnia 6 listopada 1972"
MP,1972,50,1972-11-15,parser+ocr300,1972-11-15,text:warszawa,1972-11-15,,MP/1972/265,5,5,"J LUDOWEJ Warszawa, dnia 15 listopada 1972"
MP,1972,51,1972-11-18,parser+ocr300,1972-11-18,ocr:warszawa,1972-11-18,,MP/1972/270,4,4," LUDOWEJ Warszawa, dnia 18 listopada 1972"
MP,1972,52,1972-11-25,parser+ocr300,1972-11-25,text:warszawa,1972-11-25,,MP/1972/274,6,6," LUDOWEJ 'Warszawa, dnia 25 listopada 1972"
MP,1972,53,1972-12-08,parser+ocr300,1972-12-08,text:warszawa,1972-12-08,,MP/1972/280,8,8,"LUDOWEJ -Warszawa, dnia 8 grudnia 1972"
MP,1972,54,1972-12-13,parser+ocr300,1972-12-13,text:warszawa,1972-12-13,,MP/1972/288,5,5,"I LUDOWEI Warszawa, . dnia 13 grudnia 1972"
MP,1972,55,1972-12-18,parser+ocr300,1972-12-18,ocr:warszawa,1972-12-18,,MP/1972/293,3,3," LUDOWEJ Warszawa, dnia 18 grudnia 1972"
MP,1972,56,1972-12-28,parser+ocr300,1972-12-28,text:warszawa,1972-12-28,,MP/1972/296,6,6," LUDOWEJ \Varszawa, dnia 28 grudnia 1972"
MP,1972,57,1972-12-29,parser+ocr300,1972-12-29,text:warszawa,1972-12-29,,MP/1972/302,9,9,"J LUDOWEJ Warsząwa, dnia 29 grudnia 1972"
MP,1972,58,1972-12-30,parser+ocr300,1972-12-30,ocr:warszawa,1972-12-30,,MP/1972/311,2,2," LUDOWEJ Warszawa, dnia 30 grudnia 1972"
MP,1973,1,1973-01-12,parser+ocr300,1973-01-12,ocr:warszawa,1973-01-12,,MP/1973/1,6,6," LUDOWEJ Warszawa, dnia 12 stycznia 1973"
MP,1973,2,1973-01-16,parser+ocr300,1973-01-16,text:warszawa,1973-01-16,,MP/1973/7,9,9,"LUDOWEJ 'Varszawa, dnia 16 stycznia 1973"
MP,1973,3,1973-01-27,parser+ocr300,1973-01-27,text:warszawa,1973-01-27,,MP/1973/16,8,8,"WEJ Nr3 Warszawa, dnia 27 stycznia 1973"
MP,1973,4,1973-02-03,parser+ocr300,1973-02-03,text:warszawa,1973-02-03,,MP/1973/24,9,9,"WY Nr 4 Warszawa, dnia 3 lutego 1973"
MP,1973,5,1973-02-09,parser+ocr300,1973-02-09,text:warszawa,1973-02-09,,MP/1973/33,6,6,"EJ Nr 5 Warszawa, dnia 9 lutego 1973"
MP,1973,6,1973-02-13,parser+ocr300,1973-02-13,text:warszawa,1973-02-13,,MP/1973/39,5,5,"J Nr 6 'Warszawa, dnia 13 lutego 1973"
MP,1973,7,1973-02-16,parser+ocr300,1973-02-16,ocr:warszawa,1973-02-16,,MP/1973/44,6,6," LUDOWEJ Warszawa, dnia 16 lutego 1973"
MP,1973,8,1973-02-20,parser+ocr300,1973-02-20,text:warszawa,1973-02-20,,MP/1973/50,4,4,"J LUDOWEJ Warszawa, dnia 20 lutego 1973"
MP,1973,9,1973-02-24,parser+ocr300,1973-02-24,text:warszawa,1973-02-24,,MP/1973/54,5,5," LUDOWEJ Warszawa, dnia 24 lutego 1973"
MP,1973,10,1973-02-28,parser+ocr300,1973-02-28,text:warszawa,1973-02-28,,MP/1973/59,4,4,"LUDOWEJ 'Varszama, dnia 28 lutego 1973"
MP,1973,11,1973-03-07,parser+ocr300,1973-03-07,text:warszawa,1973-03-07,,MP/1973/63,6,6," LUDOWEJ Warszawa, dnia 7 marca 1973"
MP,1973,12,1973-03-21,parser+ocr300,1973-03-21,text:warszawa,1973-03-21,,MP/1973/69,9,9," LUDOWEJ Warszawa, dnia 21 marca 1973"
MP,1973,13,1973-03-24,parser+ocr300,1973-03-24,text:warszawa,1973-03-24,,MP/1973/78,6,6," LUDOWEJ Warszawa, dnia 24 marca 1973"
MP,1973,14,1973-03-30,parser+ocr300,1973-03-30,text:warszawa,1973-03-30,,MP/1973/84,9,9,"J Nr 14 Warszawa, dnia 30 marca 1973"
MP,1973,15,1973-03-31,parser+ocr300,1973-03-31,text:warszawa,1973-03-31,,MP/1973/93,4,4,"J Nr 15 Warszawa, dnia 31 marca 1973"
MP,1973,16,1973-04-07,parser+ocr300,1973-04-07,text:warszawa,1973-04-07,,MP/1973/97,5,5," LUDOWEJ Warszawa,. dnia 7 kwietnia 1973"
MP,1973,17,1973-04-12,parser+ocr300,1973-04-12,text:warszawa,1973-04-12,,MP/1973/102,8,8," LUDOWEJ Warszawa, dnia 12 kwietnia 1973"
MP,1973,18,1973-04-17,parser+ocr300,1973-04-17,text:warszawa,1973-04-17,,MP/1973/110,3,3,"J Nr 18 Warszawa, dnia 17 kwietnia 1973"
MP,1973,19,1973-04-21,parser+ocr300,1973-04-21,text:warszawa,1973-04-21,,MP/1973/113,5,4,"J LUDOWEJ Warszawa, dnia 21 kwietnia 1973"
MP,1973,20,1973-04-30,parser+ocr300,1973-04-30,text:warszawa,1973-04-30,,MP/1973/118,4,4,"J Nr 20 Warszawa, dnia 30 kwietnia 1973"
MP,1973,21,1973-05-12,parser+ocr300,1973-05-12,text:warszawa,1973-05-12,,MP/1973/122,5,5,"J Nr 21 Warszawa, dnia 12 maja 1973"
MP,1973,22,1973-05-19,parser+ocr300,1973-05-19,text:warszawa,1973-05-19,,MP/1973/127,10,10,"J Nr 22 Warszawa, dnia 19 maja 1973"
MP,1973,23,1973-05-26,obraz+parser,1973-05-26,text:warszawa,,1973-05-26,MP/1973/137,10,10,"J Nr 23 Warszawa, dnia 26 maja 1973"
MP,1973,24,1973-05-30,parser+ocr300,1973-05-30,text:warszawa,1973-05-30,,MP/1973/147,4,4,"J Nr 24 Warszawa, dnia 30 maja 1973"
MP,1973,25,1973-06-06,parser+ocr300,1973-06-06,text:warszawa,1973-06-06,,MP/1973/151,6,6," LUO-DWEJ Warszawa, dnia 6 czerwca 1973"
MP,1973,26,1973-06-16,parser+ocr300,1973-06-16,text:warszawa,1973-06-16,,MP/1973/157,5,5," LUDOWEJ \Varszawa, dnia 16 czerwca 1973"
MP,1973,27,1973-06-29,parser+ocr300,1973-06-29,text:warszawa,1973-06-29,,MP/1973/162,14,14,"J Nr 27 Warszawa, dnia 29 czerwca 1973"
MP,1973,28,1973-07-03,parser+ocr300,1973-07-03,text:warszawa,1973-07-03,,MP/1973/176,5,5,"LUDOWEJ \'Varszawa, dnia 3 lipca 1973"
MP,1973,29,1973-07-06,parser+ocr300,1973-07-06,text:warszawa,1973-07-06,,MP/1973/181,5,5,"J Nr 29 Warszawa, dnia 6 lipca 1973"
MP,1973,30,1973-07-09,parser+ocr300,1973-07-09,text:warszawa,1973-07-09,,MP/1973/186,4,4,"J Nr 30 Warszawa, dnia 9 lipca 1973"
MP,1973,31,1973-07-17,parser+ocr300,1973-07-17,ocr:warszawa,1973-07-17,,MP/1973/190,3,3," LUDOWEJ Warszawa, dnia 17 lipca 1973"
MP,1973,32,1973-07-30,parser+ocr300,1973-07-30,text:warszawa,1973-07-30,,MP/1973/193,7,7," Nr 32 'Varszawa, dnia 30 lipca 1973"
MP,1973,33,1973-08-03,parser+ocr300,1973-08-03,ocr:warszawa,1973-08-03,,MP/1973/200,5,5," LUDOWEJ Warszawa, dnia 3 sierpnia 1973"
MP,1973,34,1973-08-09,parser+ocr300,1973-08-09,text:warszawa,1973-08-09,,MP/1973/205,4,4,"EJ Nr34 Warszawa, dnia 9 sierpnia 1973"
MP,1973,35,1973-08-21,parser+ocr300,1973-08-21,text:warszawa,1973-08-21,,MP/1973/209,9,9," LUDOWEJ Warszawa, dnia 21 sierpnia 1973"
MP,1973,36,1973-08-28,parser+ocr300,1973-08-28,text:warszawa,1973-08-28,,MP/1973/218,7,7,"J Nr 36 Warszawa, dnia 28 sierpnia 1973"
MP,1973,37,1973-09-03,parser+ocr300,1973-09-03,text:warszawa,1973-09-03,,MP/1973/225,4,4,"UDOWEJ , Warszawa, dnia 3 września 1973"
MP,1973,38,1973-09-11,parser+ocr300,1973-09-11,ocr:warszawa,1973-09-11,,MP/1973/229,5,5," LUDOWEJ Warszawa, dnia 1l września 1973"
MP,1973,39,1973-09-18,parser+ocr300,1973-09-18,text:warszawa,1973-09-18,,MP/1973/234,5,5,"J Nr 39 Warszawa, dnia 18 września 1973"
MP,1973,40,1973-09-25,parser+ocr300,1973-09-25,text:warszawa,1973-09-25,,MP/1973/239,5,5,"J Nr 40 Warszawa, dnia 25 września 1973"
MP,1973,41,1973-09-29,parser+ocr300,1973-09-29,text:warszawa,1973-09-29,,MP/1973/244,5,5," Nr 41 , Warszawa, dnia 29 września 1973"
MP,1973,42,1973-10-05,parser+ocr300,1973-10-05,text:warszawa,1973-10-05,,MP/1973/249,7,7,"J Nr 42 Warszawa, dnia 5 października 1973"
MP,1973,43,1973-10-08,parser+ocr300,1973-10-08,text:warszawa,1973-10-08,,MP/1973/256,4,4," LUDOWEJ Warszawa, dnia 8 października 1973"
MP,1973,44,1973-10-17,parser+ocr300,1973-10-17,text:warszawa,1973-10-17,,MP/1973/260,2,2,"J Nr 44 Warszawa, dnia 17 października 1973"
MP,1973,45,1973-10-19,obraz+parser,1973-10-19,text:warszawa,1973-10-19,1973-10-19,MP/1973/262,1,1,"J LUDOWEJ Warszawa, dnia 19 października 1973"
MP,1973,46,1973-10-30,parser+ocr300,1973-10-30,text:warszawa,1973-10-30,,MP/1973/263,4,4,"J Nr 46 Warszawa, dnia 30 października 1973"
MP,1973,47,1973-11-02,parser+ocr300,1973-11-02,text:warszawa,1973-11-02,,MP/1973/267,1,1," LUDOWEJ Warszawa, dnia 2 listopada 1973"
MP,1973,48,1973-11-06,parser+ocr300,1973-11-06,text:warszawa,1973-11-06,,MP/1973/268,2,2," LUDOWEJ Warszawa, dnia 6 listopada 1973"
MP,1973,49,1973-11-15,parser+ocr300,1973-11-15,text:warszawa,1973-11-15,,MP/1973/270,8,8," Nr 49 'Warszawa, dnia 15 listopada 1973"
MP,1973,50,1973-11-26,parser+ocr300,1973-11-26,text:warszawa,1973-11-26,,MP/1973/278,10,10," LUDOWEJ Warszawa, dnia 26 listopada 1973"
MP,1973,51,1973-12-07,parser+ocr300,1973-12-07,text:warszawa,1973-12-07,,MP/1973/288,2,2,"J LUDOWEJ Warszawa, dnia 7 grudnia 1973"
MP,1973,52,1973-12-08,parser+ocr300,1973-12-08,text:warszawa,1973-12-08,,MP/1973/290,7,7," LUDOWEJ Warszawa, dnia 8 grudnia 1973"
MP,1973,53,1973-12-14,parser+ocr300,1973-12-14,text:warszawa,1973-12-14,,MP/1973/297,4,4,"J Nr 53 Warszawa, dnia 14 grudnia 1973"
MP,1973,54,1973-12-18,parser+ocr300,1973-12-18,text:warszawa,1973-12-18,,MP/1973/301,3,3,"J LUDOWEJ Warszawa, dnia 18 grudnia 1973"
MP,1973,55,1973-12-22,parser+ocr300,1973-12-22,text:warszawa,1973-12-22,,MP/1973/304,9,9,"J Nr 55 Warszawa, dnia 22 grudnia 1973"
MP,1973,56,1973-12-29,parser+ocr300,1973-12-29,text:warszawa,1973-12-29,,MP/1973/313,10,10,"J Nr 56 Warszawa, dnia 29 grudnia 1973"
MP,1973,57,1973-12-31,parser+ocr300,1973-12-31,text:warszawa,1973-12-31,,MP/1973/323,4,4,"J LUDOWEJ Warszawa, dnia 31 grudnia 1973"
MP,1974,1,1974-01-09,parser+ocr300,1974-01-09,ocr:warszawa,1974-01-09,,MP/1974/1,8,8," LUDOWEJ Warszawa, dnia 9 stycznia 1974"
MP,1974,2,1974-01-16,obraz+parser,1974-01-16,ocr:warszawa,1974-01-16,1974-01-16 1974-01-16,MP/1974/9,6,6," LUDOWEJ Warszawa, dnia 16 stycznia 1974"
MP,1974,3,1974-01-22,parser+ocr300,1974-01-22,text:warszawa,1974-01-22,,MP/1974/15,6,6,"WEJ Nr3 Warszawa, -dnia 22 stycznia 1974"
MP,1974,4,1974-01-24,parser+ocr300,1974-01-24,text:warszawa,1974-01-24,,MP/1974/21,9,9,"J LUDOWEJ Warszawa, dnia 24 stycznia 1974"
MP,1974,5,1974-01-31,parser+ocr300,1974-01-31,text:warszawa,1974-01-31,,MP/1974/30,8,8,"UDOWEJ \'Varszawa, dnia 31 stycznia 1974"
MP,1974,6,1974-02-13,parser+ocr300,1974-02-13,text:warszawa,1974-02-13,,MP/1974/38,10,10,"WEJ Nr6 Warszawa, dnia 13 lutego 1974"
MP,1974,7,1974-02-27,parser+ocr300,1974-02-27,text:warszawa,1974-02-27,,MP/1974/48,7,7," LUDOWEJ Warszawa, dnia 27 lutego 1974"
MP,1974,8,1974-03-11,parser+ocr300,1974-03-11,text:warszawa,1974-03-11,,MP/1974/55,10,10," LUDOWEJ Warszawa, dnia 11 marca 1974"
MP,1974,9,1974-03-21,parser+ocr300,1974-03-21,text:warszawa,1974-03-21,,MP/1974/65,8,8,"WEJ Nr9 Warszawa, dnia 21 marca 1974"
MP,1974,10,1974-03-29,parser+ocr300,1974-03-29,text:warszawa,1974-03-29,,MP/1974/73,9,9,"J Nr 10 Warszawa, dnia 29 marca 1974"
MP,1974,11,1974-04-04,parser+ocr300,1974-04-04,text:warszawa,1974-04-04,,MP/1974/82,4,4,"J Nr 11 Warszawa, dnia 4 kwietnia 1974"
MP,1974,12,1974-04-11,parser+ocr300,1974-04-11,text:warszawa,1974-04-11,,MP/1974/86,5,5,"DOWEJ . 'Varszawa, dnia 11 kwietnia 1974"
MP,1974,13,1974-04-20,parser+ocr300,1974-04-20,text:warszawa,1974-04-20,,MP/1974/91,3,3,"J Nr 13 Warszawa, dnia 20 kwietnia 1974"
MP,1974,14,1974-04-26,parser+ocr300,1974-04-26,text:warszawa,1974-04-26,,MP/1974/94,1,1,"J LUDOWEJ Warszawa, dnia 26 kwietnia 1974"
MP,1974,15,1974-04-30,obraz×2,,none,,1974-04-30 1974-04-30,MP/1974/95,6,6,
MP,1974,16,1974-05-06,parser+ocr300,1974-05-06,ocr:warszawa,1974-05-06,,MP/1974/101,3,3,"J LUDOWEJ Warszawa, dnia 6 maja 1974"
MP,1974,17,1974-05-11,parser+ocr300,1974-05-11,text:warszawa,1974-05-11,,MP/1974/104,4,4," Nr 17 \Varszawa, dnia 11 maja 1974"
MP,1974,18,1974-05-17,parser+ocr300,1974-05-17,text:warszawa,1974-05-17,,MP/1974/108,4,4," LUDOWEJ Warszawa, dnia 17 maja 1974"
MP,1974,19,1974-05-31,parser+ocr300,1974-05-31,text:warszawa,1974-05-31,,MP/1974/112,4,4,"J Nr 19 Warszawa, dnia 31 maja 1974"
MP,1974,20,1974-06-03,parser+ocr300,1974-06-03,ocr:warszawa,1974-06-03,,MP/1974/116,6,6," LUDOWEJ Warszawa, dnia 3 czerwca 1974"
MP,1974,21,1974-06-07,parser+ocr300,1974-06-07,text:warszawa,1974-06-07,,MP/1974/122,5,5,"J LUDOWEJ Warszawa, dnia 7 czerwca 1974"
MP,1974,22,1974-06-15,parser+ocr300,1974-06-15,text:warszawa,1974-06-15,,MP/1974/127,5,5,"J Nr 22 Warszawa, dnia 15 czerwca 1974"
MP,1974,23,1974-06-22,parser+ocr300,1974-06-22,text:warszawa,1974-06-22,,MP/1974/132,7,7,"J LUDOWEJ Warszawa, dnia 22 czerwca 1974"
MP,1974,24,1974-06-29,parser+ocr300,1974-06-29,text:warszawa,1974-06-29,,MP/1974/139,8,8,"LUDOWEJ 'Varszawa, dnia 29 czerwca 1974"
MP,1974,25,1974-07-11,parser+ocr300,1974-07-11,text:warszawa,1974-07-11,,MP/1974/147,5,5," LUDOWEJ Warszawa, dnia 11 lipca 1974"
MP,1974,26,1974-07-19,parser+ocr300,1974-07-19,text:warszawa,1974-07-19,,MP/1974/152,7,7,"J Nr 26 Warszawa, dnia 19 lipca 1974"
MP,1974,27,1974-07-30,parser+ocr300,1974-07-30,text:warszawa,1974-07-30,,MP/1974/159,5,5," LUDOWEJ Warszawa, dnia 30 lipca 1974"
MP,1974,28,1974-08-09,parser+ocr300,1974-08-09,text:warszawa,1974-08-09,,MP/1974/164,10,10,"J Nr 28 Warszawa, dnia 9 sierpnia 1974"
MP,1974,29,1974-08-28,parser+ocr300,1974-08-28,text:warszawa,1974-08-28,,MP/1974/174,7,7,"J Nr 29 Warszawa, dnia 28 sierpnia 1974"
MP,1974,30,1974-09-06,parser+ocr300,1974-09-06,text:warszawa,1974-09-06,,MP/1974/181,4,4," LUDOWEJ Warszawa, dnia 6 września 1974"
MP,1974,31,1974-09-20,parser+ocr300,1974-09-20,text:warszawa,1974-09-20,,MP/1974/185,5,5,"J Nr 31 Warszawa, dnia 20 września 1974"
MP,1974,32,1974-09-24,parser+ocr300,1974-09-24,ocr:warszawa,1974-09-24,,MP/1974/190,5,5," LUDOWEJ Warszawa, dnia 24 września 1974"
MP,1974,33,1974-09-30,parser+ocr300,1974-09-30,text:warszawa,1974-09-30,,MP/1974/195,4,4,"J Nr 33 Warszawa, dnia 30 września 1974"
MP,1974,34,1974-10-11,parser+ocr300,1974-10-11,text:warszawa,1974-10-11,,MP/1974/199,5,5,"J Nr 34 Warszawa, dnia 11 października 1974"
MP,1974,35,1974-10-21,parser+ocr300,1974-10-21,ocr:warszawa,1974-10-21,,MP/1974/204,4,4," LUDOWEJ Warszawa, dnia 21 października 1974"
MP,1974,36,1974-10-31,parser+ocr300,1974-10-31,text:warszawa,1974-10-31,,MP/1974/208,5,5,"J lUDOWE1 Warszawa, dnia 31 października 1974"
MP,1974,37,1974-11-12,parser+ocr300,1974-11-12,text:warszawa,1974-11-12,,MP/1974/213,2,2,".LUDOWEJ Warszawa, dnia 12 listopada 1974"
MP,1974,38,1974-11-22,parser+ocr300,1974-11-22,text:warszawa,1974-11-22,,MP/1974/215,5,5," LUDOWEJ Warszawa, dnia 22 listopada 1974"
MP,1974,39,1974-11-26,parser+ocr300,1974-11-26,text:warszawa,1974-11-26,,MP/1974/220,12,12,"J Nr 39 Warszawa, dnia 26 listopada 1974"
MP,1974,40,1974-12-10,parser+ocr300,1974-12-10,text:warszawa,1974-12-10,,MP/1974/232,5,5,"J Nr 40 Warszawa, dnia 10 grudnia 1974"
MP,1974,41,1974-12-19,parser+ocr300,1974-12-19,text:warszawa,1974-12-19,,MP/1974/237,9,9,"J LUDOWEJ Warszawa, dnia 19 grudnia 1974"
MP,1974,42,1974-12-31,parser+ocr300,1974-12-31,text:warszawa,1974-12-31,,MP/1974/246,22,22," LUDOWEJ Warszawa, dnia 31 grudnia 1974"
MP,1975,1,1975-01-11,parser+ocr300,1975-01-11,ocr:warszawa,1975-01-11,,MP/1975/1,6,6," LUDOWEJ Warszawa, dnia 11 stycznia 1975"
MP,1975,2,1975-01-24,parser+ocr300,1975-01-24,text:warszawa,1975-01-24,,MP/1975/7,8,8," LUDOWEJ Warszawa, dnia 24 stycznia 1975"
MP,1975,3,1975-01-31,parser+ocr300,1975-01-31,text:warszawa,1975-01-31,,MP/1975/15,3,3,"LUDO\VEJ Warszawa, dnia 31 stycznia 1975"
MP,1975,4,1975-02-01,parser+ocr300,1975-02-01,text:warszawa,1975-02-01,,MP/1975/18,5,5,"J Nr 4"" Warszawa, dnia l lutego 1975"
MP,1975,5,1975-02-25,parser+ocr300,1975-02-25,text:warszawa,1975-02-25,,MP/1975/23,8,8," LUDOWEJ Warszawa, dnia 25 lutego 1975"
MP,1975,6,1975-02-28,parser+ocr300,1975-02-28,text:warszawa,1975-02-28,,MP/1975/31,6,6," LUDOWEJ Warszawa, dnia 28 lutego 1975"
MP,1975,7,1975-03-06,parser+ocr300,1975-03-06,text:warszawa,1975-03-06,,MP/1975/37,6,6,"SPOLlTEJ Warszawa, dnia 6 marca 1975"
MP,1975,8,1975-03-11,parser+ocr300,1975-03-11,text:warszawa,1975-03-11,,MP/1975/43,3,3,"J LUDOWEJ Warszawa, dnia 11 marca 1975"
MP,1975,9,1975-03-20,parser+ocr300,1975-03-20,ocr:warszawa,1975-03-20,,MP/1975/46,7,7," LUDOWEJ Warszawa, dnia 20 marca 1975"
MP,1975,10,1975-03-28,parser+ocr300,1975-03-28,text:warszawa,1975-03-28,,MP/1975/53,7,7,"J Nr 10 Warszawa, dnia 28 marca 1975"
MP,1975,11,1975-04-08,parser+ocr300,1975-04-08,text:warszawa,1975-04-08,,MP/1975/60,5,5," LUDOWEJ Warszawa, dnia 8 kwietnia 1975"
MP,1975,12,1975-04-16,parser+ocr300,1975-04-16,text:warszawa,1975-04-16,,MP/1975/65,6,6,"J Nr 12 Warszawa, dnia 16 kwietnia 1975"
MP,1975,13,1975-04-25,parser+ocr300,1975-04-25,text:warszawa,1975-04-25,,MP/1975/71,9,9,"J Nr 13 Warszawa, dnia 25 kwietnia 1975"
MP,1975,14,1975-05-07,parser+ocr300,1975-05-07,text:warszawa,1975-05-07,,MP/1975/80,7,7," LUDOWEJ Warszawa, dnia 7 maja 1975"
MP,1975,15,1975-05-14,parser+ocr300,1975-05-14,ocr:warszawa,1975-05-14,,MP/1975/87,3,3," LUDOWEJ Warszawa, dnia 14 maja 1975"
MP,1975,16,1975-05-28,parser+ocr300,1975-05-28,text:warszawa,1975-05-28,,MP/1975/90,13,13,"J Nr 16 Warszawa, dnia 28 maja 1975"
MP,1975,17,1975-06-04,parser+ocr300,1975-06-04,text:warszawa,1975-06-04,,MP/1975/103,10,10,"J Nr 17 Warszawa, dnia 4 czerwca 1975"
MP,1975,18,1975-06-07,parser+ocr300,1975-06-07,ocr:warszawa,1975-06-07,,MP/1975/113,1,1," LUDOWEJ Warszawa, dnia 7 czerwca 1975"
MP,1975,19,1975-06-17,parser+ocr300,1975-06-17,text:warszawa,1975-06-17,,MP/1975/114,6,6,"J Nr 19 Warszawa, dnia 17 czerwca 1975"
MP,1975,20,1975-06-28,parser+ocr300,1975-06-28,text:warszawa,1975-06-28,,MP/1975/120,4,4,"J Nr 20 Warszawa, dnia 28 czerwca 1975"
MP,1975,21,1975-07-03,parser+ocr300,1975-07-03,text:warszawa,1975-07-03,,MP/1975/124,11,11,"J Nr 21 Warszawa, dnia 3 lipca 1975"
MP,1975,22,1975-07-19,parser+ocr300,1975-07-19,text:warszawa,1975-07-19,,MP/1975/135,8,8,"J Nr 22 Warszawa, dnia 19 lipca 1975"
MP,1975,23,1975-07-31,parser+ocr300,1975-07-31,text:warszawa,1975-07-31,,MP/1975/143,9,9,"J Nr 23 Warszawa, dnia 31 lipca 1975"
MP,1975,24,1975-08-08,parser+ocr300,1975-08-08,text:warszawa,1975-08-08,,MP/1975/152,5,5,"J Nr 24 Warszawa, dnia 8 sierpnia 1975"
MP,1975,25,1975-08-11,parser+ocr300,1975-08-11,text:warszawa,1975-08-11,,MP/1975/157,2,2," LUDOWEJ Warszawa, dnia 11 sierpnia 1975"
MP,1975,26,1975-08-27,parser+ocr300,1975-08-27,text:warszawa,1975-08-27,,MP/1975/159,9,9," LUDOWEJ Warszawa, dnia 27 sierpnia 1975"
MP,1975,27,1975-08-30,parser+ocr300,1975-08-30,text:warszawa,1975-08-30,,MP/1975/168,4,4," LUDOWEJ Warszawa, dnia 30 sierpnia 1975"
MP,1975,28,1975-09-09,parser+ocr300,1975-09-09,ocr:warszawa,1975-09-09,,MP/1975/172,4,4," LUDOWEJ Warszawa, dnia 9 września 1975"
MP,1975,29,1975-09-23,parser+ocr300,1975-09-23,text:warszawa,1975-09-23,,MP/1975/176,9,9,"J Nr 29 Warszawa, dnia 23 września 1975"
MP,1975,30,1975-10-06,parser+ocr300,1975-10-06,text:warszawa,1975-10-06,,MP/1975/185,6,6,"- Nr 30 Warszawa, dnia 6 października 1975"
MP,1975,31,1975-10-16,parser+ocr300,1975-10-16,text:warszawa,1975-10-16,,MP/1975/191,7,7,"J LUDOWEJ Warszawa, dnia 16 października 1975"
MP,1975,32,1975-10-20,parser+ocr300,1975-10-20,text:warszawa,1975-10-20,,MP/1975/198,3,3,"J Nr 32 Warszawa, dnia 20 października 1975"
MP,1975,33,1975-10-24,parser+ocr300,1975-10-24,text:warszawa,1975-10-24,,MP/1975/201,7,7,"J LUDOWEJ Warszawa, dnia 24 października 1975"
MP,1975,34,1975-11-03,parser+ocr300,1975-11-03,ocr:warszawa,1975-11-03,,MP/1975/208,3,3," LUDOWEJ Warszawa, dnia 3 listopada 1975"
MP,1975,35,1975-11-12,parser+ocr300,1975-11-12,text:warszawa,1975-11-12,,MP/1975/211,4,4,"J Nr 35 Warszawa, dnia 12 listopada 1975"
MP,1975,36,1975-11-28,parser+ocr300,1975-11-28,text:warszawa,1975-11-28,,MP/1975/215,4,4," LUDOWEJ Warszawa, dnia 28 listopada 1975"
MP,1975,37,1975-12-09,parser+ocr300,1975-12-09,text:warszawa,1975-12-09,,MP/1975/219,3,3," LUDOWEJ Warszawa, .dnia 9 grudnia 1975"
MP,1975,38,1975-12-22,parser+ocr300,1975-12-22,text:warszawa,1975-12-22,,MP/1975/222,3,3,"J LUDOWEJ Warszawa, dnia 22 grudnia 1975"
MP,1975,39,1975-12-30,parser+ocr300,1975-12-30,text:warszawa,1975-12-30,,MP/1975/225,6,6,"J LUDOWEJ Warszawa, dnia 30 grudnia 1975"
MP,1976,1,1976-01-13,parser+ocr300,1976-01-13,ocr:warszawa,1976-01-13,,MP/1976/1,7,7," LUDOWEJ Warszawa, dnia 13 stycznia 1976"
MP,1976,2,1976-01-24,parser+ocr300,1976-01-24,text:warszawa,1976-01-24,,MP/1976/8,6,6," LUDOWEJ 'W arszawa, dnia 24 stycznia 1976"
MP,1976,3,1976-02-06,parser+ocr300,1976-02-06,ocr:warszawa,1976-02-06,,MP/1976/14,2,2," LUDOWEJ Warszawa, dnia 6 lutego 1976"
MP,1976,4,1976-02-09,parser+ocr300,1976-02-09,text:warszawa,1976-02-09,,MP/1976/16,4,4,"J LUDOWEJ Warszawa, dnia 9 lutego 1976"
MP,1976,5,1976-02-18,parser+ocr300,1976-02-18,text:warszawa,1976-02-18,,MP/1976/20,8,8,"WEJ Nr5 Warszawa, dnia 18 lutego 1976"
MP,1976,6,1976-02-25,obraz×2,,none,,1976-02-25 1976-02-25,MP/1976/28,5,5,
MP,1976,7,1976-02-28,parser+ocr300,1976-02-28,ocr:warszawa,1976-02-28,,MP/1976/33,9,9," LUDOWEJ Warszawa, dnia 28 lutego 1976"
MP,1976,8,1976-03-08,parser+ocr300,1976-03-08,text:warszawa,1976-03-08,,MP/1976/42,3,3," LUDOWEJ Warszawa, dnia 8 marca 1976"
MP,1976,9,1976-03-13,parser+ocr300,1976-03-13,text:warszawa,1976-03-13,,MP/1976/45,4,4," LUDOWEJ Warszawa, dnia 13 marca 1976"
MP,1976,10,1976-03-18,parser+ocr300,1976-03-18,text:warszawa,1976-03-18,,MP/1976/49,3,3,"J LUDOWEJ Warszawa, dnia 18 marca 1976"
MP,1976,11,1976-03-23,parser+ocr300,1976-03-23,text:warszawa,1976-03-23,,MP/1976/52,2,2,"l Nr 11 Warszawa, dnia 23 marca 1976"
MP,1976,12,1976-03-24,parser+ocr300,1976-03-24,text:warszawa,1976-03-24,,MP/1976/54,3,3," LUDOWEJ Warszawa, dnia 24 marca 1976"
MP,1976,13,1976-03-31,parser+ocr300,1976-03-31,ocr:warszawa,1976-03-31,,MP/1976/57,8,8," LUDOWEJ Warszawa, dnia 31 marca 1976"
MP,1976,14,1976-04-05,parser+ocr300,1976-04-05,text:warszawa,1976-04-05,,MP/1976/65,3,3,"J LUDOWEJ Warszawa, dnia 5 kwietnia 1976"
MP,1976,15,1976-04-15,obraz+parser,1976-04-15,text:warszawa,,1976-04-15,MP/1976/68,4,4,"J Nr 15 Warszawa, dnia 15 kwietnia 1976"
MP,1976,16,1976-04-21,parser+ocr300,1976-04-21,text:warszawa,1976-04-21,,MP/1976/72,5,5," LUDOWEJ Warszawa, dnia 21 kwietnia 1976"
MP,1976,17,1976-04-23,parser+ocr300,1976-04-23,text:warszawa,1976-04-23,,MP/1976/77,3,3," LUDOWEJ Warszawa, dnia 23 kwietnia 1976"
MP,1976,18,1976-04-28,parser+ocr300,1976-04-28,text:warszawa,1976-04-28,,MP/1976/80,4,4,"LUDOWEJ . Warszawa, dnia 28 kwietnia 1976"
MP,1976,19,1976-04-30,parser+ocr300,1976-04-30,text:warszawa,1976-04-30,,MP/1976/84,5,5,"J LUDOWEJ Warszawa, dnia 30 kwietnia 1976"
MP,1976,20,1976-05-06,parser+ocr300,1976-05-06,text:warszawa,1976-05-06,,MP/1976/89,5,5," LUDOWEJ Warszawa, dnia 6 maja 1976"
MP,1976,21,1976-05-15,obraz+parser,1976-05-15,text:warszawa,,1976-05-15,MP/1976/94,5,5,"J LUDOWEJ Warszawa, dnia 15 maja 1976"
MP,1976,22,1976-05-29,parser+ocr300,1976-05-29,text:warszawa,1976-05-29,,MP/1976/99,4,4," LUDOWEJ Warszawa, dnia 29 maja 1976"
MP,1976,23,1976-06-01,parser+ocr300,1976-06-01,text:warszawa,1976-06-01,,MP/1976/103,3,3,"J Nr 23 Warszawa, dnia l czerwca 1976"
MP,1976,24,1976-06-09,parser+ocr300,1976-06-09,text:warszawa,1976-06-09,,MP/1976/106,3,3," Nr 24 . Warszawa, dnia 9 czerwca 1976"
MP,1976,25,1976-06-14,parser+ocr300,1976-06-14,text:warszawa,1976-06-14,,MP/1976/109,3,3," LUDOWEJ Warszawa, dnia 14 czerwca 1976"
MP,1976,26,1976-06-23,parser+ocr300,1976-06-23,text:warszawa,1976-06-23,,MP/1976/112,3,3," LUDOWEJ Warszawa, dnia 23 czerwca 1976"
MP,1976,27,1976-07-01,parser+ocr300,1976-07-01,text:warszawa,1976-07-01,,MP/1976/115,8,8,"UDOWEJ ~ Warszawa, dnia l lipca 1976"
MP,1976,28,1976-07-06,parser+ocr300,1976-07-06,text:warszawa,1976-07-06,,MP/1976/123,4,4,"J Nr 28 Warszawa, dnia 6 lipca 1976"
MP,1976,29,1976-07-12,obraz+parser,1976-07-12,text:warszawa,1976-07-12,1976-07-12,MP/1976/127,3,3,"J Nr 29 Warszawa, dnia 12 lipca 1976"
MP,1976,30,1976-07-14,parser+ocr300,1976-07-14,ocr:warszawa,1976-07-14,,MP/1976/130,3,3," LUDOWEJ Warszawa, dnia 14 lipca 1976"
MP,1976,31,1976-07-24,parser+ocr300,1976-07-24,ocr:warszawa,1976-07-24,,MP/1976/133,5,5," LUDOWEJ Warszawa, dnia 24 lipca 1976"
MP,1976,32,1976-08-10,parser+ocr300,1976-08-10,text:warszawa,1976-08-10,,MP/1976/138,5,5,"J LUDOWEJ W arszawa, dnia 10 sierpnia 1976"
MP,1976,33,1976-08-11,parser+ocr300,1976-08-11,text:warszawa,1976-08-11,,MP/1976/143,3,3,"J LUDOWEJ Warszawa, dnia II sierpnia 1976"
MP,1976,34,1976-08-17,parser+ocr300,1976-08-17,text:warszawa,1976-08-17,,MP/1976/146,5,5," LUDOWEJ Warszawa, dnia 17 sierpnia 1976"
MP,1976,35,1976-08-30,parser+ocr300,1976-08-30,text:warszawa,1976-08-30,,MP/1976/151,8,8,"J Nr 35 Warszawa, dnia 30 sierpnia 1976"
MP,1976,36,1976-09-13,parser+ocr300,1976-09-13,ocr:warszawa,1976-09-13,,MP/1976/159,5,5,"EJ Nr 36 Warszawa, dnia 13 września 1976"
MP,1976,37,1976-09-28,parser+ocr300,1976-09-28,text:warszawa,1976-09-28,,MP/1976/164,5,5,"J Nr 37 Warszawa, dnia 28 września 1976"
MP,1976,38,1976-10-04,parser+ocr300,1976-10-04,text:warszawa,1976-10-04,,MP/1976/169,7,7,"J Nr 38 Warszawa, dnia 4 października 1976"
MP,1976,39,1976-11-03,parser+ocr300,1976-11-03,text:warszawa,1976-11-03,,MP/1976/176,3,3,"J Nr 39 Warszawa, dnia 3 listopada 1976"
MP,1976,40,1976-11-19,parser+ocr300,1976-11-19,text:warszawa,1976-11-19,,MP/1976/179,1,1,"OWEJ LII Warszawa, dnia 19 listopada 1976"
MP,1976,41,1976-11-24,parser+ocr300,1976-11-24,text:warszawa,1976-11-24,,MP/1976/180,5,5,"J LUDOWEJ Warszawa, dnia 24 listopada 1976"
MP,1976,42,1976-12-08,parser+ocr300,1976-12-08,text:warszawa,1976-12-08,,MP/1976/185,22,22," Nr 42 , Warszawa, dnia 8 grudnia 1976"
MP,1976,43,1976-12-27,parser+ocr300,1976-12-27,text:warszawa,1976-12-27,,MP/1976/207,8,8,"J LUDOWEJ Warszawa, dnia 27 grudnia 1976"
MP,1976,44,1976-12-31,parser+ocr300,1976-12-31,text:warszawa,1976-12-31,,MP/1976/215,10,10,"J LUDOWEJ Warszawa, dnia 31 grudnia 1976"
MP,1977,1,1977-01-21,parser+ocr300,1977-01-21,ocr:warszawa,1977-01-21,,MP/1977/1,11,11," LUDOWEJ Warszawa, dnia 21 stycznia 1977"
MP,1977,2,1977-01-31,parser+ocr300,1977-01-31,text:warszawa,1977-01-31,,MP/1977/12,6,6," LUDOWEJ Warszawa, dnia 31 stycznia 1977"
MP,1977,3,1977-02-10,parser+ocr300,1977-02-10,ocr:warszawa,1977-02-10,,MP/1977/18,9,9," LUDOWEJ Warszawa, dnia 10 lutego 1977"
MP,1977,4,1977-02-23,parser+ocr300,1977-02-23,text:warszawa,1977-02-23,,MP/1977/27,7,7,"J LUDOWEJ Warszawa, dnia 23 lutego 1977"
MP,1977,5,1977-03-12,parser+ocr300,1977-03-12,text:warszawa,1977-03-12,,MP/1977/34,7,7,") LUDOWEJ Warszawa, dnia 12 marca 1977"
MP,1977,6,1977-03-25,parser+ocr300,1977-03-25,text:warszawa,1977-03-25,,MP/1977/41,5,5,"J LUDOWEJ Warszawa, dnia 25 marca 1977"
MP,1977,7,1977-03-26,parser+ocr300,1977-03-26,ocr:warszawa,1977-03-26,,MP/1977/46,4,4," LUDOWEJ Warszawa, dnia 26 marca 1977"
MP,1977,8,1977-04-08,parser+ocr300,1977-04-08,text:warszawa,1977-04-08,,MP/1977/50,9,9," LUDOWEJ Warszawa, dnia 8 kwietnia 1977"
MP,1977,9,1977-04-25,parser+ocr300,1977-04-25,text:warszawa,1977-04-25,,MP/1977/59,3,3,"EJ Nr 9 Warszawa, dnia 25 kwietnia 1977"
MP,1977,10,1977-04-26,parser+ocr300,1977-04-26,text:warszawa,1977-04-26,,MP/1977/62,3,3," LUDOWEJ Warszawa, dnia 26 kwietnia 1977"
MP,1977,11,1977-04-30,parser+ocr300,1977-04-30,ocr:warszawa,1977-04-30,,MP/1977/65,4,4," LUDOWEJ Warszawa, dnia 30 kwietnia 1977"
MP,1977,12,1977-05-23,parser+ocr300,1977-05-23,text:warszawa,1977-05-23,,MP/1977/69,4,4,"J LUOOWlJ Warszawa, dnia 23 maja 1977"
MP,1977,13,1977-06-01,obraz+ocr300,,none,1977-06-01,1977-06-01,MP/1977/73,3,3,
MP,1977,15,1977-06-29,parser+ocr300,1977-06-29,text:warszawa,1977-06-29,,MP/1977/82,4,4,"POLI~TEJ Warszawa, dnia 29 czerwca 1977"
MP,1977,16,1977-07-05,parser+ocr300,1977-07-05,text:warszawa,1977-07-05,,MP/1977/86,9,9,"J LUDOWEJ Warszawa, dnia 5 lipca 1977"
MP,1977,17,1977-07-18,parser+ocr300,1977-07-18,text:warszawa,1977-07-18,,MP/1977/95,6,6,"J Nr 17 Warszawa, dnia 18 lipca 1977"
MP,1977,18,1977-07-27,parser+ocr300,1977-07-27,ocr:warszawa,1977-07-27,,MP/1977/101,4,4," LUDOWEJ Warszawa, dnia 27 lipca 1977"
MP,1977,19,1977-08-08,obraz+parser,1977-08-08,text:warszawa,,1977-08-08,MP/1977/105,3,3,"J LUDOWEJ Warszawa, dnia 8 sierpnia 1977"
MP,1977,20,1977-08-16,obraz×2,,none,,1977-08-16 1977-08-16,MP/1977/108,3,3,
MP,1977,21,1977-08-22,parser+ocr300,1977-08-22,text:warszawa,1977-08-22,,MP/1977/111,2,2,"J LUDOWEJ Warszawa"" dnia 22 sierpnia 1977"
MP,1977,22,1977-09-14,parser+ocr300,1977-09-14,text:warszawa,1977-09-14,,MP/1977/113,6,6,"J Nr 22 Warszawa, dnia 14 września 1977"
MP,1977,23,1977-09-22,parser+ocr300,1977-09-22,text:warszawa,1977-09-22,,MP/1977/119,2,2," LUDOWEJ Warszawa, dnia 22 września 1977"
MP,1977,24,1977-09-28,parser+ocr300,1977-09-28,ocr:warszawa,1977-09-28,,MP/1977/121,2,2," LUDOWEJ Warszawa, dnia 28 września 1977"
MP,1977,25,1977-10-07,parser+ocr300,1977-10-07,text:warszawa,1977-10-07,,MP/1977/123,3,3,"J Nr 25 Warszawa, dnia 7 października 1977"
MP,1977,26,1977-10-21,parser+ocr300,1977-10-21,text:warszawa,1977-10-21,,MP/1977/126,5,5,"J Nr 26 Warszawa, dnia 21 października 1977"
MP,1977,27,1977-11-03,parser+ocr300,1977-11-03,text:warszawa,1977-11-03,,MP/1977/131,3,3,"• Nr 27 Warszawa, dnia 3 listopada 1977"
MP,1977,28,1977-11-17,parser+ocr300,1977-11-17,ocr:warszawa,1977-11-17,,MP/1977/134,6,6," LUDOWEJ Warszawa, dnia 17 listopada 1977"
MP,1977,29,1977-11-18,parser+ocr300,1977-11-18,ocr:warszawa,1977-11-18,,MP/1977/140,2,2," LUDOWEJ Warszawa, dnia 18 listopada 1977"
MP,1977,30,1977-12-01,parser+ocr300,1977-12-01,text:warszawa,1977-12-01,,MP/1977/142,8,8,"J Nr 30 Warszawa, dnia l grudnia 1977"
MP,1977,31,1977-12-07,parser+ocr300,1977-12-07,text:warszawa,1977-12-07,,MP/1977/150,4,4,"J LUDOWEJ Warszawa, dnia 7 grudnia 1977"
MP,1977,32,1977-12-10,parser+ocr300,1977-12-10,text:warszawa,1977-12-10,,MP/1977/154,3,3,", Nr 32 Warszawa, dnia 10 grudnia 1977"
MP,1977,33,1977-12-15,parser+ocr300,1977-12-15,ocr:warszawa,1977-12-15,,MP/1977/157,3,2,"UDOWEJ « Warszawa, dnia 15 grudnia 1977"
MP,1977,34,1977-12-21,parser+ocr300,1977-12-21,text:warszawa,1977-12-21,,MP/1977/160,12,12,"J LUDOWEJ Warszawa, dnia 21 grudnia 1977"
MP,1977,35,1977-12-30,parser+ocr300,1977-12-30,text:warszawa,1977-12-30,,MP/1977/172,9,9,"J Nr 35 Warszawa, dnia 30 grudnia 1977"
MP,1977,36,1977-12-31,parser+ocr300,1977-12-31,text:warszawa,1977-12-31,,MP/1977/181,5,5," Nr 36*) Warszawa, dnia 31 grudnia 1977"
MP,1978,1,1978-01-31,parser+ocr300,1978-01-31,text:warszawa,1978-01-31,,MP/1978/1,11,11,"WEJ NrI Warszawa, dnia 31 stycznia 1978"
MP,1978,2,1978-02-09,parser+ocr300,1978-02-09,text:warszawa,1978-02-09,,MP/1978/12,2,2,"J LUDOWEJ Warszawa, dnia 9 lutego 1978"
MP,1978,3,1978-02-14,parser+ocr300,1978-02-14,ocr:warszawa,1978-02-14,,MP/1978/14,3,3," LUDOWEJ Warszawa, dnia 14 lutego 1978"
MP,1978,4,1978-02-16,parser+ocr300,1978-02-16,text:warszawa,1978-02-16,,MP/1978/17,4,4,"J Nr A: Warszawa, dnia 16 lutego 1978"
MP,1978,5,1978-02-20,parser+ocr300,1978-02-20,text:warszawa,1978-02-20,,MP/1978/21,1,1," ' Nr 5 Warszawa, dnia 20 lutego 1978"
MP,1978,6,1978-02-22,parser+ocr300,1978-02-22,text:warszawa,1978-02-22,,MP/1978/22,1,1,"J LUDOWEJ Warszawa, dnia 22 lutego 1978"
MP,1978,7,1978-02-25,parser+ocr300,1978-02-25,text:warszawa,1978-02-25,,MP/1978/23,2,2,"J LUDOWEJ Warszawa, dnia 25 lutego 1978"
MP,1978,8,1978-03-09,parser+ocr300,1978-03-09,ocr:warszawa,1978-03-09,,MP/1978/25,5,5,"OWEJ "" | Warszawa, dnia 9 marca 1978"
MP,1978,9,1978-03-16,parser+ocr300,1978-03-16,ocr:warszawa,1978-03-16,,MP/1978/30,4,4," LUDOWEJ Warszawa, dnia 16 marca 1978"
MP,1978,10,1978-03-24,parser+ocr300,1978-03-24,text:warszawa,1978-03-24,,MP/1978/34,6,6,"J LUDOWEJ Warszawa, dnia 24 marca 1978"
MP,1978,11,1978-03-31,parser+ocr300,1978-03-31,text:warszawa,1978-03-31,,MP/1978/40,2,2,"J LUDOWEJ Warszawa, dnia 31 marca 1978"
MP,1978,12,1978-04-01,parser+ocr300,1978-04-01,ocr:warszawa,1978-04-01,,MP/1978/42,1,1," LUDOWEJ Warszawa, dnia l kwietnia 1978"
MP,1978,13,1978-04-05,parser+ocr300,1978-04-05,text:warszawa,1978-04-05,,MP/1978/43,4,4,"J LUDOWEJ Warszawa, dnia 5 kwietnia 1978"
MP,1978,14,1978-04-15,parser+ocr300,1978-04-15,ocr:warszawa,1978-04-15,,MP/1978/47,2,2," LUDOWEJ Warszawa, dnia 15 kwietnia 1978"
MP,1978,15,1978-04-26,parser+ocr300,1978-04-26,ocr:warszawa,1978-04-26,,MP/1978/49,5,5," LUDOWEJ Warszawa, dnia 26 kwietnia 1978"
MP,1978,16,1978-05-13,parser+ocr300,1978-05-13,text:warszawa,1978-05-13,,MP/1978/54,3,3,"J LUDOWEJ Warszawa, dnia 13 maja 1978"
MP,1978,17,1978-05-24,parser+ocr300,1978-05-24,text:warszawa,1978-05-24,,MP/1978/57,4,4,"J LUDOWEJ Warszawa, 'dnia 24 maja 1978"
MP,1978,19,1978-06-09,parser+ocr300,1978-06-09,text:warszawa,1978-06-09,,MP/1978/68,1,1,"J LUDOWEJ Warszawa, dnia 9 czerwca 1978"
MP,1978,20,1978-06-13,parser+ocr300,1978-06-13,text:warszawa,1978-06-13,,MP/1978/69,2,2,"J LUDOWEJ Warszawa, dnia 13 czerwca 1978"
MP,1978,21,1978-06-26,parser+ocr300,1978-06-26,text:warszawa,1978-06-26,,MP/1978/71,5,5," LUDOW EJ Warszawa, dnia 26 czerwca 1978"
MP,1978,22,1978-06-27,parser+ocr300,1978-06-27,text:warszawa,1978-06-27,,MP/1978/76,2,2,"J Nr 22 Warszawa, dnia 27 czerwca 1978"
MP,1978,23,1978-07-01,parser+ocr300,1978-07-01,ocr:warszawa,1978-07-01,,MP/1978/78,2,2," LUDOWEJ Warszawa, dnia 1 lipca 1978"
MP,1978,24,1978-07-14,parser+ocr300,1978-07-14,text:warszawa,1978-07-14,,MP/1978/80,3,3,"-------- Warszawa, dnia 14 lipca 1978"
MP,1978,25,1978-07-20,parser+ocr300,1978-07-20,text:warszawa,1978-07-20,,MP/1978/83,7,7,"J Nr 25 Warszawa, dnia 20 lipca 1978"
MP,1978,26,1978-07-28,parser+ocr300,1978-07-28,text:warszawa,1978-07-28,,MP/1978/90,4,4,"J LUDOWEJ Warsz~wa, Nr 26 dnia 28 lipca 1978"
MP,1978,27,1978-08-30,parser+ocr300,1978-08-30,text:warszawa,1978-08-30,,MP/1978/94,9,9,"J Nr 27 Warszawa, dnia 30 sierpnia 1978"
MP,1978,28,1978-08-31,parser+ocr300,1978-08-31,text:warszawa,1978-08-31,,MP/1978/103,3,3,"J LUDOWEJ Warszawa, dnia 31 sierpnia 1978"
MP,1978,29,1978-09-01,parser+ocr300,1978-09-01,ocr:warszawa,1978-09-01,,MP/1978/106,2,2," LUDOWEJ Warszawa, dnia 1 września 1978"
MP,1978,30,1978-09-15,parser+ocr300,1978-09-15,text:warszawa,1978-09-15,,MP/1978/108,6,6,"LUDOWEJ . Warszawa, dnia 15 września 1978"
MP,1978,31,1978-09-21,parser+ocr300,1978-09-21,text:warszawa,1978-09-21,,MP/1978/114,2,2,"J LUDOWEJ Warszawa, dnia 21 września 1978"
MP,1978,32,1978-10-12,parser+ocr300,1978-10-12,text:warszawa,1978-10-12,,MP/1978/116,7,7,"J LUDOWEJ Warszawa, dnia 12 października 1978"
MP,1978,33,1978-10-21,obraz+parser,1978-10-21,text:warszawa,1978-10-21,1978-10-21,MP/1978/123,4,4,"• Nr 33 Warszawa,dnia 21 października 1978"
MP,1978,34,1978-11-03,parser+ocr300,1978-11-03,text:warszawa,1978-11-03,,MP/1978/127,5,5,"J Nr 34 Warszawa, dnia 3 listopada 1978"
MP,1978,35,1978-11-20,obraz+parser,1978-11-20,text:warszawa,,1978-11-20,MP/1978/132,2,2,"J Nr 35 Warszawa, dnia 20 listopada 1978"
MP,1978,36,1978-11-29,obraz+parser,1978-11-29,text:warszawa,,1978-11-29,MP/1978/134,7,7,"J Nr 36 Warszawa, dnia 29 listopada 1978"
MP,1978,37,1978-12-22,obraz+ocr300,,none,1978-12-22,1978-12-22,MP/1978/141,5,5,
MP,1978,38,1978-12-27,parser+ocr300,1978-12-27,text:warszawa,1978-12-27,,MP/1978/146,3,3,"J Nr 38 Warszawa, dnia 27 grudnia 1978"
MP,1978,39,1978-12-29,parser+ocr300,1978-12-29,text:warszawa,1978-12-29,,MP/1978/149,8,8,"J LUDOWEJ Warszawa, dnia 29 grudnia 1978"
MP,1979,1,1979-01-26,parser+ocr300,1979-01-26,text:warszawa,1979-01-26,,MP/1979/1,10,10,"EJ Nr 1 Warszawa, dnia 26 stycznia 1979"
MP,1979,2,1979-02-01,parser+ocr300,1979-02-01,text:warszawa,1979-02-01,,MP/1979/11,5,5,"f LUDOWEJ Warszawa, dnia l lutego 1979"
MP,1979,3,1979-02-13,parser+ocr300,1979-02-13,text:warszawa,1979-02-13,,MP/1979/16,20,20," LUOilWEJ Warszawa, dnia 13 lutego 1979"
MP,1979,4,1979-02-23,parser+ocr300,1979-02-23,text:warszawa,1979-02-23,,MP/1979/36,5,5,"EJ Nr 4 Warszawa, dnia 23 lutego 1979"
MP,1979,5,1979-02-28,parser+ocr300,1979-02-28,ocr:warszawa,1979-02-28,,MP/1979/41,5,5," LUDOWEJ Warszawa, dnia 28 lutego 1979"
MP,1979,6,1979-03-10,parser+ocr300,1979-03-10,text:warszawa,1979-03-10,,MP/1979/46,3,3,"EJ Nr 6 Warszawa, dnia 10 marca 1979"
MP,1979,7,1979-03-16,parser+ocr300,1979-03-16,text:warszawa,1979-03-16,,MP/1979/49,5,5,"WEJ Nr7 Warszawa, dnia 16 marca 1979"
MP,1979,8,1979-03-21,parser+ocr300,1979-03-21,ocr:warszawa,1979-03-21,,MP/1979/54,3,3," LUDOWEJ Warszawa, dnia 21 marca 1979"
MP,1979,9,1979-03-29,parser+ocr300,1979-03-29,ocr:warszawa,1979-03-29,,MP/1979/57,5,5," LUDOWEJ Warszawa, dnia 29 marca 1979"
MP,1979,10,1979-04-13,parser+ocr300,1979-04-13,ocr:warszawa,1979-04-13,,MP/1979/62,7,7," LUDOWEJ Warszawa, dnia 13 kwietnia 1979"
MP,1979,11,1979-04-27,parser+ocr300,1979-04-27,text:warszawa,1979-04-27,,MP/1979/69,2,2,"J LUDOWEJ Warszawa, dnia 27 kwietnia 1979"
MP,1979,12,1979-04-28,parser+ocr300,1979-04-28,text:warszawa,1979-04-28,,MP/1979/71,4,4,"J LUDOWEJ Warszawa, dnia 28 kwietnia 1979"
MP,1979,13,1979-05-10,parser+ocr300,1979-05-10,text:warszawa,1979-05-10,,MP/1979/75,3,3,"J Nr 13 Warszawa, dnia 10 maja 1979"
MP,1979,14,1979-06-01,obraz+parser,1979-06-01,ocr:warszawa,,1979-06-01,MP/1979/78,7,7," LUDOWEJ Warszawa, dnia 1 czerwca 1979"
MP,1979,15,1979-06-22,parser+ocr300,1979-06-22,text:warszawa,1979-06-22,,MP/1979/85,5,5,"J Nr 15 .Varszawa, dnia 22 czerwca 1979"
MP,1979,16,1979-06-30,parser+ocr300,1979-06-30,ocr:warszawa,1979-06-30,,MP/1979/90,13,13," LUDOWEJ Warszawa, dnia 30 czerwca 1979"
MP,1979,17,1979-07-20,parser+ocr300,1979-07-20,ocr:warszawa,1979-07-20,,MP/1979/103,6,6," LUDOWEJ Warszawa, dnia 20 lipca 1979"
MP,1979,18,1979-07-31,parser+ocr300,1979-07-31,text:warszawa,1979-07-31,,MP/1979/109,3,3,"r 18 . \iVarszawa, dnia 31 lipca 1979"
MP,1979,19,1979-08-08,parser+ocr300,1979-08-08,ocr:warszawa,1979-08-08,,MP/1979/112,3,3," LUDOWEJ Warszawa, dnia 8 sierpnia 1979"
MP,1979,20,1979-08-15,parser+ocr300,1979-08-15,ocr:warszawa,1979-08-15,,MP/1979/115,5,5," LUDOWEJ Warszawa, dnia 15 sierpnia 1979"
MP,1979,21,1979-08-31,obraz+parser,1979-08-31,ocr:warszawa,,1979-08-31,MP/1979/120,6,6,"Warsząwa, dnia 31 sierpnia 1979"
MP,1979,22,1979-09-10,obraz×2,,none,,1979-09-10 1979-09-10,MP/1979/126,2,2,
MP,1979,23,1979-09-28,parser+ocr300,1979-09-28,ocr:warszawa,1979-09-28,,MP/1979/128,5,5," LUDOWEJ Warszawa, dnia 28 września 1979"
MP,1979,24,1979-10-11,parser+ocr300,1979-10-11,text:warszawa,1979-10-11,,MP/1979/133,3,3,"DOWEJ ( Warszawa, dnia 11 października 1979"
MP,1979,25,1979-10-22,parser+ocr300,1979-10-22,text:warszawa,1979-10-22,,MP/1979/136,3,3," LUDOWEJ Warszawa, dnia 22 października 1979"
MP,1979,26,1979-10-31,parser+ocr300,1979-10-31,text:warszawa,1979-10-31,,MP/1979/139,3,3,"J Nr 26 Warszawa, dnia 31 października 1979"
MP,1979,27,1979-11-09,parser+ocr300,1979-11-09,text:warszawa,1979-11-09,,MP/1979/142,1,1," LUDOWEJ Warszawa,dnia 9 listopada 1979"
MP,1979,28,1979-11-21,parser+ocr300,1979-11-21,text:warszawa,1979-11-21,,MP/1979/143,5,5,"----------Warszawa, dnia 21 listopada 1979"
MP,1979,29,1979-12-18,parser+ocr300,1979-12-18,ocr:warszawa,1979-12-18,,MP/1979/148,6,6,"> Warszawa, dnia 18 grudnia 1979"
MP,1979,30,1979-12-28,parser+ocr300,1979-12-28,ocr:warszawa,1979-12-28,,MP/1979/154,2,2," LUDOWEJ Warszawa, dnia 28 grudnia 1979"
MP,1979,31,1979-12-31,parser+ocr300,1979-12-31,ocr:warszawa,1979-12-31,,MP/1979/156,8,7," LUDOWEJ Warszawa, dnia 31 grudnia 1979"
MP,1980,1,1980-01-23,parser+ocr300,1980-01-23,ocr:warszawa,1980-01-23,,MP/1980/1,6,6," LUDOWEJ Warszawa, dnia 23 stycznia 1980"
MP,1980,2,1980-01-25,parser+ocr300,1980-01-25,ocr:warszawa,1980-01-25,,MP/1980/7,4,4," LUDOWEJ Warszawa, dnia 25 stycznia 1980"
MP,1980,3,1980-01-31,parser+ocr300,1980-01-31,ocr:warszawa,1980-01-31,,MP/1980/11,2,2," LUDOWEJ Warszawa, dnia 31 stycznia 1980"
MP,1980,4,1980-02-08,parser+ocr300,1980-02-08,ocr:warszawa,1980-02-08,,MP/1980/13,5,5," LUDOWEJ Warszawa, dnia 8 lutego 1980"
MP,1980,6,1980-02-19,parser+ocr300,1980-02-19,ocr:warszawa,1980-02-19,,MP/1980/22,8,8," LUDOWEJ Warszawa, dnia 19 lutego 1980"
MP,1980,7,1980-02-29,parser+ocr300,1980-02-29,text:warszawa,1980-02-29,,MP/1980/30,3,3,"J LUDOWEJ Warszawa, dnia 29 lutego 1980"
MP,1980,8,1980-03-20,parser+ocr300,1980-03-20,text:warszawa,1980-03-20,,MP/1980/33,4,4,"J lUDOWEJ Warszawa, dnia 20 marca 1980"
MP,1980,9,1980-03-26,parser+ocr300,1980-03-26,ocr:warszawa,1980-03-26,,MP/1980/37,4,4," LUDOWEJ Warszawa, dnia 26 marca 1980"
MP,1980,10,1980-03-28,parser+ocr300,1980-03-28,ocr:warszawa,1980-03-28,,MP/1980/41,3,3," LUDOWEJ Warszawa, dnia 28 marca 1980"
MP,1980,11,1980-04-09,parser+ocr300,1980-04-09,ocr:warszawa,1980-04-09,,MP/1980/44,8,8," LUDOWEJ Warszawa, dnia 9 kwietnia 1980"
MP,1980,12,1980-04-25,parser+ocr300,1980-04-25,ocr:warszawa,1980-04-25,,MP/1980/52,3,3," LUDOWEJ Warszawa, dnia 25 kwietnia 1980"
MP,1980,13,1980-05-08,obraz+parser,1980-05-08,ocr:warszawa,,1980-05-08,MP/1980/55,9,9," LUDOWEJ Warszawa, dnia 8 maja 1980"
MP,1980,14,1980-05-28,parser+ocr300,1980-05-28,ocr:warszawa,1980-05-28,,MP/1980/64,4,4," LUDOWEJ Warszawa, dnia 28 maja 1980"
MP,1980,15,1980-06-25,parser+ocr300,1980-06-25,ocr:warszawa,1980-06-25,,MP/1980/68,4,4,"UDOWEJ U Warsźawa, dnia 25 czerwca 1980"
MP,1980,16,1980-06-30,parser+ocr300,1980-06-30,text:warszawa,1980-06-30,,MP/1980/72,10,10,"OWEJ ,/ Warszawa, dnia 30 czerwca 1980"
MP,1980,17,1980-07-21,parser+ocr300,1980-07-21,ocr:warszawa,1980-07-21,,MP/1980/82,5,5," LUDOWEJ Warszawa, dnia 21 lipca 1980"
MP,1980,18,1980-08-07,parser+ocr300,1980-08-07,text:warszawa,1980-08-07,,MP/1980/87,5,5,"J LUDOWEJ Warszawa, dnia 7 sierpnia 1980"
MP,1980,19,1980-08-22,parser+ocr300,1980-08-22,ocr:warszawa,1980-08-22,,MP/1980/92,3,3," LUDOWEJ Warszawa, dnia 22 sierpnia 1980"
MP,1980,20,1980-08-30,parser+ocr300,1980-08-30,ocr:warszawa,1980-08-30,,MP/1980/95,2,2," LUDOWEJ Warszawa, dnia 30 sierpnia 1980"
MP,1980,21,1980-09-10,parser+ocr300,1980-09-10,text:warszawa,1980-09-10,,MP/1980/97,7,7,"DOWEJ ~ Warszawa, dnia 10 września 1980"
MP,1980,22,1980-09-15,parser+ocr300,1980-09-15,ocr:warszawa,1980-09-15,,MP/1980/104,2,2," SET ER ""Warszawa, dnia 15 września 1980"
MP,1980,23,1980-10-01,obraz+ocr300,,none,1980-10-01,1980-10-01,MP/1980/106,3,3,
MP,1980,24,1980-10-15,obraz×2,,none,,1980-10-15 1980-10-15,MP/1980/109,25,25,
MP,1980,25,1980-10-20,parser+ocr300,1980-10-20,ocr:warszawa,1980-10-20,,MP/1980/134,4,4," LUDOWEJ Warszawa, dnia 20 października 1980"
MP,1980,26,1980-11-11,parser+ocr300,1980-11-11,ocr:warszawa,1980-11-11,,MP/1980/138,6,6," LUDOWEJ Warszawa, dnia 11 listopada 1980"
MP,1980,27,1980-11-28,parser+ocr300,1980-11-28,ocr:warszawa,1980-11-28,,MP/1980/144,13,13," LUDOWEJ Warszawa, dnia 28 listopada 1980"
MP,1980,28,1980-12-03,obraz+parser,1980-12-03,ocr:warszawa,,1980-12-03,MP/1980/157,3,3," LUDOWEJ Warszawa, dnia 3 grudnia 1980"
MP,1980,29,1980-12-24,obraz+parser,1980-12-24,ocr:warszawa,1980-12-24,1980-12-24,MP/1980/160,5,5," LUDOWEJ Warszawa, dnia 24 grudnia 1980"
MP,1980,30,,bez odczytu (do obrazu),,none,,,MP/1980/165,7,7,
MP,1981,1,1981-01-08,obraz+parser,1981-01-08,ocr:warszawa,1981-01-08,1981-01-08,MP/1981/1,5,5," NE. pick Warszawa, dnia 8 stycznia 1981"
MP,1981,2,1981-01-28,parser+ocr300,1981-01-28,text:warszawa,1981-01-28,,MP/1981/6,2,2,"J LUDOWEJ W arszawa, dnia 28 stycznia 1981"
MP,1981,3,1981-01-31,parser+ocr300,1981-01-31,ocr:warszawa,1981-01-31,,MP/1981/8,6,6," LUDOWEJ Warszawa, dnia 31 stycznia 1981"
MP,1981,4,1981-02-04,parser+ocr300,1981-02-04,ocr:warszawa,1981-02-04,,MP/1981/14,3,3," LUDOWEJ Warszawa, dnia 4 lutego 1981"
MP,1981,5,1981-02-20,parser+ocr300,1981-02-20,ocr:warszawa,1981-02-20,,MP/1981/17,28,28,"OWEJ *. Warszawa, dnia 20 lutego 1981"
MP,1981,6,1981-02-28,parser+ocr300,1981-02-28,ocr:warszawa,1981-02-28,,MP/1981/45,10,10," LUDOWEJ Warszawa, dnia 28 lutego 1981"
MP,1981,7,1981-03-12,parser+ocr300,1981-03-12,ocr:warszawa,1981-03-12,,MP/1981/55,7,7," LUDOWEJ Warszawa, dnia 12 marca 1981"
MP,1981,8,1981-03-27,parser+ocr300,1981-03-27,text:warszawa,1981-03-27,,MP/1981/62,7,7,"J LUDOWEJ Warszawa, dnia 27 marca 1981"
MP,1981,9,1981-04-01,parser+ocr300,1981-04-01,ocr:warszawa,1981-04-01,,MP/1981/69,8,8," LUDOWEJ Warszawa, dnia l kwietnia 1981"
MP,1981,10,1981-04-17,parser+ocr300,1981-04-17,text:warszawa,1981-04-17,,MP/1981/77,5,5,"J Nr 10 Warszawa, dnia 17 kwietnia 1981"
MP,1981,11,1981-04-27,parser+ocr300,1981-04-27,ocr:warszawa,1981-04-27,,MP/1981/82,7,7," LUDOWEJ Warszawa, dnia 27 kwietnia 1981"
MP,1981,12,1981-05-15,parser+ocr300,1981-05-15,text:warszawa,1981-05-15,,MP/1981/89,9,9,"LUO'OWEJ Warszawa, dnia 15 maja 1981"
MP,1981,13,1981-05-29,parser+ocr300,1981-05-29,ocr:warszawa,1981-05-29,,MP/1981/98,8,8," LUDOWEJ Warszawa, dnia 29 maja 1981"
MP,1981,14,1981-06-09,parser+ocr300,1981-06-09,ocr:warszawa,1981-06-09,,MP/1981/106,1,1," LUDOWEJ Warszawa, dnia 9 czerwca 1981"
MP,1981,15,1981-06-24,parser+ocr300,1981-06-24,text:warszawa,1981-06-24,,MP/1981/107,18,18,"J Nr 15 Warszawa, dnia 24 czerwca 1981"
MP,1981,16,1981-07-01,parser+ocr300,1981-07-01,text:warszawa,1981-07-01,,MP/1981/125,3,3,"J lUDOWEJ Warszawa, dnia 1 lipca 1981"
MP,1981,17,1981-07-10,parser+ocr300,1981-07-10,text:warszawa,1981-07-10,,MP/1981/128,22,22,"J LUDOWEJ Warszawa, dnia 10 lipca 1981"
MP,1981,18,1981-07-28,parser+ocr300,1981-07-28,text:warszawa,1981-07-28,,MP/1981/150,6,6,"J LUDOWEJ Warszawa, dnia 28 lipca 1981"
MP,1981,19,,bez odczytu (do obrazu),,none,,brak winiety na s. 1,MP/1981/156,29,29,
MP,1981,20,1981-08-26,obraz+ocr300,,none,1981-08-26,1981-08-26,MP/1981/185,9,9,
MP,1981,21,1981-08-31,parser+ocr300,1981-08-31,ocr:warszawa,1981-08-31,,MP/1981/194,6,6," LUDOWEJ Warszawa, dnia 31 sierpnia 1981"
MP,1981,22,1981-09-07,parser+ocr300,1981-09-07,ocr:warszawa,1981-09-07,,MP/1981/200,5,5," LUDOWEJ Warszawa, dnia 7 września 1981"
MP,1981,23,1981-09-18,parser+ocr300,1981-09-18,ocr:warszawa,1981-09-18,,MP/1981/205,8,8," LUDOWEJ Warszawa, dnia 18 września 1981"
MP,1981,24,1981-09-25,parser+ocr300,1981-09-25,ocr:warszawa,1981-09-25,,MP/1981/213,4,4," LUDOWEJ Warszawa, dnia 25 września 1981"
MP,1981,25,1981-09-30,parser+ocr300,1981-09-30,ocr:warszawa,1981-09-30,,MP/1981/217,5,5," LUDOWEJ Warszawa, dnia 30 września 1981"
MP,1981,26,1981-10-07,parser+ocr300,1981-10-07,ocr:warszawa,1981-10-07,,MP/1981/222,10,10," LUDOWEJ Warszawa, dnia 7 października 1981"
MP,1981,27,1981-10-30,parser+ocr300,1981-10-30,ocr:warszawa,1981-10-30,,MP/1981/232,7,7," LUDOWEJ Warszawa, dnia 30 października 1981"
MP,1981,28,1981-11-11,parser+ocr300,1981-11-11,ocr:warszawa,1981-11-11,,MP/1981/239,27,27,"., . 244 Warszawa, dnia 11 listopada 1981"
MP,1981,29,1981-12-07,parser+ocr300,1981-12-07,ocr:warszawa,1981-12-07,,MP/1981/266,6,6," LUDOWEJ Warszawa, dnia 7 grudnia 1981"
MP,1981,30,1981-12-14,parser+ocr300,1981-12-14,ocr:warszawa,1981-12-14,,MP/1981/272,8,8,"OWEJ * 2 Warszawa, dnia 14 grudnia 1981"
MP,1981,31,1981-12-23,parser+ocr300,1981-12-23,ocr:warszawa,1981-12-23,,MP/1981/280,6,6," LUDOWEJ Warszawa, dnia 23 grudnia 1981"
MP,1981,32,1981-12-30,parser+ocr300,1981-12-30,ocr:warszawa,1981-12-30,,MP/1981/286,7,7," LUDOWEJ Warszawa, dnia 30 grudnia 1981"
MP,1981,33,1981-12-31,parser+ocr300,1981-12-31,ocr:warszawa,1981-12-31,,MP/1981/293,16,16," LUDOWEJ Warszawa, dnia 31 grudnia 1981"
MP,1982,1,1982-01-15,obraz+ocr300,,none,1982-01-15,1982-01-15,MP/1982/1,1,1,
MP,1982,2,1982-01-20,obraz+parser,1982-01-20,ocr:warszawa,1982-01-20,1982-01-20,MP/1982/2,5,5," LUDOWEJ Warszawa, dnia 20 stycznia 1982"
MP,1982,3,1982-01-25,parser+ocr300,1982-01-25,text:warszawa,1982-01-25,,MP/1982/7,10,10," LUDOWEJ Warszawa, dnia 25 stycznia 1982"
MP,1982,4,1982-01-28,parser+ocr300,1982-01-28,text:warszawa,1982-01-28,,MP/1982/17,3,3," LUDOWEJ .Warszawa, dnia 28 stycznia 1982"
MP,1982,5,1982-02-01,parser+ocr300,1982-02-01,ocr:warszawa,1982-02-01,,MP/1982/20,13,13," LUDOWEJ Warszawa, dnia 1 lutego 1982"
MP,1982,6,1982-02-12,parser+ocr300,1982-02-12,ocr:warszawa,1982-02-12,,MP/1982/33,5,5," LUDOWEJ Warszawa, dnia 12 lutego 1982"
MP,1982,7,1982-02-19,obraz+parser,1982-02-19,text:warszawa,1982-02-19,1982-02-19,MP/1982/38,6,6,"WEJ Nr1 Warszawa, dnia 19 lutego 1982"
MP,1982,8,1982-03-09,parser+ocr300,1982-03-09,text:warszawa,1982-03-09,,MP/1982/44,10,10,"J LUDOWEJ Warszawa, dnia 9 marca 1982"
MP,1982,9,1982-03-20,parser+ocr300,1982-03-20,text:warszawa,1982-03-20,,MP/1982/54,11,11,"llJ.DOWEJ Warszawa, dnia 20 marca 1982"
MP,1982,10,1982-04-06,parser+ocr300,1982-04-06,text:warszawa,1982-04-06,,MP/1982/65,11,11," LUDOWEJ Warszawa, dnia 6 kwietnia 1982"
MP,1982,11,1982-04-27,parser+ocr300,1982-04-27,ocr:warszawa,1982-04-27,,MP/1982/76,11,11," LUDOWEJ Warszawa, dnia 27 kwietnia 1982"
MP,1982,12,1982-05-04,parser+ocr300,1982-05-04,ocr:warszawa,1982-05-04,,MP/1982/87,6,6," LUDOWEJ Warszawa, dnia 4 maja 1982"
MP,1982,13,1982-05-12,parser+ocr300,1982-05-12,text:warszawa,1982-05-12,,MP/1982/93,6,6," Nr 13 \Varszawa, dnia 12 maja 1982"
MP,1982,14,1982-05-25,parser+ocr300,1982-05-25,ocr:warszawa,1982-05-25,,MP/1982/99,9,9,"s Warszawa, dnia 25 maja 1982"
MP,1982,15,1982-06-07,parser+ocr300,1982-06-07,ocr:warszawa,1982-06-07,,MP/1982/108,16,16," LUDOWEJ Warszawa, dnia 7 czerwca 1982"
MP,1982,16,1982-06-30,parser+ocr300,1982-06-30,ocr:warszawa,1982-06-30,,MP/1982/124,9,9,"Warszawa, dnia 30 czerwca 1982"
MP,1982,17,1982-07-21,parser+ocr300,1982-07-21,ocr:warszawa,1982-07-21,,MP/1982/133,13,13," LUDOWEJ Warszawa, dnia 21 lipca 1982"
MP,1982,18,1982-08-06,parser+ocr300,1982-08-06,ocr:warszawa,1982-08-06,,MP/1982/146,14,14," LUDOWEJ Warszawa, dnia 6 sierpnia 1982"
MP,1982,19,1982-08-21,obraz×2 (odczyty maszynowe inne),1982-08-24,ocr:warszawa,,1982-08-21 1982-08-21,MP/1982/160,8,8," LUDOWEJ Warszawa, dnia 24 sierpnia 1982"
MP,1982,20,1982-08-31,parser+ocr300,1982-08-31,ocr:warszawa,1982-08-31,,MP/1982/168,15,15," LUDOWEJ Warszawa, dnia 31 sierpnia 1982"
MP,1982,21,1982-09-06,parser+ocr300,1982-09-06,text:warszawa,1982-09-06,,MP/1982/183,5,5,"WY Nr21 Warszawa,. dnia 6 wrze8nia 1982"
MP,1982,22,1982-09-23,parser+ocr300,1982-09-23,text:warszawa,1982-09-23,,MP/1982/188,6,6,"J Nr 22 Warszawa, dnia 23 wrzesnia 1982"
MP,1982,23,1982-10-05,obraz+parser,1982-10-05,ocr:warszawa,,1982-10-05,MP/1982/194,14,14," LUDOWEJ Warszawa, dnia 5 października 1982"
MP,1982,24,1982-10-15,parser+ocr300,1982-10-15,ocr:warszawa,1982-10-15,,MP/1982/208,10,10," LUDOWEJ Warszawa, dnia 15 października 1982"
MP,1982,25,1982-10-18,parser+ocr300,1982-10-18,ocr:warszawa,1982-10-18,,MP/1982/218,17,17,"Warszawa, dnia 18 października 1982"
MP,1982,26,1982-11-06,parser+ocr300,1982-11-06,ocr:warszawa,1982-11-06,,MP/1982/235,5,5," LUDOWEJ Warszawa, dnia 6 listopada 1982"
MP,1982,27,1982-11-19,parser+ocr300,1982-11-19,text:warszawa,1982-11-19,,MP/1982/240,8,8,DOWEJ .' Warszawa~ dnia 19 listopada 1982
MP,1982,28,1982-11-30,parser+ocr300,1982-11-30,ocr:warszawa,1982-11-30,,MP/1982/248,3,3," LUDOWEJ Warszawa, dnia 30 listopada 1982"
MP,1982,29,1982-12-09,parser+ocr300,1982-12-09,ocr:warszawa,1982-12-09,,MP/1982/251,7,7," LUDOWEJ Warszawa, dnia 9 grudnia 1982"
MP,1982,30,1982-12-16,parser+ocr300,1982-12-16,text:warszawa,1982-12-16,,MP/1982/258,8,8,"J Nr 30 Warszawa, dnia 16 grudnia 1982"
MP,1982,31,1982-12-28,parser+ocr300,1982-12-28,text:warszawa,1982-12-28,,MP/1982/266,10,10,"OW£J l~r Warszawa, dnia 28 grudnia 1982"
MP,1982,32,1982-12-30,parser+ocr300,1982-12-30,text:warszawa,1982-12-30,,MP/1982/276,11,11,"lUDOW·~J Warszawa, dnia 30 grudnia 1982"
MP,1982,33,1982-12-31,obraz×2,,none,,1982-12-31 1982-12-31,MP/1982/287,10,10,
MP,1983,1,1983-01-12,parser+ocr300,1983-01-12,ocr:warszawa,1983-01-12,,MP/1983/1,9,9," LUDOWEJ Warszawa, dnia 12 stycznia 1983"
MP,1983,3,1983-01-27,parser+ocr300,1983-01-27,text:warszawa,1983-01-27,,MP/1983/19,5,5,"OWEJ Nr 3 Warsza~a, dnia 27 stycznia 1983"
MP,1983,4,1983-02-02,parser+ocr300,1983-02-02,ocr:warszawa,1983-02-02,,MP/1983/24,5,5,"-LUDOWEJ Warszawa, dnia 2 lutego 1983"
MP,1983,6,1983-02-23,parser+ocr300,1983-02-23,text:warszawa,1983-02-23,,MP/1983/38,6,6," LUDOWEJ Warszawa, dnia 23 lutego 1983"
MP,1983,7,1983-03-03,parser+ocr300,1983-03-03,text:warszawa,1983-03-03,,MP/1983/44,2,2," LUDOWEJ Warszawa, dnia 3 marca 1983"
MP,1983,8,1983-03-10,parser+ocr300,1983-03-10,ocr:warszawa,1983-03-10,,MP/1983/46,6,6," LUDOWEJ Warszawa, dnia 10 marca 1983"
MP,1983,10,1983-03-15,parser+ocr300,1983-03-15,text:warszawa,1983-03-15,,MP/1983/53,5,5,"J Nr 10 Warszawa, dnia 15 marca 1983"
MP,1983,11,1983-03-26,parser+ocr300,1983-03-26,text:warszawa,1983-03-26,,MP/1983/58,2,2,"J Nr 11 Warszawa, dnia 26 marca 1983"
MP,1983,12,1983-03-31,parser+ocr300,1983-03-31,text:warszawa,1983-03-31,,MP/1983/60,17,17,"J Nr 12 Warszawa, dnia 31 marca 1983"
MP,1983,13,1983-04-09,parser+ocr300,1983-04-09,text:warszawa,1983-04-09,,MP/1983/77,4,4,"J Nr 13 Warszawa, dnia 9 kwietnia 1983"
MP,1983,14,1983-04-23,parser+ocr300,1983-04-23,text:warszawa,1983-04-23,,MP/1983/81,4,4," LUDQWEJ Warszawa, dnia 23 kwietnia 1983"
MP,1983,15,1983-04-29,parser+ocr300,1983-04-29,ocr:warszawa,1983-04-29,,MP/1983/85,4,4," LUDOWEJ Warszawa, dnia 29 kwietnia 1983"
MP,1983,16,1983-05-06,parser+ocr300,1983-05-06,text:warszawa,1983-05-06,,MP/1983/89,4,4," LUDOWEJ Warszawa, dnia 6 maja 1983"
MP,1983,17,1983-05-11,parser+ocr300,1983-05-11,text:warszawa,1983-05-11,,MP/1983/93,8,8,"J Nr 17 Warszawa, dnia 11 maja 1983"
MP,1983,18,1983-05-27,obraz+ocr300 (trzeci odczyt inny),1983-05-21,text:warszawa,1983-05-27,1983-05-27,MP/1983/101,7,7," LUDOWEJ Warszawa, dnia 21 maja 1983"
MP,1983,19,1983-06-15,parser+ocr300,1983-06-15,text:warszawa,1983-06-15,,MP/1983/108,4,4,"J Nr 19 Warszawa, dnia 15 czerwca 1983"
MP,1983,20,1983-06-17,parser+ocr300,1983-06-17,text:warszawa,1983-06-17,,MP/1983/112,5,5,"J Nr 20 Warszawa, dnia 17 czerwca 1983"
MP,1983,21,1983-06-29,parser+ocr300,1983-06-29,text:warszawa,1983-06-29,,MP/1983/117,6,6,"J LUDOWEJ Warszawa, dnia 29 czerwca 1983"
MP,1983,22,1983-06-30,parser+ocr300,1983-06-30,text:warszawa,1983-06-30,,MP/1983/123,2,2," Nr 22 ' Warszawa, dnia 30 czerwca 1983"
MP,1983,23,1983-07-09,parser+ocr300,1983-07-09,ocr:warszawa,1983-07-09,,MP/1983/125,5,5," LUDOWEJ Warszawa, dnia 9 lipca 1983"
MP,1983,24,1983-07-12,parser+ocr300,1983-07-12,text:warszawa,1983-07-12,,MP/1983/130,2,2,"! Nr 24 Warszawa, dnia 12 lipca 1983"
MP,1983,25,1983-07-16,parser+ocr300,1983-07-16,ocr:warszawa,1983-07-16,,MP/1983/132,5,5," LUDOWEJ Warszawa, dnia 16 lipca 1983"
MP,1983,26,1983-08-05,parser+ocr300,1983-08-05,ocr:warszawa,1983-08-05,,MP/1983/137,14,14,"OLSKI iS Warszawa, dnia 5 sierpnia 1983"
MP,1983,27,1983-08-15,parser+ocr300,1983-08-15,text:warszawa,1983-08-15,,MP/1983/151,2,2,"J Nr 27 Warszawa, dnia 15 sierpnia 1983"
MP,1983,28,1983-08-19,parser+ocr300,1983-08-19,text:warszawa,1983-08-19,,MP/1983/153,2,2," LUDOWEJ Warszawa, dnia 19 sierpnia 1983"
MP,1983,29,1983-08-26,parser+ocr300,1983-08-26,text:warszawa,1983-08-26,,MP/1983/155,4,4," LUDOWEJ Warszawa, dnia 26 sierpnia 1983"
MP,1983,30,1983-09-15,parser+ocr300,1983-09-15,text:warszawa,1983-09-15,,MP/1983/159,7,7,"J LUDOWEJ Warszawa, dnia 15 września 1983"
MP,1983,31,1983-09-22,parser+ocr300,1983-09-22,text:warszawa,1983-09-22,,MP/1983/166,9,9,"J Nr 31 Warszawa, dnia 22 września 1983"
MP,1983,32,1983-10-07,parser+ocr300,1983-10-07,ocr:warszawa,1983-10-07,,MP/1983/175,5,5,"LUDOWEJ „Warszawa, dnia 7 października 1983"
MP,1983,33,1983-10-12,parser+ocr300,1983-10-12,ocr:warszawa,1983-10-12,,MP/1983/180,5,5," LUDOWEJ Warszawa, dnia 12 października 1983"
MP,1983,34,1983-10-28,parser+ocr300,1983-10-28,ocr:warszawa,1983-10-28,,MP/1983/185,8,8," LUDOWEJ Warszawa, dnia 28 października 1983"
MP,1983,35,1983-10-29,obraz+parser,1983-10-29,text:warszawa,,1983-10-29,MP/1983/193,8,8," LUDOWEJ Warszawa, dnia 29 października 1983"
MP,1983,36,1983-11-18,parser+ocr300,1983-11-18,ocr:warszawa,1983-11-18,,MP/1983/201,5,5,"LUDOWEJ” Warszawa, dnia 18 listopada 1983"
MP,1983,37,1983-11-28,obraz+parser,1983-11-28,ocr:warszawa,1983-11-28,1983-11-28,MP/1983/206,1,1," LuvoWEJ Warszawa, dnia 28 listopada 1983"
MP,1983,39,1983-12-12,obraz+ocr300,,none,1983-12-12,1983-12-12,MP/1983/225,8,8,
MP,1983,40,1983-12-15,obraz+parser,1983-12-15,text:warszawa,,1983-12-15,MP/1983/233,1,1,"J Nr 40 Warszawa, dnia 15 grudnia 1983"
MP,1983,41,,bez odczytu (do obrazu),,none,,,MP/1983/234,4,4,
MP,1983,42,1983-12-27,parser+ocr300,1983-12-27,text:warszawa,1983-12-27,,MP/1983/238,8,8," LUDOWEJ Warszawa, dnia 27 grudnia 1983"
MP,1983,43,1983-12-30,obraz×2,,none,,1983-12-30 1983-12-30,MP/1983/246,10,10,
MP,1983,44,1983-12-31,parser+ocr300,1983-12-31,text:warszawa,1983-12-31,,MP/1983/256,11,11," LUDOWEJ Warszawa, dnia 31 grudnia 1983"
MP,1984,1,1984-01-20,parser+ocr300,1984-01-20,text:warszawa,1984-01-20,,MP/1984/1,7,7," ,N r 1 Warszawa, dnia 20 stycznia 1984"
MP,1984,2,1984-01-30,parser+ocr300,1984-01-30,ocr:warszawa,1984-01-30,,MP/1984/8,11,11," LUDOWEJ Warszawa, dnia 30 stycznia 1984"
MP,1984,3,1984-02-20,obraz+ocr300,,none,1984-02-20,1984-02-20,MP/1984/19,11,11,
MP,1984,4,1984-03-05,parser+ocr300,1984-03-05,text:warszawa,1984-03-05,,MP/1984/30,9,9," LUDOWEJ Warszawa, dnia 5 marca 1984"
MP,1984,5,1984-03-07,obraz+ocr300 (trzeci odczyt inny),1984-03-01,text:warszawa,1984-03-07,1984-03-07,MP/1984/39,6,6,"EJ Nr 5 Warszawa, dnia 1 marca 1984"
MP,1984,6,1984-03-15,parser+ocr300,1984-03-15,ocr:warszawa,1984-03-15,,MP/1984/45,6,6," LUDOWEJ Warszawa, dnia 15 marca 1984"
MP,1984,7,1984-03-20,parser+ocr300,1984-03-20,ocr:warszawa,1984-03-20,,MP/1984/51,2,2," LUDOWEJ Warszawa, dnia 20 marca 1984"
MP,1984,8,1984-03-28,obraz+ocr300,,none,1984-03-28,1984-03-28,MP/1984/53,6,6,
MP,1984,9,1984-04-02,parser+ocr300,1984-04-02,text:warszawa,1984-04-02,,MP/1984/59,6,6,"J LUDOWEJ Warszawa, dnia 2 kwietnia 1984"
MP,1984,10,1984-04-24,parser+ocr300,1984-04-24,text:warszawa,1984-04-24,,MP/1984/65,10,10,"OWEJ / . Warszawa, dnia 24 kwietnia 1984"
MP,1984,11,1984-05-16,parser+ocr300,1984-05-16,text:warszawa,1984-05-16,,MP/1984/75,6,6,"J LUDOWEJ Warszawa, dnia 16 maja 1984"
MP,1984,12,1984-05-23,parser+ocr300,1984-05-23,text:warszawa,1984-05-23,,MP/1984/81,7,7," LUDOWEJ Warszawa, dnia 23 maja 1984"
MP,1984,13,1984-06-12,parser+ocr300,1984-06-12,ocr:warszawa,1984-06-12,,MP/1984/88,13,13," LUDOWEJ Warszawa, dnia 12 czerwca 1984"
MP,1984,14,1984-06-19,parser+ocr300,1984-06-19,text:warszawa,1984-06-19,,MP/1984/101,1,1,"J LUDOWEJ Warszawa, dnia 19 czerwca 1984"
MP,1984,15,1984-06-22,obraz+ocr300 (trzeci odczyt inny),1984-06-21,text:warszawa,1984-06-22,1984-06-22,MP/1984/102,8,8,"J LUDOWEJ Warszawa, dnia 21 czerwca 1984"
MP,1984,16,1984-07-20,parser+ocr300,1984-07-20,ocr:warszawa,1984-07-20,,MP/1984/110,10,10," LUDOWEJ Warszawa, dnia 20 lipca 1984"
MP,1984,17,1984-07-25,parser+ocr300,1984-07-25,ocr:warszawa,1984-07-25,,MP/1984/120,7,7," LUDOWEJ warszawa, dnia 25 lipca 1984"
MP,1984,18,1984-07-31,parser+ocr300,1984-07-31,ocr:warszawa,1984-07-31,,MP/1984/127,4,4," LUDOWEJ Warszawa, dnia 31 lipca 1984"
MP,1984,19,1984-08-09,parser+ocr300,1984-08-09,ocr:warszawa,1984-08-09,,MP/1984/131,4,4," LUDOWEJ Warszawa, dnia 9 sierpnia 1984"
MP,1984,20,1984-08-28,parser+ocr300,1984-08-28,text:warszawa,1984-08-28,,MP/1984/135,5,5,"..... , Warszawa, dnia 28 sierpnia 1984"
MP,1984,21,1984-09-08,obraz+ocr300,,none,1984-09-08,1984-09-08,MP/1984/140,7,7,
MP,1984,22,1984-09-28,parser+ocr300,1984-09-28,ocr:warszawa,1984-09-28,,MP/1984/147,8,8," LUDOWEJ Warszawa, dnia 28 września 1984"
MP,1984,23,1984-10-16,parser+ocr300,1984-10-16,text:warszawa,1984-10-16,,MP/1984/155,9,9,o Nr 23 Wara.śwa. dnia 16 października 1984
MP,1984,24,1984-10-30,parser+ocr300,1984-10-30,text:warszawa,1984-10-30,,MP/1984/164,3,3, Nr 24 '-Warszawa. dnia 30 października 1984
MP,1984,25,1984-11-22,parser+ocr300,1984-11-22,text:warszawa,1984-11-22,,MP/1984/167,7,7,".LUDOWEJ Warszawa, dnIa 22 listopada 1984"
MP,1984,26,1984-12-06,parser+ocr300,1984-12-06,ocr:warszawa,1984-12-06,,MP/1984/174,6,6," LUDOWEJ Warszawa, dnia 6 grudnia 1984"
MP,1984,27,1984-12-18,parser+ocr300,1984-12-18,ocr:warszawa,1984-12-18,,MP/1984/180,3,3," LUDOWEJ Warszawa, dnia 18 grudnia 1984"
MP,1984,28,1984-12-27,parser+ocr300,1984-12-27,ocr:warszawa,1984-12-27,,MP/1984/183,9,9," LUDOWCJ Warszawa, dnia 27 grudnia 1984"
MP,1984,29,1984-12-29,parser+ocr300,1984-12-29,ocr:warszawa,1984-12-29,,MP/1984/192,10,10," LUDOWEJ Warszawa, dnia 29 grudnia 1984"
MP,1984,30,1984-12-30,parser+ocr300,1984-12-30,text:warszawa,1984-12-30,,MP/1984/202,11,11," Nr, 30 Warszawa, dnia 30 grudnia 1984"
MP,1984,31,1984-12-31,parser+ocr300,1984-12-31,ocr:warszawa,1984-12-31,,MP/1984/213,3,3,"Warszawa, dnia 31 grudnia 1984"
MP,1985,1,1985-02-01,parser+ocr300,1985-02-01,ocr:warszawa,1985-02-01,,MP/1985/1,9,9," LUDOWEJ Warszawa, dnia 1 lutego 1985"
MP,1985,2,1985-02-22,parser+ocr300,1985-02-22,ocr:warszawa,1985-02-22,,MP/1985/10,8,8," LUDOWEJ Warszawa, dnia 22 lutego 1985"
MP,1985,3,1985-02-28,parser+ocr300,1985-02-28,text:warszawa,1985-02-28,,MP/1985/18,8,8,"WEJ Nr3 Warszawa, dnia 28 lutego 1985"
MP,1985,4,1985-03-08,parser+ocr300,1985-03-08,ocr:warszawa,1985-03-08,,MP/1985/26,6,6," LUDOWEJ Warszawa, dnia 8 marca 1985"
MP,1985,5,1985-03-19,parser+ocr300,1985-03-19,text:warszawa,1985-03-19,,MP/1985/32,9,9,"WEJ Nr5 Warszawa, dnia 19 marca 1985"
MP,1985,6,1985-04-05,parser+ocr300,1985-04-05,ocr:warszawa,1985-04-05,,MP/1985/41,10,10," LUDOWEJ Warszawa, dnia 5 kwietnia 1985"
MP,1985,7,1985-04-23,parser+ocr300,1985-04-23,text:warszawa,1985-04-23,,MP/1985/51,12,12," Nr 7- \Varszawa, dnia 23 kwietnia 1985"
MP,1985,8,1985-04-29,parser+ocr300,1985-04-29,text:warszawa,1985-04-29,,MP/1985/63,13,13,"UDOWEJ \ Warszawa, dnia 29 kwietnia 1985"
MP,1985,9,1985-05-10,parser+ocr300,1985-05-10,text:warszawa,1985-05-10,,MP/1985/76,6,6," LUDOWEJ Warszawa, dnia 10 maja 1985"
MP,1985,10,1985-05-24,parser+ocr300,1985-05-24,ocr:warszawa,1985-05-24,,MP/1985/82,7,7," LUDOWEJ Warszawa, dnia 24 maja 1985"
MP,1985,11,1985-05-29,parser+ocr300,1985-05-29,ocr:warszawa,1985-05-29,,MP/1985/89,6,6," LUDOWEJ Warszawa, dnia 29 maja 1985"
MP,1985,12,1985-05-30,parser+ocr300,1985-05-30,ocr:warszawa,1985-05-30,,MP/1985/95,1,1," LUDOWEJ Warszawa, dnia 30 maja 1985"
MP,1985,13,1985-06-18,parser+ocr300,1985-06-18,ocr:warszawa,1985-06-18,,MP/1985/96,11,11," LUDOWEJ Warszawa, dnia 18 czerwca 1985"
MP,1985,14,1985-06-20,obraz+ocr300,,none,1985-06-20,1985-06-20,MP/1985/107,5,5,
MP,1985,15,1985-06-26,parser+ocr300,1985-06-26,ocr:warszawa,1985-06-26,,MP/1985/112,12,12," LUDOWEJ Warszawa, dnia 26 czerwca 1985"
MP,1985,16,1985-06-29,parser+ocr300,1985-06-29,text:warszawa,1985-06-29,,MP/1985/124,8,8," r16 ' . Warszawa, dnia 29 czerwca 1985"
MP,1985,17,1985-07-17,obraz×2,,none,,1985-07-17 1985-07-17,MP/1985/132,9,9,
MP,1985,18,1985-07-18,parser+ocr300,1985-07-18,text:warszawa,1985-07-18,,MP/1985/141,3,3," Nr 18 / Warszawa, dnia 18 lipca 1985"
MP,1985,19,1985-07-25,parser+ocr300,1985-07-25,text:warszawa,1985-07-25,,MP/1985/144,9,9,"WEJ / ' Warszawa, dnia 25 lipca 1985"
MP,1985,20,,bez odczytu (do obrazu),,none,,,MP/1985/153,6,6,
MP,1985,21,1985-08-15,obraz+parser,1985-08-15,text:warszawa,,1985-08-15,MP/1985/159,5,5,"J Nr 21 Warszawa, dnia 15 sierpnia 1985"
MP,1985,22,1985-08-27,parser+ocr300,1985-08-27,text:warszawa,1985-08-27,,MP/1985/164,5,5,"LUDOWEJ • Warszawa, dnia 27 sierpnia 1985"
MP,1985,23,1985-09-24,parser+ocr300,1985-09-24,text:warszawa,1985-09-24,,MP/1985/169,15,15,"----------Warszawa, dnia 24 września 1985"
MP,1985,24,1985-09-26,parser+ocr300,1985-09-26,ocr:warszawa,1985-09-26,,MP/1985/184,9,9," LUDOWEJ Warszawa, dnia 26 września 1985"
MP,1985,25,1985-09-30,parser+ocr300,1985-09-30,text:warszawa,1985-09-30,,MP/1985/193,1,1,"UDOWEJ.. Warszawa, dnia 30 września 1985"
MP,1985,26,1985-10-04,parser+ocr300,1985-10-04,text:warszawa,1985-10-04,,MP/1985/194,1,1,"J LUDOWEJ Warszawa, dnia 4 października 1985"
MP,1985,27,1985-10-10,parser+ocr300,1985-10-10,text:warszawa,1985-10-10,,MP/1985/195,3,3," LUDOWEJ Warszawa, dnia 10 października 1985"
MP,1985,28,1985-10-18,parser+ocr300,1985-10-18,text:warszawa,1985-10-18,,MP/1985/198,2,2,"J LUDOWEJ Warszawa, dnia 18 października 1985"
MP,1985,29,1985-10-21,parser+ocr300,1985-10-21,ocr:warszawa,1985-10-21,,MP/1985/200,2,2," LUDOWEJ Warszawa, dnia 21 października 1985"
MP,1985,31,1985-10-31,parser+ocr300,1985-10-31,ocr:warszawa,1985-10-31,,MP/1985/209,3,3," LUDOWEJ Warszawa, dnia 31 października 1985"
MP,1985,32,1985-11-07,parser+ocr300,1985-11-07,text:warszawa,1985-11-07,,MP/1985/212,7,7," Nr 32 'Warszawa, dnia 7 listopada 1985"
MP,1985,33,1985-11-14,parser+ocr300,1985-11-14,text:warszawa,1985-11-14,,MP/1985/219,7,7,"LUD·OWEJ Warszawa, dnia 14 listopada 1985"
MP,1985,34,1985-11-15,parser+ocr300,1985-11-15,text:warszawa,1985-11-15,,MP/1985/226,4,4,"UDOWEJ - Warszawa, dnia 15 listopada 1985"
MP,1985,35,1985-11-28,parser+ocr300,1985-11-28,ocr:warszawa,1985-11-28,,MP/1985/230,10,10," LUDOWEJ Warszawa, dnia 28 listopada 1985"
MP,1985,36,1985-11-30,parser+ocr300,1985-11-30,text:warszawa,1985-11-30,,MP/1985/240,3,3,"J lUDOWEJ Warszawa, dnia 30 listopada 1985"
MP,1985,37,1985-12-06,parser+ocr300,1985-12-06,ocr:warszawa,1985-12-06,,MP/1985/243,13,13," LUDOWEJ Warszawa, dnia 6 grudnia 1985"
MP,1985,38,1985-12-12,parser+ocr300,1985-12-12,text:warszawa,1985-12-12,,MP/1985/256,3,3,"J LUDOWEJ Warszawa, dnia 12 grudnia 1985"
MP,1985,39,1985-12-16,parser+ocr300,1985-12-16,ocr:warszawa,1985-12-16,,MP/1985/259,1,1," LUDOWEJ Warszawa, dnia 16 grudnia 1985"
MP,1985,40,1985-12-18,parser+ocr300,1985-12-18,ocr:warszawa,1985-12-18,,MP/1985/260,1,1," LUDOWEJ Warszawa, dnia 18 grudnia 1985"
MP,1985,41,1985-12-20,parser+ocr300,1985-12-20,text:warszawa,1985-12-20,,MP/1985/261,8,8,"UDOW·EJ , Warszawa, dnia 20 grudnia 1985"
MP,1985,42,1985-12-21,parser+ocr300,1985-12-21,ocr:warszawa,1985-12-21,,MP/1985/269,3,3," LUDOWEJ Warszawa, dnia 21 grudnia 1985"
MP,1985,43,1985-12-23,parser+ocr300,1985-12-23,text:warszawa,1985-12-23,,MP/1985/272,13,12,"J LUDOWEJ Warszawa, dnia 23 grudnia 1985"
MP,1985,44,1985-12-24,parser+ocr300,1985-12-24,ocr:warszawa,1985-12-24,,MP/1985/285,4,4," LUDOWEJ Warszawa, dnia 24 grudnia 1985"
MP,1985,45,1985-12-27,parser+ocr300,1985-12-27,text:warszawa,1985-12-27,,MP/1985/289,2,2," LUDOWEJ Warszawa, dnia 27 grudnia 1985"
MP,1985,46,1985-12-28,parser+ocr300,1985-12-28,ocr:warszawa,1985-12-28,,MP/1985/291,19,19," LUDOWEJ Warszawa, dnia 28 grudnia 1985"
MP,1985,47,1985-12-30,parser+ocr300,1985-12-30,text:warszawa,1985-12-30,,MP/1985/310,1,1,".LUDOWEJ Warszawa, dnia 30 grudnia 1985"
MP,1985,48,1985-12-31,parser+ocr300,1985-12-31,text:warszawa,1985-12-31,,MP/1985/311,8,8,",LU0,0WEJ Warszawa. dnia 31 grudnia 1985"
MP,1986,1,1986-01-30,parser+ocr300,1986-01-30,ocr:warszawa,1986-01-30,,MP/1986/1,6,6," LUDOWEJ Warszawa, dnia 30 stycznia 1986"
MP,1986,2,1986-02-05,obraz+parser,1986-02-05,text:warszawa,1986-02-05,1986-02-05,MP/1986/7,9,9,"J LUDOWEJ Warszawa, dnia 5 lutego 1986"
MP,1986,3,1986-02-14,parser+ocr300,1986-02-14,ocr:warszawa,1986-02-14,,MP/1986/16,9,9," LUDOWEJ Warszawa, dnia 14 lutego 1986"
MP,1986,4,1986-02-28,parser+ocr300,1986-02-28,ocr:warszawa,1986-02-28,,MP/1986/25,7,7,"R POLSKI Warszawa, dnia 28 lutego 1986"
MP,1986,5,1986-03-01,parser+ocr300,1986-03-01,text:warszawa,1986-03-01,,MP/1986/32,4,4,"J LUDOWEJ Warszawa, dnia l marca 1986"
MP,1986,6,1986-03-11,parser+ocr300,1986-03-11,ocr:warszawa,1986-03-11,,MP/1986/36,9,9," LUDOWEJ Warszawa, dnia ll marca 1986"
MP,1986,7,1986-03-17,parser+ocr300,1986-03-17,ocr:warszawa,1986-03-17,,MP/1986/45,9,9," LUDOWEJ Warszawa, dnia 17 marca 1986"
MP,1986,8,1986-03-24,parser+ocr300,1986-03-24,ocr:warszawa,1986-03-24,,MP/1986/54,7,7," LUDOWEJ Warszawa, dnia 24 marca 1986"
MP,1986,9,1986-04-01,parser+ocr300,1986-04-01,text:warszawa,1986-04-01,,MP/1986/61,6,6," LUDOWEJ Warszawa, dnia l kwietnia 1986"
MP,1986,10,1986-04-10,parser+ocr300,1986-04-10,text:warszawa,1986-04-10,,MP/1986/67,2,2,"LUDOWEJ, Warszawa, dnia 10 kwietnia 1986"
MP,1986,11,1986-04-15,obraz×2,,none,,1986-04-15 1986-04-15,MP/1986/69,9,9,
MP,1986,13,1986-05-15,parser+ocr300,1986-05-15,ocr:warszawa,1986-05-15,,MP/1986/88,6,6," LUDOWEJ Warszawa, dnia 15 maja 1986"
MP,1986,14,,bez odczytu (do obrazu),,none,,nieczytelny,MP/1986/94,5,5,
MP,1986,15,1986-06-06,parser+ocr300,1986-06-06,text:warszawa,1986-06-06,,MP/1986/99,5,5,"J Nr 15 Warszawa, dnia 6 czerwca 1986"
MP,1986,16,1986-06-10,parser+ocr300,1986-06-10,ocr:warszawa,1986-06-10,,MP/1986/104,1,1,"LUDOWEJ. Warszawa, dnia 10 czerwca 1986"
MP,1986,17,1986-06-24,parser+ocr300,1986-06-24,text:warszawa,1986-06-24,,MP/1986/105,13,13,"·LUDOWEJ Warszawa, dnia 24 czerwca 1986"
MP,1986,18,1986-07-01,parser+ocr300,1986-07-01,ocr:warszawa,1986-07-01,,MP/1986/118,17,17,"* $ 4 Ę Warszawa, dnia 1 lipca 1986"
MP,1986,19,1986-07-10,parser+ocr300,1986-07-10,ocr:warszawa,1986-07-10,,MP/1986/135,8,8," LUDOWEJ Warszawa, dnia 10 lipca 1986"
MP,1986,20,1986-07-17,parser+ocr300,1986-07-17,text:warszawa,1986-07-17,,MP/1986/143,8,8,"J LUDOWEJ Warszawa, dnia 17 lipca 1986"
MP,1986,21,1986-07-26,parser+ocr300,1986-07-26,ocr:warszawa,1986-07-26,,MP/1986/151,2,2," LUDOWEJ Warszawa, dnia 26 lipca 1986"
MP,1986,22,1986-07-30,parser+ocr300,1986-07-30,text:warszawa,1986-07-30,,MP/1986/153,15,15," LUDOWEJ Warszawa, dnia 30 lipca 1986"
MP,1986,23,1986-07-31,parser+ocr300,1986-07-31,text:warszawa,1986-07-31,,MP/1986/168,4,4,"UDOWEJ , Warszawa, dnia 31 lipca 1986"
MP,1986,24,1986-08-05,parser+ocr300,1986-08-05,text:warszawa,1986-08-05,,MP/1986/172,2,2," LUDOWEJ Warszawa, dnia 5 sierpnia 1986"
MP,1986,25,1986-08-15,obraz+parser (trzeci odczyt inny),1986-08-15,text:warszawa,1986-08-13,1986-08-15,MP/1986/174,4,4,"J Nr 25 Warszawa, dnia 15 sierpnia 1986"
MP,1986,26,1986-08-29,parser+ocr300,1986-08-29,ocr:warszawa,1986-08-29,,MP/1986/178,5,5," LUDOWEJ Warszawa, dnia 29 sierpnia 1986"
MP,1986,27,1986-09-01,parser+ocr300,1986-09-01,text:warszawa,1986-09-01,,MP/1986/183,9,9,"-------~~ Warszawa, dnia l września 1986"
MP,1986,28,1986-09-25,parser+ocr300,1986-09-25,text:warszawa,1986-09-25,,MP/1986/192,12,12,"j LUDOWEJ Warszawa, dnia 25 września 1986"
MP,1986,29,1986-10-01,obraz×2,,none,,1986-10-01 1986-10-01,MP/1986/204,10,10,
MP,1986,30,1986-10-17,parser+ocr300,1986-10-17,text:warszawa,1986-10-17,,MP/1986/214,7,7,", Nr 30 Warszawa, dnia 17 października 1986"
MP,1986,31,1986-11-17,parser+ocr300,1986-11-17,ocr:warszawa,1986-11-17,,MP/1986/221,8,8," LUDOWEJ Warszawa, dnia 17 listopada 1986"
MP,1986,32,1986-12-02,parser+ocr300,1986-12-02,text:warszawa,1986-12-02,,MP/1986/229,11,11,"J Nr 32 Warszawa, dnia 2 grudnia 1986"
MP,1986,33,1986-12-27,parser+ocr300,1986-12-27,ocr:warszawa,1986-12-27,,MP/1986/240,10,10,"UDOWEJ © Warszawa, dnia 27 grudnia 1986"
MP,1986,34,1986-12-30,obraz+ocr300,,none,1986-12-30,1986-12-30,MP/1986/250,16,16,
MP,1986,35,1986-12-31,parser+ocr300,1986-12-31,ocr:warszawa,1986-12-31,,MP/1986/266,13,13,"DOWEJ d Warszawa, dnia 31 grudnia 1986"
MP,1987,1,1987-01-22,parser+ocr300,1987-01-22,text:warszawa,1987-01-22,,MP/1987/1,8,8," LUDOWEJ Warszawa, dnia 22 stycznia 1987"
MP,1987,2,1987-02-04,parser+ocr300,1987-02-04,ocr:warszawa,1987-02-04,,MP/1987/9,10,10," LUDOWEJ Warszawa, dnia 4 lutego 1987"
MP,1987,3,1987-02-12,parser+ocr300,1987-02-12,ocr:warszawa,1987-02-12,,MP/1987/19,13,13," LUDOWEJ Warszawa, dnia 12 lutego 1987"
MP,1987,4,1987-02-25,parser+ocr300,1987-02-25,text:warszawa,1987-02-25,,MP/1987/32,7,7,"r 4 ' .. Warszawa, dnia 25 lutego 1987"
MP,1987,5,1987-02-27,parser+ocr300,1987-02-27,text:warszawa,1987-02-27,,MP/1987/39,2,2,"EJ Nr 5 Warszawa, dnia 27 lutego 1987"
MP,1987,6,1987-03-06,parser+ocr300,1987-03-06,text:warszawa,1987-03-06,,MP/1987/41,7,7," Nr ' 6 Warszawa, dnia 6 marca 1987"
MP,1987,7,1987-03-10,parser+ocr300,1987-03-10,text:warszawa,1987-03-10,,MP/1987/48,16,16,"EJ Nr 7 Warszawa, dnia 10 marca 1987"
MP,1987,8,1987-03-26,parser+ocr300,1987-03-26,ocr:warszawa,1987-03-26,,MP/1987/64,12,12," LUDOWEJ Warszawa, dnia 26 marca 1987"
MP,1987,9,1987-03-31,parser+ocr300,1987-03-31,text:warszawa,1987-03-31,,MP/1987/76,14,14,"EJ Nr 9 Warszawa, dnia 31 marca 1987"
MP,1987,10,1987-04-04,parser+ocr300,1987-04-04,text:warszawa,1987-04-04,,MP/1987/90,7,7,"J Nr 10 Warszawa, dnia 4 kwietnia 1987"
MP,1987,11,1987-04-14,parser+ocr300,1987-04-14,ocr:warszawa,1987-04-14,,MP/1987/97,3,3," LUDOWEJ Warszawa, dnia 14 kwietnia 1987"
MP,1987,12,1987-04-22,parser+ocr300,1987-04-22,text:warszawa,1987-04-22,,MP/1987/100,7,7,"J LUDOWEJ Warszawa, dnia 22 kwietnia 1987"
MP,1987,13,1987-04-29,parser+ocr300,1987-04-29,text:warszawa,1987-04-29,,MP/1987/107,19,19,"J LUDOWEJ Warszawa, dnia 29 kwietnia 1987"
MP,1987,14,1987-05-15,parser+ocr300,1987-05-15,ocr:warszawa,1987-05-15,,MP/1987/126,7,7," LUDOWEJ Warszawa, dnia 15 maja 1987"
MP,1987,15,1987-05-28,parser+ocr300,1987-05-28,text:warszawa,1987-05-28,,MP/1987/133,5,5," LUDOWEJ Warszawa, dnia 28 maja 1987"
MP,1987,16,1987-06-05,parser+ocr300,1987-06-05,text:warszawa,1987-06-05,,MP/1987/138,3,3,", Nr 16 Warszawa,. dnia 5 czerwca 1987"
MP,1987,17,1987-06-17,parser+ocr300,1987-06-17,text:warszawa,1987-06-17,,MP/1987/141,9,9,"J Nr 17 Warszawa, dnia 17 czerwca 1987"
MP,1987,18,1987-06-26,parser+ocr300,1987-06-26,text:warszawa,1987-06-26,,MP/1987/150,10,10,"J Nr 18 Warszawa, 'dnia 26 czerwca 1987"
MP,1987,19,1987-07-01,parser+ocr300,1987-07-01,text:warszawa,1987-07-01,,MP/1987/160,10,10,"J Nr 19 Warszawa, dnia l lipca 1987"
MP,1987,20,1987-07-23,parser+ocr300,1987-07-23,text:warszawa,1987-07-23,,MP/1987/170,11,11,"SPOLłTEJ Warszawa, dnia 23 lipca 1987"
MP,1987,21,1987-07-30,obraz+parser,1987-07-30,ocr:warszawa,1987-07-30,1987-07-30,MP/1987/181,7,6," LUDOWEJ Warszawa, dnia 30 lipca 1987"
MP,1987,22,1987-08-08,obraz+parser,1987-08-08,text:warszawa,1987-08-08,1987-08-08,MP/1987/188,3,3,"J Nr 22 Warszawa, dnia 8 sierpnia 1987"
MP,1987,23,1987-08-12,obraz+parser,1987-08-12,ocr:warszawa,1987-08-12,1987-08-12 1987-08-12,MP/1987/191,1,1," LUDOWEJ Warszawa, dnia 12 sierpnia 1987"
MP,1987,24,1987-08-20,parser+ocr300,1987-08-20,ocr:warszawa,1987-08-20,,MP/1987/192,8,8," LUDOWEJ Warszawa, dnia 20 sierpnia 1987"
MP,1987,25,1987-09-04,parser+ocr300,1987-09-04,text:warszawa,1987-09-04,,MP/1987/200,6,6,"l Nr 25 Warszawa, dnia 4 września 1987"
MP,1987,26,1987-09-09,obraz+parser,1987-09-09,ocr:warszawa,,1987-09-09,MP/1987/206,4,4," LUDOWEJ Warszawa, dnia 9 września 1987"
MP,1987,27,1987-09-16,parser+ocr300,1987-09-16,text:warszawa,1987-09-16,,MP/1987/210,8,8,"J Nr 27 Warszawa, dnia 16 września 1987"
MP,1987,28,1987-09-30,parser+ocr300,1987-09-30,text:warszawa,1987-09-30,,MP/1987/218,6,6," LUDOWEJ Warszawa, dnia 30 września 1987"
MP,1987,29,1987-10-09,parser+ocr300,1987-10-09,text:warszawa,1987-10-09,,MP/1987/224,8,8,"J Nr 29 Warszawa, dnia 9 października 1987"
MP,1987,30,1987-10-19,parser+ocr300,1987-10-19,text:warszawa,1987-10-19,,MP/1987/232,6,6,"J LUDOWEJ Warszawa, dnia 19 października 1987"
MP,1987,31,1987-10-23,parser+ocr300,1987-10-23,text:warszawa,1987-10-23,,MP/1987/238,7,7,"J Nr 31 Warszawa, dnia 23 października 1987"
MP,1987,32,1987-11-02,parser+ocr300,1987-11-02,text:warszawa,1987-11-02,,MP/1987/245,33,33,"J Nr 32 Warszawa, dnia 2 listopada 1987"
MP,1987,33,1987-11-14,parser+ocr300,1987-11-14,ocr:warszawa,1987-11-14,,MP/1987/278,15,15," LUDOWEJ Warszawa, dnia 14 listopada 1987"
MP,1987,34,1987-12-04,parser+ocr300,1987-12-04,text:warszawa,1987-12-04,,MP/1987/293,2,2,"J LUDOWEJ Warszawa, dnia 4 grudnia 1987"
MP,1987,35,1987-12-08,parser+ocr300,1987-12-08,ocr:warszawa,1987-12-08,,MP/1987/295,6,6," LUDOWEJ Warszawa, dnia 8 grudnia 1987"
MP,1987,36,1987-12-14,parser+ocr300,1987-12-14,text:warszawa,1987-12-14,,MP/1987/301,6,6,"J Nr 36 Warszawa, dnia 14 grudnia 1987"
MP,1987,37,1987-12-29,parser+ocr300,1987-12-29,ocr:warszawa,1987-12-29,,MP/1987/307,13,13," LUDOWEJ Warszawa, dnia 29 grudnia 1987"
MP,1987,38,1987-12-31,parser+ocr300,1987-12-31,text:warszawa,1987-12-31,,MP/1987/320,27,27," Nr 38*1 Warszawa, dnia 31 grudnia 1987"
MP,1988,1,1988-01-12,parser+ocr300,1988-01-12,ocr:warszawa,1988-01-12,,MP/1988/1,5,5,"UDOWEJ a Warszawa, dnia 12 stycznia 1988"
MP,1988,2,1988-01-28,parser+ocr300,1988-01-28,text:warszawa,1988-01-28,,MP/1988/6,13,13,"EJ Nr 2 Warszawa, dnia 28 stycznia 1988"
MP,1988,3,1988-02-02,parser+ocr300,1988-02-02,text:warszawa,1988-02-02,,MP/1988/19,12,12,"EJ Nr 3 Warszawa, dnia 2 lutego 1988"
MP,1988,4,1988-02-04,parser+ocr300,1988-02-04,ocr:warszawa,1988-02-04,,MP/1988/31,11,11," LUDOWEJ Warszawa, dnia 4 lutego 1988"
MP,1988,5,1988-02-15,parser+ocr300,1988-02-15,text:warszawa,1988-02-15,,MP/1988/42,13,13,"EJ Nr 5 Warszawa, dnia 15 lutego 1988"
MP,1988,6,1988-02-26,parser+ocr300,1988-02-26,text:warszawa,1988-02-26,,MP/1988/55,6,6,"... Nr6 Warszawa, dnia 26 lutego 1988"
MP,1988,7,1988-03-02,parser+ocr300,1988-03-02,text:warszawa,1988-03-02,,MP/1988/61,4,4,"WEJ Nr? Warszawa, dnia 2 marca 1988"
MP,1988,8,1988-03-05,parser+ocr300,1988-03-05,text:warszawa,1988-03-05,,MP/1988/65,6,6,"WEJ Nr8 Warszawa, dnia 5 marca 1988"
MP,1988,9,1988-03-19,parser+ocr300,1988-03-19,text:warszawa,1988-03-19,,MP/1988/71,13,13,"WEJ Nr9 Warszawa, dnia 19 marca 1988"
MP,1988,10,1988-04-01,parser+ocr300,1988-04-01,text:warszawa,1988-04-01,,MP/1988/84,5,5,"J Nr 10 Warszawa, dnia l kwietnia 1988"
MP,1988,11,1988-04-18,parser+ocr300,1988-04-18,text:warszawa,1988-04-18,,MP/1988/89,10,10,"J Nr 11 Warszawa, dnia 18 kwietnia 1988"
MP,1988,12,1988-04-26,parser+ocr300,1988-04-26,text:warszawa,1988-04-26,,MP/1988/99,10,10,"J Nr 12 Warszawa, dnia 26 kwietnia 1988"
MP,1988,13,1988-05-17,parser+ocr300,1988-05-17,text:warszawa,1988-05-17,,MP/1988/109,10,10,"J Nr 13 Warszawa, dnia 17 maja 1988"
MP,1988,14,1988-05-21,parser+ocr300,1988-05-21,text:warszawa,1988-05-21,,MP/1988/119,6,6,"J Nr 14 Warszawa, dnia 21 maja 1988"
MP,1988,15,1988-05-27,parser+ocr300,1988-05-27,text:warszawa,1988-05-27,,MP/1988/125,7,7,"J LUDOWEJ Warszawa, dnia 27 maja 1988"
MP,1988,16,1988-06-14,parser+ocr300,1988-06-14,text:warszawa,1988-06-14,,MP/1988/132,4,4,"J Nr 16 Warszawa, dnia 14 czerwca 1988"
MP,1988,17,1988-06-18,obraz+parser,1988-06-18,text:warszawa,1988-06-18,1988-06-18,MP/1988/136,10,10,"J Nr 11 Warszawa, dnia 18 czerwca 1988"
MP,1988,18,1988-06-30,parser+ocr300,1988-06-30,ocr:warszawa,1988-06-30,,MP/1988/146,15,15," LUDOWEJ Warszawa, dnia 30 czerwca 1988"
MP,1988,19,1988-07-09,parser+ocr300,1988-07-09,ocr:warszawa,1988-07-09,,MP/1988/161,15,15," LUDOWEJ Warszawa, dnia 9 lipca 1988"
MP,1988,20,1988-07-18,parser+ocr300,1988-07-18,text:warszawa,1988-07-18,,MP/1988/176,7,7," Nr 20 · Warszawa, dnia 18 lipca 1988"
MP,1988,21,1988-07-27,parser+ocr300,1988-07-27,ocr:warszawa,1988-07-27,,MP/1988/183,13,13," LUDOWEJ Warszawa, dnia 27 lipca 1988"
MP,1988,22,1988-08-22,parser+ocr300,1988-08-22,text:warszawa,1988-08-22,,MP/1988/196,13,13,", Nr 22 Warszawa, dnia 22 sierpnia 1988"
MP,1988,23,1988-08-31,parser+ocr300,1988-08-31,text:warszawa,1988-08-31,,MP/1988/209,6,6,"J Nr 23 Warszawa, dnia 31 sierpnia 1988"
MP,1988,24,1988-09-07,parser+ocr300,1988-09-07,text:warszawa,1988-09-07,,MP/1988/215,1,1,"UDOWEJ · Warszawa, dnia 7 września 1988"
MP,1988,25,1988-09-14,parser+ocr300,1988-09-14,ocr:warszawa,1988-09-14,,MP/1988/216,11,11," LUDOWEJ Warszawa, dnia 14 września 1988"
MP,1988,26,1988-09-22,parser+ocr300,1988-09-22,ocr:warszawa,1988-09-22,,MP/1988/227,10,10," LUDOWEJ Warszawa, dnia 22 września 1988"
MP,1988,27,1988-09-26,parser+ocr300,1988-09-26,ocr:warszawa,1988-09-26,,MP/1988/237,5,5," LUDOWEJ Warszawa, dnia 26 września 1988"
MP,1988,28,1988-10-01,parser+ocr300,1988-10-01,ocr:warszawa,1988-10-01,,MP/1988/242,13,13," LUDOWEJ Warszawa, dnia 1 października 1988"
MP,1988,29,1988-10-12,parser+ocr300,1988-10-12,ocr:warszawa,1988-10-12,,MP/1988/255,7,7," LUDOWEJ Warszawa, dnia 12 października 1988"
MP,1988,30,1988-10-25,parser+ocr300,1988-10-25,text:warszawa,1988-10-25,,MP/1988/262,16,16,"J Nr 30 Warszawa, dnia 25 października 1988"
MP,1988,31,1988-11-10,parser+ocr300,1988-11-10,ocr:warszawa,1988-11-10,,MP/1988/278,5,5," LUDOWEJ Warszawa, dnia 10 listopada 1988"
MP,1988,32,1988-12-12,parser+ocr300,1988-12-12,text:warszawa,1988-12-12,,MP/1988/283,15,15," Nr .32 Warszawa, dnia 12 grudnia 1988"
MP,1988,33,1988-12-19,parser+ocr300,1988-12-19,ocr:warszawa,1988-12-19,,MP/1988/298,7,7," LUDOWEJ Warszawa, dnia 19 grudnia 1988"
MP,1988,34,1988-12-23,parser+ocr300,1988-12-23,text:warszawa,1988-12-23,,MP/1988/305,11,11,"J Nr 34 Warszawa, dnia 23 grudnia 1988"
MP,1988,35,1988-12-28,parser+ocr300,1988-12-28,text:warszawa,1988-12-28,,MP/1988/316,10,10,"J Nr 35 Warszawa, dnia 28 grudnia 1988"
MP,1988,36,1988-12-30,parser+ocr300,1988-12-30,text:warszawa,1988-12-30,,MP/1988/326,15,15," ,Nr 36 Warszawa, dnia 30 grudnia 1988"
MP,1988,37,1988-12-31,parser+ocr300,1988-12-31,ocr:warszawa,1988-12-31,,MP/1988/341,7,7," LUDOWEJ Warszawa, dnia 31 grudnia 1988"
MP,1989,1,1989-01-28,obraz+parser,1989-01-28,text:warszawa,1989-01-28,1989-01-28,MP/1989/1,9,9," LUDOWEJ, Warszawa, dnia 28 stycznia 1989"
MP,1989,2,1989-01-31,parser+ocr300,1989-01-31,ocr:warszawa,1989-01-31,,MP/1989/10,9,9," LUDOWEJ Warszawa, dnia 31 stycznia 1989"
MP,1989,3,1989-02-16,parser+ocr300,1989-02-16,text:warszawa,1989-02-16,,MP/1989/19,16,16," Nr 3 ·' Warszawa, dnia 16 lutego 1989"
MP,1989,4,1989-02-24,parser+ocr300,1989-02-24,ocr:warszawa,1989-02-24,,MP/1989/35,13,13," LUDOWEJ Warszawa, dnia 24 lutego 1989"
MP,1989,5,1989-02-28,parser+ocr300,1989-02-28,text:warszawa,1989-02-28,,MP/1989/48,10,10,"WEJ Nr5 Warszawa, dnia 28 lutego 1989"
MP,1989,6,1989-03-15,parser+ocr300,1989-03-15,ocr:warszawa,1989-03-15,,MP/1989/58,8,8," LUDOWEJ Warszawa, dnia 15 marca 1989"
MP,1989,7,1989-03-21,parser+ocr300,1989-03-21,ocr:warszawa,1989-03-21,,MP/1989/66,3,3," LUDOWEJ Warszawa, dnia 21 marca 1989"
MP,1989,8,1989-03-29,parser+ocr300,1989-03-29,text:warszawa,1989-03-29,,MP/1989/69,8,8,"EJ Nr 8 Warszawa, dnia 29 marca 1989"
MP,1989,9,1989-03-31,parser+ocr300,1989-03-31,text:warszawa,1989-03-31,,MP/1989/77,5,5," , Nr9 Warszawa, dnia 31 marca 1989"
MP,1989,10,1989-04-06,parser+ocr300,1989-04-06,text:warszawa,1989-04-06,,MP/1989/82,2,2,"J Nr 10 Warszawa, dnia 6 kwietnia 1989"
MP,1989,11,1989-04-20,parser+ocr300,1989-04-20,ocr:warszawa,1989-04-20,,MP/1989/84,10,10," LUDOWEJ Warszawa, dnia 20 kwietnia 1989"
MP,1989,12,1989-04-25,parser+ocr300,1989-04-25,text:warszawa,1989-04-25,,MP/1989/94,8,8,"J Nr 12 Warszawa, dnia 25 kwietnia 1989"
MP,1989,13,1989-04-28,parser+ocr300,1989-04-28,text:warszawa,1989-04-28,,MP/1989/102,4,4,"J Nr 13 Warszawa, dnia 28 kwietnia 1989"
MP,1989,14,1989-05-15,parser+ocr300,1989-05-15,ocr:warszawa,1989-05-15,,MP/1989/106,2,2," LUDOWEJ Warszawa, dnia 15 maja 1989"
MP,1989,15,1989-05-16,parser+ocr300,1989-05-16,text:warszawa,1989-05-16,,MP/1989/108,6,6,"J Nr 15 Warszawa, dnia 16 maja 1989"
MP,1989,16,1989-05-23,parser+ocr300,1989-05-23,text:warszawa,1989-05-23,,MP/1989/114,5,5,"J Nr 16 Warszawa, dnia 23 maja 1989"
MP,1989,17,1989-05-30,parser+ocr300,1989-05-30,ocr:warszawa,1989-05-30,,MP/1989/119,3,3," LUDOWEJ Warszawa, dnia 30 maja 1989"
MP,1989,18,1989-06-08,parser+ocr300,1989-06-08,ocr:warszawa,1989-06-08,,MP/1989/122,4,4," LUDOWEJ Warszawa, dnia 8 czerwca 1989"
MP,1989,19,1989-06-14,parser+ocr300,1989-06-14,text:warszawa,1989-06-14,,MP/1989/126,7,7,"J Nr 19 Warszawa, dnia 14 czerwca 1989"
MP,1989,20,1989-06-27,parser+ocr300,1989-06-27,ocr:warszawa,1989-06-27,,MP/1989/133,16,16," LUDOWEJ Warszawa, dnia 27 czerwca 1989"
MP,1989,21,1989-07-03,parser+ocr300,1989-07-03,text:warszawa,1989-07-03,,MP/1989/149,6,6,"J Nr 21 Warszawa, dnia 3 lipca 1989"
MP,1989,22,1989-07-15,parser+ocr300,1989-07-15,ocr:warszawa,1989-07-15,,MP/1989/155,21,21," LUDOWEJ Warszawa, dnia 15 lipca 1989"
MP,1989,23,1989-07-27,parser+ocr300,1989-07-27,ocr:warszawa,1989-07-27,,MP/1989/176,6,6," LUDOWEJ Warszawa, dnia 27 lipca 1989"
MP,1989,24,1989-07-31,parser+ocr300,1989-07-31,text:warszawa,1989-07-31,,MP/1989/182,10,10,"J Nr 24 Warszawa, dnia 31 lipca 1989"
MP,1989,25,1989-08-01,parser+ocr300,1989-08-01,text:warszawa,1989-08-01,,MP/1989/192,9,9,"; Nr 25 Warszawa, dnia l sierpnia 1989"
MP,1989,26,1989-08-10,parser+ocr300,1989-08-10,text:warszawa,1989-08-10,,MP/1989/201,14,14,"J Nr 26 Warszawa, dnia 10 sierpnia 1989"
MP,1989,27,1989-08-16,obraz+parser,1989-08-16,text:warszawa,1989-08-16,1989-08-16,MP/1989/215,5,5,"J Nr 21 Warszawa, dnia 16 sierpnia 1989"
MP,1989,28,1989-08-21,parser+ocr300,1989-08-21,text:warszawa,1989-08-21,,MP/1989/220,1,1,"J Nr 28 Warszawa, dnia 21 sierpnia 1989"
MP,1989,29,1989-08-25,parser+ocr300,1989-08-25,text:warszawa,1989-08-25,,MP/1989/221,2,2,"J Nr 29 Warszawa, dnia 25 sierpnia 1989"
MP,1989,30,1989-08-31,parser+ocr300,1989-08-31,text:warszawa,1989-08-31,,MP/1989/223,14,14,"J Nr 30 Warszawa, dnia 31 sierpnia 1989"
MP,1989,31,1989-09-08,parser+ocr300,1989-09-08,text:warszawa,1989-09-08,,MP/1989/237,6,6,"J Nr 31 Warszawa,' dnia 8 września 1989"
MP,1989,32,1989-09-27,parser+ocr300,1989-09-27,ocr:warszawa,1989-09-27,,MP/1989/243,15,15," LUDOWEJ Warszawa, dnia 27 września 1989"
MP,1989,33,1989-09-28,parser+ocr300,1989-09-28,text:warszawa,1989-09-28,,MP/1989/258,3,3,"J Nr 33 Warszawa, dnia 28 września 1989"
MP,1989,34,1989-09-30,parser+ocr300,1989-09-30,text:warszawa,1989-09-30,,MP/1989/261,8,8,"J Nr 34 Warszawa, dnia 30 września 1989"
MP,1989,35,1989-10-20,obraz×2,,none,,1989-10-20 1989-10-20,MP/1989/269,14,14,
MP,1989,36,1989-10-25,parser+ocr300,1989-10-25,ocr:warszawa,1989-10-25,,MP/1989/283,7,7," LUDOWEJ Warszawa, dnia 25 października 1989"
MP,1989,37,1989-11-09,parser+ocr300,1989-11-09,ocr:warszawa,1989-11-09,,MP/1989/290,8,8," LUDOWEJ Warszawa, dnia 9 listopada 1989"
MP,1989,38,1989-11-15,parser+ocr300,1989-11-15,ocr:warszawa,1989-11-15,,MP/1989/298,6,6," LUDOWEJ Warszawa, dnia 15 listopada 1989"
MP,1989,39,1989-11-30,parser+ocr300,1989-11-30,text:warszawa,1989-11-30,,MP/1989/304,10,10,"J Nr 39 Warszawa, dnia 30 listopada 1989"
MP,1989,40,1989-12-08,parser+ocr300,1989-12-08,text:warszawa,1989-12-08,,MP/1989/314,8,8,"J Nr 40 Warszawa, dnia 8 grudnia 1989"
MP,1989,41,1989-12-15,parser+ocr300,1989-12-15,text:warszawa,1989-12-15,,MP/1989/322,14,14,"J Nr 41 Warszawa, dnia 15 grudnia 1989"
MP,1989,42,1989-12-19,parser+ocr300,1989-12-19,ocr:warszawa,1989-12-19,,MP/1989/336,6,6," LUDOWEJ Warszawa, dnia 19 grudnia 1989"
MP,1989,43,1989-12-29,parser+ocr300,1989-12-29,ocr:warszawa,1989-12-29,,MP/1989/342,9,9," LUBOWEJ Warszawa, dnia 29 grudnia 1989"
MP,1989,44,1989-12-31,parser+ocr300,1989-12-31,ocr:warszawa,1989-12-31,,MP/1989/351,13,13," LUDOWEJ Warszawa, dnia 31 grudnia 1989"
MP,1990,1,1990-01-16,parser+ocr300,1990-01-16,text:warszawa,1990-01-16,,MP/1990/1,6,6,"EJ Nr 1 Warszawa, dnia 16 stycznia 1990"
MP,1990,2,1990-01-26,parser+ocr300,1990-01-26,text:warszawa,1990-01-26,,MP/1990/7,13,13,"EJ Nr 2 Warszawa, dnia 26 stycznia 1990"
MP,1990,3,1990-02-05,obraz+parser,1990-02-05,text:warszawa,1990-02-05,1990-02-05,MP/1990/20,8,8,"EJ Nr 3 Warszawa, dnia 5 lutego 1990"
MP,1990,4,1990-02-12,parser+ocr300,1990-02-12,text:warszawa,1990-02-12,,MP/1990/28,10,10,"EJ Nr 4 Warszawa, dnia 12 lutego 1990"
MP,1990,5,1990-02-16,parser+ocr300,1990-02-16,ocr:warszawa,1990-02-16,,MP/1990/38,10,10,"POLSKIEJ Warszawa, dnia 16 lutego 1990"
MP,1990,6,1990-02-23,parser+ocr300,1990-02-23,text:warszawa,1990-02-23,,MP/1990/48,2,2,"EJ Nr 6 Warszawa, dnia 23 lutego 1990"
MP,1990,7,1990-02-27,parser+ocr300,1990-02-27,text:warszawa,1990-02-27,,MP/1990/50,4,4,"EJ Nr 7 Warszawa, dnia 27 lutego 1990"
MP,1990,8,1990-03-09,parser+ocr300,1990-03-09,text:warszawa,1990-03-09,,MP/1990/54,10,10,"EJ Nr 8 Warszawa, dnia 9 marca 1990"
MP,1990,9,1990-03-16,parser+ocr300,1990-03-16,text:warszawa,1990-03-16,,MP/1990/64,7,7,"EJ Nr 9 Warszawa, dnia 16 marca 1990"
MP,1990,10,1990-03-22,parser+ocr300,1990-03-22,text:warszawa,1990-03-22,,MP/1990/71,8,8,"J Nr 10 Warszawa, dnia 22 marca 1990"
MP,1990,11,1990-03-30,parser+ocr300,1990-03-30,text:warszawa,1990-03-30,,MP/1990/79,12,12,"J Nr 11 Warszawa, dnia 30 marca 1990"
MP,1990,12,1990-04-06,parser+ocr300,1990-04-06,text:warszawa,1990-04-06,,MP/1990/91,5,5,"J Nr 12 Warszawa, dnia 6 kwietnia 1990"
MP,1990,13,1990-04-07,parser+ocr300,1990-04-07,text:warszawa,1990-04-07,,MP/1990/96,13,13,": Nr 13 Warszawa, dnia 7 kwietnia 1990"
MP,1990,14,1990-04-19,parser+ocr300,1990-04-19,text:warszawa,1990-04-19,,MP/1990/109,8,8,"J Nr 14 Warszawa, dnia 19 kwietnia 1990"
MP,1990,15,1990-04-25,parser+ocr300,1990-04-25,text:warszawa,1990-04-25,,MP/1990/117,4,4,"J Nr 15 Warszawa, dnia 25 kwietnia 1990"
MP,1990,16,1990-04-30,parser+ocr300,1990-04-30,text:warszawa,1990-04-30,,MP/1990/121,12,12,"J Nr 16 Warszawa, dnia 30 kwietnia 1990"
MP,1990,17,1990-05-05,parser+ocr300,1990-05-05,text:warszawa,1990-05-05,,MP/1990/133,3,3," Nr 1 7 Warszawa, dnia 5 maja 1990"
MP,1990,18,1990-05-09,parser+ocr300,1990-05-09,text:warszawa,1990-05-09,,MP/1990/136,9,9,"J Nr 18 Warszawa, dnia 9 maja 1990"
MP,1990,19,1990-05-19,parser+ocr300,1990-05-19,text:warszawa,1990-05-19,,MP/1990/145,13,13,"J Nr 19 Warszawa, dnia 19 maja 1990"
MP,1990,20,1990-05-25,parser+ocr300,1990-05-25,text:warszawa,1990-05-25,,MP/1990/158,6,6,"J Nr 20 Warszawa, dnia 25 maja 1990"
MP,1990,21,1990-06-02,parser+ocr300,1990-06-02,text:warszawa,1990-06-02,,MP/1990/164,8,8," Nr 21 . Warszawa, dnia 2 czerwca 1990"
MP,1990,22,1990-06-08,parser+ocr300,1990-06-08,text:warszawa,1990-06-08,,MP/1990/172,6,6,"J Nr 22 Warszawa, dnia 8 czerwca 1990"
MP,1990,23,1990-06-13,parser+ocr300,1990-06-13,text:warszawa,1990-06-13,,MP/1990/178,1,1,"J Nr 23 Warszawa, dnia 13 czerwca 1990"
MP,1990,24,1990-06-18,parser+ocr300,1990-06-18,text:warszawa,1990-06-18,,MP/1990/179,11,11,"J Nr 24 Warszawa, dnia 18 czerwca 1990"
MP,1990,25,1990-06-30,parser+ocr300,1990-06-30,text:warszawa,1990-06-30,,MP/1990/190,11,11,"J Nr 25 Warszawa, dnia 30 czerwca 1990"
MP,1990,26,1990-07-04,parser+ocr300,1990-07-04,text:warszawa,1990-07-04,,MP/1990/201,8,8,"J Nr 26 Warszawa, dnia 4 lipca 1990"
MP,1990,27,1990-07-14,parser+ocr300,1990-07-14,text:warszawa,1990-07-14,,MP/1990/209,11,11,"J Nr 27 Warszawa, dnia 14 lipca 1990"
MP,1990,28,1990-07-24,parser+ocr300,1990-07-24,text:warszawa,1990-07-24,,MP/1990/220,7,7,"J Nr 28 Warszawa, dnia 24 lipca 1990"
MP,1990,29,1990-07-31,parser+ocr300,1990-07-31,text:warszawa,1990-07-31,,MP/1990/227,2,2,"J Nr 29 Warszawa, dnia 31 lipca 1990"
MP,1990,30,1990-08-07,parser+ocr300,1990-08-07,text:warszawa,1990-08-07,,MP/1990/229,17,17,"J Nr 30 Warszawa, dnia 7 sierpnia 1990"
MP,1990,31,1990-08-14,parser+ocr300,1990-08-14,text:warszawa,1990-08-14,,MP/1990/246,9,9,"J Nr 31 Warszawa, dnia 14 sierpnia 1990"
MP,1990,32,1990-08-23,parser+ocr300,1990-08-23,text:warszawa,1990-08-23,,MP/1990/255,6,6,"J Nr 32 Warszawa, dnia 23 sierpnia 1990"
MP,1990,33,1990-09-10,parser+ocr300,1990-09-10,text:warszawa,1990-09-10,,MP/1990/261,8,8,"J Nr 33 Warszawa, dnia 10 września 1990"
MP,1990,34,1990-09-20,parser+ocr300,1990-09-20,text:warszawa,1990-09-20,,MP/1990/269,13,13,"J Nr 34 Warszawa, dnia 20 września 1990"
MP,1990,35,1990-09-26,parser+ocr300,1990-09-26,text:warszawa,1990-09-26,,MP/1990/282,7,7,"J Nr 35 Warszawa, dnia 26 września 1990"
MP,1990,36,1990-10-01,parser+ocr300,1990-10-01,text:warszawa,1990-10-01,,MP/1990/289,6,6,"J Nr 36 Warszawa, dnia 1 października 1990"
MP,1990,37,1990-10-10,parser+ocr300,1990-10-10,text:warszawa,1990-10-10,,MP/1990/295,3,3,"J Nr 37 Warszawa, dnia 10 października 1990"
MP,1990,38,1990-10-16,parser+ocr300,1990-10-16,text:warszawa,1990-10-16,,MP/1990/298,7,7,"J Nr 38 Warszawa, dnia 16 października 1990"
MP,1990,39,1990-10-19,parser+ocr300,1990-10-19,text:warszawa,1990-10-19,,MP/1990/305,6,6,"J Nr 39 Warszawa, dnia 19 października 1990"
MP,1990,40,1990-10-24,parser+ocr300,1990-10-24,text:warszawa,1990-10-24,,MP/1990/311,6,6,"f Nr 40 Warszawa, dnia 24 października 1990"
MP,1990,41,1990-10-31,parser+ocr300,1990-10-31,text:warszawa,1990-10-31,,MP/1990/317,10,10,", Nr 41 Warszawa, dnia 31 października 1990"
MP,1990,42,1990-11-15,parser+ocr300,1990-11-15,ocr:warszawa,1990-11-15,,MP/1990/327,5,5,"POLSKIEJ Warszawa, dnia 15 listopada 1990"
MP,1990,43,1990-11-24,parser+ocr300,1990-11-24,text:warszawa,1990-11-24,,MP/1990/332,11,11,"J Nr 43 Warszawa, dnia 24 listopada 1990"
MP,1990,44,1990-11-30,parser+ocr300,1990-11-30,text:warszawa,1990-11-30,,MP/1990/343,5,5,"J Nr 44 Warszawa, dnia 30 listopada 1990"
MP,1990,45,1990-12-04,parser+ocr300,1990-12-04,text:warszawa,1990-12-04,,MP/1990/348,1,1,"J Nr 45 Warszawa, dnia 4 grudnia 1990"
MP,1990,46,1990-12-07,parser+ocr300,1990-12-07,text:warszawa,1990-12-07,,MP/1990/349,5,5,"J Nr 46 Warszawa, dnia 7 grudnia 1990"
MP,1990,47,1990-12-17,parser+ocr300,1990-12-17,text:warszawa,1990-12-17,,MP/1990/354,10,10," Nr 4 7 Warszawa, dnia 17 grudnia 1990"
MP,1990,48,1990-12-21,parser+ocr300,1990-12-21,text:warszawa,1990-12-21,,MP/1990/364,8,8,"J Nr 48 Warszawa, dnia 21 grudnia 1990"
MP,1990,49,1990-12-29,parser+ocr300,1990-12-29,text:warszawa,1990-12-29,,MP/1990/372,12,12," Nr 49*) Warszawa, dnia 29 grudnia 1990"
MP,1991,1,1991-01-10,parser+ocr300,1991-01-10,text:warszawa,1991-01-10,,MP/1991/1,10,10,"EJ Nr 1 Warszawa, dnia 10 stycznia 1991"
MP,1991,2,1991-01-15,parser+ocr300,1991-01-15,text:warszawa,1991-01-15,,MP/1991/11,1,1,"EJ Nr 2 Warszawa, dnia 15 stycznia 1991"
MP,1991,3,1991-01-17,parser+ocr300,1991-01-17,text:warszawa,1991-01-17,,MP/1991/12,5,5,"EJ Nr 3 Warszawa, dnia 17 stycznia 1991"
MP,1991,4,1991-01-31,parser+ocr300,1991-01-31,text:warszawa,1991-01-31,,MP/1991/17,8,8,"EJ Nr 4 Warszawa, dnia 31 stycznia 1991"
MP,1991,5,1991-02-11,parser+ocr300,1991-02-11,text:warszawa,1991-02-11,,MP/1991/25,11,11,"EJ Nr 5 Warszawa, dnia 11 lutego 1991"
MP,1991,6,1991-02-15,parser+ocr300,1991-02-15,text:warszawa,1991-02-15,,MP/1991/36,9,9,"EJ Nr 6 Warszawa, dnia 15 lutego 1991"
MP,1991,7,1991-02-22,parser+ocr300,1991-02-22,text:warszawa,1991-02-22,,MP/1991/45,10,10,"EJ Nr 7 Warszawa, dnia 22 lutego 1991"
MP,1991,8,1991-03-01,parser+ocr300,1991-03-01,text:warszawa,1991-03-01,,MP/1991/55,8,8,"EJ Nr 8 Warszawa, dnia 1 marca 1991"
MP,1991,9,1991-03-18,parser+ocr300,1991-03-18,text:warszawa,1991-03-18,,MP/1991/63,9,9," . Nr 9 Warszawa, dnia 18 marca 1991"
MP,1991,10,1991-03-23,parser+ocr300,1991-03-23,ocr:warszawa,1991-03-23,,MP/1991/72,3,3,"POLSKIEJ Warszawa, dnia 23 marca 1991"
MP,1991,11,1991-03-30,parser+ocr300,1991-03-30,text:warszawa,1991-03-30,,MP/1991/75,6,6,"J Nr 11 Warszawa, dnia 30 marca 1991"
MP,1991,12,1991-04-11,parser+ocr300,1991-04-11,ocr:warszawa,1991-04-11,,MP/1991/81,2,2,"POLSKIEJ Warszawa, dnia 11 kwietnia 1991"
MP,1991,13,1991-04-15,parser+ocr300,1991-04-15,text:warszawa,1991-04-15,,MP/1991/83,5,5,"J Nr 13 Warszawa, dnia 15 kwietnia 1991"
MP,1991,14,1991-04-19,parser+ocr300,1991-04-19,text:warszawa,1991-04-19,,MP/1991/88,10,10,"J Nr 14 Warszawa, dnia 19 kwietnia 1991"
MP,1991,15,1991-04-26,parser+ocr300,1991-04-26,text:warszawa,1991-04-26,,MP/1991/98,7,7,"J Nr 15 Warszawa, dnia 26 kwietnia 1991"
MP,1991,16,1991-05-09,parser+ocr300,1991-05-09,text:warszawa,1991-05-09,,MP/1991/105,5,5,"J Nr 16 Warszawa, dnia 9 maja 1991"
MP,1991,17,1991-05-18,parser+ocr300,1991-05-18,text:warszawa,1991-05-18,,MP/1991/110,8,8,"J Nr 17 Warszawa, dnia 18 maja 1991"
MP,1991,18,1991-05-31,parser+ocr300,1991-05-31,text:warszawa,1991-05-31,,MP/1991/118,9,9,"J Nr 18 Warszawa, dnia 31 maja 1991"
MP,1991,19,1991-06-17,parser+ocr300,1991-06-17,text:warszawa,1991-06-17,,MP/1991/127,15,15,"J Nr 19 Warszawa, dnia 17 czerwca 1991"
MP,1991,20,1991-06-21,parser+ocr300,1991-06-21,ocr:warszawa,1991-06-21,,MP/1991/142,3,3,"POLSKIEJ Warszawa, dnia 21 czerwca 1991"
MP,1991,21,1991-06-29,parser+ocr300,1991-06-29,text:warszawa,1991-06-29,,MP/1991/145,8,8,"J Nr 21 Warszawa, dnia 29 czerwca 1991"
MP,1991,22,1991-07-10,parser+ocr300,1991-07-10,text:warszawa,1991-07-10,,MP/1991/153,3,3,"J Nr 22 Warszawa, dnia 10 lipca 1991"
MP,1991,23,1991-07-22,parser+ocr300,1991-07-22,text:warszawa,1991-07-22,,MP/1991/156,9,9,"J Nr 23 Warszawa, dnia 22 lipca 1991"
MP,1991,24,1991-07-31,parser+ocr300,1991-07-31,ocr:warszawa,1991-07-31,,MP/1991/165,7,7,"POLSKIEJ Warszawa, dnia 31 lipca 1991"
MP,1991,25,1991-08-06,parser+ocr300,1991-08-06,text:warszawa,1991-08-06,,MP/1991/172,5,5,"J Nr 25 Warszawa, dnia 6 sierpnia 1991"
MP,1991,26,1991-08-19,parser+ocr300,1991-08-19,text:warszawa,1991-08-19,,MP/1991/177,14,14,"J Nr 26 Warszawa, dnia 19 sierpnia 1991"
MP,1991,27,1991-08-30,parser+ocr300,1991-08-30,text:warszawa,1991-08-30,,MP/1991/191,8,8,"J Nr 27 Warszawa, dnia 30 sierpnia 1991"
MP,1991,28,1991-09-04,parser+ocr300,1991-09-04,text:warszawa,1991-09-04,,MP/1991/199,6,6,"J Nr 28 Warszawa, dnia 4 września 1991"
MP,1991,29,1991-09-17,parser+ocr300,1991-09-17,text:warszawa,1991-09-17,,MP/1991/205,13,13,"J Nr 29 Warszawa, dnia 17 września 1991"
MP,1991,30,1991-09-25,parser+ocr300,1991-09-25,text:warszawa,1991-09-25,,MP/1991/218,7,7,"J Nr 30 Warszawa, dnia 25 września 1991"
MP,1991,31,1991-10-09,parser+ocr300,1991-10-09,text:warszawa,1991-10-09,,MP/1991/225,1,1,"J Nr 31 Warszawa, dnia 9 października 1991"
MP,1991,32,1991-10-10,parser+ocr300,1991-10-10,text:warszawa,1991-10-10,,MP/1991/226,10,10,"J Nr 32 Warszawa, dnia 10 października 1991"
MP,1991,33,1991-10-15,parser+ocr300,1991-10-15,text:warszawa,1991-10-15,,MP/1991/236,14,14," POLSKIEJ Warszawa, dnia 15 października 1991"
MP,1991,34,1991-10-22,parser+ocr300,1991-10-22,text:warszawa,1991-10-22,,MP/1991/250,5,5,"J Nr 34 Warszawa, dnia 22 października 1991"
MP,1991,35,1991-10-25,parser+ocr300,1991-10-25,text:warszawa,1991-10-25,,MP/1991/255,5,5,"J Nr 35 Warszawa, dnia 25 października 1991"
MP,1991,36,1991-11-04,parser+ocr300,1991-11-04,text:warszawa,1991-11-04,,MP/1991/260,9,9,"J Nr 36 Warszawa, dnia 4 listopada 1991"
MP,1991,37,1991-11-18,parser+ocr300,1991-11-18,text:warszawa,1991-11-18,,MP/1991/269,1,1,"J Nr 37 Warszawa, dnia 18 listopada 1991"
MP,1991,38,1991-11-21,parser+ocr300,1991-11-21,text:warszawa,1991-11-21,,MP/1991/270,8,8,"J Nr 38 Warszawa, dnia 21 listopada 1991"
MP,1991,39,1991-11-22,parser+ocr300,1991-11-22,text:warszawa,1991-11-22,,MP/1991/278,7,7,"J Nr 39 Warszawa, dnia 22 listopada 1991"
MP,1991,40,1991-11-25,parser+ocr300,1991-11-25,text:warszawa,1991-11-25,,MP/1991/285,2,2,"J Nr 40 Warszawa, dnia 25 listopada 1991"
MP,1991,41,1991-12-05,parser+ocr300,1991-12-05,text:warszawa,1991-12-05,,MP/1991/287,2,2,"J Nr 41 Warszawa, dnia 5 grudnia 1991"
MP,1991,42,1991-12-09,parser+ocr300,1991-12-09,text:warszawa,1991-12-09,,MP/1991/289,6,6,"J Nr 42 Warszawa, dnia 9 grudnia 1991"
MP,1991,43,1991-12-10,parser+ocr300,1991-12-10,text:warszawa,1991-12-10,,MP/1991/295,15,15,"J Nr 43 Warszawa, dnia 10 grudnia 1991"
MP,1991,44,1991-12-16,parser+ocr300,1991-12-16,text:warszawa,1991-12-16,,MP/1991/310,3,3,"J Nr 44 Warszawa, dnia 16 grudnia 1991"
MP,1991,45,1991-12-19,parser+ocr300,1991-12-19,text:warszawa,1991-12-19,,MP/1991/313,9,9,"J Nr 45 Warszawa, dnia 19 grudnia 1991"
MP,1991,46,1991-12-28,parser+ocr300,1991-12-28,text:warszawa,1991-12-28,,MP/1991/322,10,10,"J Nr 46 Warszawa, dnia 28 grudnia 1991"
MP,1991,47,1991-12-31,parser+ocr300,1991-12-31,text:warszawa,1991-12-31,,MP/1991/332,3,3," Nr 47*) Warszawa, dnia 31 grudnia 1991"
MP,1992,1,1992-01-09,parser+ocr300,1992-01-09,text:warszawa,1992-01-09,,MP/1992/1,8,8," POLSKIEJ Warszawa, dnia 9 stycznia 1992"
MP,1992,2,1992-01-20,parser+ocr300,1992-01-20,text:warszawa,1992-01-20,,MP/1992/9,8,8,"EJ Nr 2 Warszawa, dnia 20 stycznia 1992"
MP,1992,3,1992-01-23,obraz+parser,1992-01-23,text:warszawa,1992-01-23,1992-01-23,MP/1992/17,1,1,"EJ Nr 3 Warszawa, dnia 23 stycznia 1992"
MP,1992,4,1992-01-29,parser+ocr300,1992-01-29,text:warszawa,1992-01-29,,MP/1992/18,5,5,"EJ Nr 4 Warszawa, dnia 29 stycznia 1992"
MP,1992,5,1992-02-19,parser+ocr300,1992-02-19,text:warszawa,1992-02-19,,MP/1992/23,15,15,"EJ Nr 5 Warszawa, dnia 19 lutego 1992"
MP,1992,6,1992-02-26,parser+ocr300,1992-02-26,text:warszawa,1992-02-26,,MP/1992/38,7,7,"EJ Nr 6 Warszawa, dnia 26 lutego 1992"
MP,1992,7,1992-03-04,parser+ocr300,1992-03-04,text:warszawa,1992-03-04,,MP/1992/45,7,7,"EJ Nr 7 Warszawa, dnia 4 marca 1992"
MP,1992,8,1992-03-13,parser+ocr300,1992-03-13,text:warszawa,1992-03-13,,MP/1992/52,10,10,"EJ Nr 8 Warszawa, dnia 13 marca 1992"
MP,1992,9,1992-03-23,parser+ocr300,1992-03-23,text:warszawa,1992-03-23,,MP/1992/62,7,7,"EJ Nr 9 Warszawa, dnia 23 marca 1992"
MP,1992,10,1992-04-02,parser+ocr300,1992-04-02,text:warszawa,1992-04-02,,MP/1992/69,6,6,"J Nr 10 Warszawa, dnia 2 kwietnia 1992"
MP,1992,11,1992-04-22,parser+ocr300,1992-04-22,text:warszawa,1992-04-22,,MP/1992/75,8,8,"J Nr 11 Warszawa, dnia 22 kwietnia 1992"
MP,1992,12,1992-04-30,parser+ocr300,1992-04-30,text:warszawa,1992-04-30,,MP/1992/83,8,8,"J Nr 12 Warszawa, dnia 30 kwietnia 1992"
MP,1992,13,1992-05-16,parser+ocr300,1992-05-16,text:warszawa,1992-05-16,,MP/1992/91,10,10,"J Nr 13 Warszawa, dnia 16 maja 1992"
MP,1992,14,1992-06-02,parser+ocr300,1992-06-02,text:warszawa,1992-06-02,,MP/1992/101,12,12,"J Nr 14 Warszawa, dnia 2 czerwca 1992"
MP,1992,15,1992-06-05,parser+ocr300,1992-06-05,text:warszawa,1992-06-05,,MP/1992/113,3,3,"J Nr 15 Warszawa, dnia 5 czerwca 1992"
MP,1992,16,1992-06-11,parser+ocr300,1992-06-11,text:warszawa,1992-06-11,,MP/1992/116,8,8,"J Nr 16 Warszawa, dnia 11 czerwca 1992"
MP,1992,17,1992-06-17,parser+ocr300,1992-06-17,text:warszawa,1992-06-17,,MP/1992/124,11,11,"J Nr 17 Warszawa, dnia 17 czerwca 1992"
MP,1992,18,1992-06-23,parser+ocr300,1992-06-23,text:warszawa,1992-06-23,,MP/1992/135,4,4,"J Nr 18 Warszawa, dnia 23 czerwca 1992"
MP,1992,19,1992-06-30,parser+ocr300,1992-06-30,text:warszawa,1992-06-30,,MP/1992/139,7,7,"J Nr 19 Warszawa, dnia 30 czerwca 1992"
MP,1992,20,1992-07-06,parser+ocr300,1992-07-06,text:warszawa,1992-07-06,,MP/1992/146,12,12,"J Nr 20 Warszawa, dnia 6 lipca 1992"
MP,1992,21,1992-07-11,parser+ocr300,1992-07-11,text:warszawa,1992-07-11,,MP/1992/158,3,3,"J Nr 21 Warszawa, dnia 11 lipca 1992"
MP,1992,22,1992-07-15,parser+ocr300,1992-07-15,text:warszawa,1992-07-15,,MP/1992/161,3,3,"J Nr 22 Warszawa, dnia 15 lipca 1992"
MP,1992,23,1992-07-25,parser+ocr300,1992-07-25,text:warszawa,1992-07-25,,MP/1992/164,12,12,"J Nr 23 Warszawa, dnia 25 lipca 1992"
MP,1992,24,1992-07-30,parser+ocr300,1992-07-30,text:warszawa,1992-07-30,,MP/1992/176,2,2,"J Nr 24 Warszawa, dnia 30 lipca 1992"
MP,1992,25,1992-08-07,parser+ocr300,1992-08-07,text:warszawa,1992-08-07,,MP/1992/178,7,7,"J Nr 25 Warszawa, dnia 7 sierpnia 1992"
MP,1992,26,1992-08-14,parser+ocr300,1992-08-14,text:warszawa,1992-08-14,,MP/1992/185,2,2,"J Nr 26 Warszawa, dnia 14 sierpnia 1992"
MP,1992,27,1992-08-19,parser+ocr300,1992-08-19,text:warszawa,1992-08-19,,MP/1992/187,8,8,"J Nr 27 Warszawa, dnia 19 sierpnia 1992"
MP,1992,28,1992-08-26,parser+ocr300,1992-08-26,text:warszawa,1992-08-26,,MP/1992/195,6,6,"J Nr 28 Warszawa, dnia 26 sierpnia 1992"
MP,1992,29,1992-09-11,parser+ocr300,1992-09-11,text:warszawa,1992-09-11,,MP/1992/201,4,4,"J Nr 29 Warszawa, dnia 11 września 1992"
MP,1992,30,1992-09-21,parser+ocr300,1992-09-21,text:warszawa,1992-09-21,,MP/1992/205,7,7,"J Nr 30 Warszawa, dnia 21 września 1992"
MP,1992,31,1992-10-02,parser+ocr300,1992-10-02,text:warszawa,1992-10-02,,MP/1992/212,8,8,"J Nr 31 Warszawa, dnia 2 października 1992"
MP,1992,32,1992-10-15,parser+ocr300,1992-10-15,text:warszawa,1992-10-15,,MP/1992/220,6,6,"J Nr 32 Warszawa, dnia 15 października 1992"
MP,1992,33,1992-10-22,parser+ocr300,1992-10-22,text:warszawa,1992-10-22,,MP/1992/226,12,12,"J Nr 33 Warszawa, dnia 22 października 1992"
MP,1992,34,1992-10-31,parser+ocr300,1992-10-31,text:warszawa,1992-10-31,,MP/1992/238,9,9,"J Nr 34 Warszawa, dnia 31 października 1992"
MP,1992,35,1992-11-19,parser+ocr300,1992-11-19,text:warszawa,1992-11-19,,MP/1992/247,13,13,"J Nr 35 Warszawa, dnia 19 listopada 1992"
MP,1992,36,1992-12-01,parser+ocr300,1992-12-01,text:warszawa,1992-12-01,,MP/1992/260,15,15,"J Nr 36 Warszawa, dnia 1 grudnia 1992"
MP,1992,37,1992-12-11,parser+ocr300,1992-12-11,text:warszawa,1992-12-11,,MP/1992/275,4,4,"J Nr 37 Warszawa, dnia 11 grudnia 1992"
MP,1992,38,1992-12-14,parser+ocr300,1992-12-14,text:warszawa,1992-12-14,,MP/1992/279,3,3,"J Nr 38 Warszawa, dnia 14 grudnia 1992"
MP,1992,39,1992-12-18,parser+ocr300,1992-12-18,text:warszawa,1992-12-18,,MP/1992/282,13,13,"J Nr 39 Warszawa, dnia 18 grudnia 1992"
MP,1992,40,1992-12-31,parser+ocr300,1992-12-31,text:warszawa,1992-12-31,,MP/1992/295,7,7," Nr 40*) Warszawa, dnia 31 grudnia 1992"
MP,1993,1,1993-01-12,parser+ocr300,1993-01-12,text:warszawa,1993-01-12,,MP/1993/1,5,5," POLSKIEJ Warszawa, dnia 12 stycznia 1993"
MP,1993,2,1993-01-18,parser+ocr300,1993-01-18,text:warszawa,1993-01-18,,MP/1993/6,3,2,"EJ Nr 2 Warszawa, dnia 18 stycznia 1993"
MP,1993,3,1993-01-22,parser+ocr300,1993-01-22,ocr:warszawa,1993-01-22,,MP/1993/9,5,5,"POLSKIEJ Warszawa, dnia 22 stycznia 1993"
MP,1993,4,1993-02-01,parser+ocr300,1993-02-01,text:warszawa,1993-02-01,,MP/1993/14,3,3,"EJ Nr 4 Warszawa, dnia 1 lutego 1993"
MP,1993,5,1993-02-10,parser+ocr300,1993-02-10,text:warszawa,1993-02-10,,MP/1993/17,1,1,"EJ Nr 5 Warszawa, dnia 10 lutego 1993"
MP,1993,6,1993-02-15,parser+ocr300,1993-02-15,text:warszawa,1993-02-15,,MP/1993/18,9,9,"EJ Nr 6 Warszawa, dnia 15 lutego 1993"
MP,1993,7,1993-02-19,parser+ocr300,1993-02-19,text:warszawa,1993-02-19,,MP/1993/27,32,32,"EJ Nr 7 Warszawa, dnia 19 lutego 1993"
MP,1993,8,1993-03-02,parser+ocr300,1993-03-02,text:warszawa,1993-03-02,,MP/1993/59,4,4,"EJ Nr 8 Warszawa, dnia 2 marca 1993"
MP,1993,9,1993-03-08,parser+ocr300,1993-03-08,text:warszawa,1993-03-08,,MP/1993/63,3,3,"EJ Nr 9 Warszawa, dnia 8 marca 1993"
MP,1993,10,1993-03-13,parser+ocr300,1993-03-13,text:warszawa,1993-03-13,,MP/1993/66,6,6,"J Nr 10 Warszawa, dnia 13 marca 1993"
MP,1993,11,1993-03-16,parser+ocr300,1993-03-16,text:warszawa,1993-03-16,,MP/1993/72,4,4,"J Nr 11 Warszawa, dnia 16 marca 1993"
MP,1993,12,1993-03-19,parser+ocr300,1993-03-19,text:warszawa,1993-03-19,,MP/1993/76,10,10,") Nr 12 Warszawa, dnia 19 marca 1993"
MP,1993,13,1993-03-25,parser+ocr300,1993-03-25,text:warszawa,1993-03-25,,MP/1993/86,5,5,"J Nr 13 Warszawa, dnia 25 marca 1993"
MP,1993,14,1993-03-31,parser+ocr300,1993-03-31,text:warszawa,1993-03-31,,MP/1993/91,4,4,"J Nr 14 Warszawa, dnia 31 marca 1993"
MP,1993,15,1993-04-01,parser+ocr300,1993-04-01,text:warszawa,1993-04-01,,MP/1993/95,31,31," POLSKIEJ Warszawa, dnia 1 kwietnia 1993"
MP,1993,16,1993-04-05,parser+ocr300,1993-04-05,text:warszawa,1993-04-05,,MP/1993/126,5,5,"J Nr 16 Warszawa, dnia 5 kwietnia 1993"
MP,1993,17,1993-04-08,parser+ocr300,1993-04-08,text:warszawa,1993-04-08,,MP/1993/131,47,47,"J Nr 17 Warszawa, dnia 8 kwietnia 1993"
MP,1993,18,1993-04-13,parser+ocr300,1993-04-13,text:warszawa,1993-04-13,,MP/1993/178,3,3,"J Nr 18 Warszawa, dnia 13 kwietnia 1993"
MP,1993,19,1993-04-26,parser+ocr300,1993-04-26,text:warszawa,1993-04-26,,MP/1993/181,11,11,"J Nr 19 Warszawa, dnia 26 kwietnia 1993"
MP,1993,20,1993-04-29,parser+ocr300,1993-04-29,text:warszawa,1993-04-29,,MP/1993/192,7,7,"J Nr 20 Warszawa, dnia 29 kwietnia 1993"
MP,1993,21,1993-05-10,parser+ocr300,1993-05-10,text:warszawa,1993-05-10,,MP/1993/199,34,34,"J Nr 21 Warszawa, dnia 10 maja 1993"
MP,1993,22,1993-05-11,parser+ocr300,1993-05-11,text:warszawa,1993-05-11,,MP/1993/233,1,1,"J Nr 22 Warszawa, dnia 11 maja 1993"
MP,1993,23,1993-05-12,parser+ocr300,1993-05-12,text:warszawa,1993-05-12,,MP/1993/234,6,6,"J Nr 23 Warszawa, dnia 12 maja 1993"
MP,1993,24,1993-05-15,parser+ocr300,1993-05-15,text:warszawa,1993-05-15,,MP/1993/240,7,7,"J Nr 24 Warszawa, dnia 15 maja 1993"
MP,1993,25,1993-05-21,parser+ocr300,1993-05-21,text:warszawa,1993-05-21,,MP/1993/247,4,4,"J Nr 25 Warszawa, dnia 21 maja 1993"
MP,1993,26,1993-05-27,parser+ocr300,1993-05-27,ocr:warszawa,1993-05-27,,MP/1993/251,32,32,"POLSKIEJ Warszawa, dnia 27 maja 1993"
MP,1993,27,1993-05-31,parser+ocr300,1993-05-31,text:warszawa,1993-05-31,,MP/1993/283,7,7,"J Nr 27 Warszawa, dnia 31 maja 1993"
MP,1993,28,1993-06-07,parser+ocr300,1993-06-07,text:warszawa,1993-06-07,,MP/1993/290,11,11,"J Nr 28 Warszawa, dnia 7 czerwca 1993"
MP,1993,29,1993-06-14,parser+ocr300,1993-06-14,text:warszawa,1993-06-14,,MP/1993/301,17,17,"J Nr 29 Warszawa, dnia 14 czerwca 1993"
MP,1993,30,1993-06-17,parser+ocr300,1993-06-17,text:warszawa,1993-06-17,,MP/1993/318,6,6,"J Nr 30 Warszawa, dnia 17 czerwca 1993"
MP,1993,31,1993-06-24,parser+ocr300,1993-06-24,text:warszawa,1993-06-24,,MP/1993/324,6,6,"J Nr 31 Warszawa, dnia 24 czerwca 1993"
MP,1993,32,1993-06-30,parser+ocr300,1993-06-30,text:warszawa,1993-06-30,,MP/1993/330,5,5,"J Nr 32 Warszawa, dnia 30 czerwca 1993"
MP,1993,33,1993-07-02,parser+ocr300,1993-07-02,text:warszawa,1993-07-02,,MP/1993/335,7,7,"J Nr 33 Warszawa, dnia 2 lipca 1993"
MP,1993,34,1993-07-08,parser+ocr300,1993-07-08,text:warszawa,1993-07-08,,MP/1993/342,4,4,"J Nr 34 Warszawa, dnia 8 lipca 1993"
MP,1993,35,1993-07-15,parser+ocr300,1993-07-15,text:warszawa,1993-07-15,,MP/1993/346,16,16,"J Nr 35 Warszawa, dnia 15 lipca 1993"
MP,1993,36,1993-07-22,parser+ocr300,1993-07-22,text:warszawa,1993-07-22,,MP/1993/362,15,15,"J Nr 36 Warszawa, dnia 22 lipca 1993"
MP,1993,37,1993-07-26,parser+ocr300,1993-07-26,text:warszawa,1993-07-26,,MP/1993/377,12,12,"J Nr 37 Warszawa, dnia 26 lipca 1993"
MP,1993,38,1993-07-30,parser+ocr300,1993-07-30,text:warszawa,1993-07-30,,MP/1993/389,8,8," N r· 38 Warszawa, dnia 30 lipca 1993"
MP,1993,39,1993-08-04,parser+ocr300,1993-08-04,text:warszawa,1993-08-04,,MP/1993/397,9,9,"J Nr 39 Warszawa, dnia 4 sierpnia 1993"
MP,1993,40,1993-08-09,parser+ocr300,1993-08-09,text:warszawa,1993-08-09,,MP/1993/406,5,5,"J Nr 40 Warszawa, dnia 9 sierpnia 1993"
MP,1993,41,1993-08-12,parser+ocr300,1993-08-12,text:warszawa,1993-08-12,,MP/1993/411,7,7,"J Nr 41 Warszawa, dnia 12 sierpnia 1993"
MP,1993,42,1993-08-21,parser+ocr300,1993-08-21,text:warszawa,1993-08-21,,MP/1993/418,8,8,"J Nr 42 Warszawa, dnia 21 sierpnia 1993"
MP,1993,43,1993-08-31,parser+ocr300,1993-08-31,text:warszawa,1993-08-31,,MP/1993/426,3,3,"J Nr 43 Warszawa, dnia 31 sierpnia 1993"
MP,1993,44,1993-09-06,parser+ocr300,1993-09-06,text:warszawa,1993-09-06,,MP/1993/429,10,10,"J Nr 44 Warszawa, dnia 6 września 1993"
MP,1993,45,1993-09-07,parser+ocr300,1993-09-07,text:warszawa,1993-09-07,,MP/1993/439,2,2,"J Nr 45 Warszawa, dnia 7 września 1993"
MP,1993,46,1993-09-08,parser+ocr300,1993-09-08,text:warszawa,1993-09-08,,MP/1993/441,6,6,"J Nr 46 Warszawa, dnia 8 września 1993"
MP,1993,47,1993-09-20,parser+ocr300,1993-09-20,text:warszawa,1993-09-20,,MP/1993/447,9,9,"J Nr 47 Warszawa, dnia 20 września 1993"
MP,1993,48,1993-09-27,parser+ocr300,1993-09-27,text:warszawa,1993-09-27,,MP/1993/456,9,9,"J Nr 48 Warszawa, dnia 27 września 1993"
MP,1993,49,1993-09-30,parser+ocr300,1993-09-30,text:warszawa,1993-09-30,,MP/1993/465,3,3,"J Nr 49 Warszawa, dnia 30 września 1993"
MP,1993,50,1993-10-04,parser+ocr300,1993-10-04,text:warszawa,1993-10-04,,MP/1993/468,4,4,"J Nr 50 Warszawa, dnia 4 października 1993"
MP,1993,51,1993-10-05,parser+ocr300,1993-10-05,text:warszawa,1993-10-05,,MP/1993/472,9,9,"J Nr 51 Warszawa, dnia 5 października 1993"
MP,1993,52,1993-10-13,parser+ocr300,1993-10-13,text:warszawa,1993-10-13,,MP/1993/481,5,5,"J Nr 52 Warszawa., dnia 13 października 1993"
MP,1993,53,1993-10-22,parser+ocr300,1993-10-22,text:warszawa,1993-10-22,,MP/1993/486,14,14,"J Nr 53 Warszawa, dnia 22 października 1993"
MP,1993,54,1993-10-26,parser+ocr300,1993-10-26,text:warszawa,1993-10-26,,MP/1993/500,8,8,"J Nr 54 Warszawa, dnia 26 października 1993"
MP,1993,55,1993-10-28,parser+ocr300,1993-10-28,text:warszawa,1993-10-28,,MP/1993/508,4,4,"J Nr 55 Warszawa, dnia 28 października 1993"
MP,1993,56,1993-11-05,parser+ocr300,1993-11-05,text:warszawa,1993-11-05,,MP/1993/512,11,11,"J Nr 56 Warszawa, dnia 5 listopada 1993"
MP,1993,57,1993-11-15,parser+ocr300,1993-11-15,text:warszawa,1993-11-15,,MP/1993/523,10,10,"J Nr 57 Warszawa, dnia 15 listopada 1993"
MP,1993,58,1993-11-18,parser+ocr300,1993-11-18,text:warszawa,1993-11-18,,MP/1993/533,6,6,"J Nr 58 Warszawa, dnia 18 listopada 1993"
MP,1993,59,1993-11-19,parser+ocr300,1993-11-19,text:warszawa,1993-11-19,,MP/1993/539,7,7,"J Nr 59 Warszawa, dnia 19 listopada 1993"
MP,1993,60,1993-11-25,parser+ocr300,1993-11-25,text:warszawa,1993-11-25,,MP/1993/546,5,5,"J Nr 60 Warszawa, dnia 25 listopada 1993"
MP,1993,61,1993-11-29,parser+ocr300,1993-11-29,text:warszawa,1993-11-29,,MP/1993/551,5,5,"J Nr 61 Warszawa, dnia 29 listopada 1993"
MP,1993,62,1993-12-02,parser+ocr300,1993-12-02,text:warszawa,1993-12-02,,MP/1993/556,5,5,"J Nr 62 Warszawa, dnia 2 grudnia 1993"
MP,1993,63,1993-12-06,parser+ocr300,1993-12-06,ocr:warszawa,1993-12-06,,MP/1993/561,7,7,"POLSKIEJ Warszawa, dnia 6 grudnia 1993"
MP,1993,64,1993-12-09,parser+ocr300,1993-12-09,text:warszawa,1993-12-09,,MP/1993/568,6,6,"J Nr 64 Warszawa, dnia 9 grudnia 1993"
MP,1993,65,1993-12-13,parser+ocr300,1993-12-13,text:warszawa,1993-12-13,,MP/1993/574,6,6,"J Nr 65 Warszawa, dnia 13 grudnia 1993"
MP,1993,66,1993-12-17,parser+ocr300,1993-12-17,text:warszawa,1993-12-17,,MP/1993/580,9,9,"J Nr 66 Warszawa, dnia 17 grudnia 1993"
MP,1993,67,1993-12-23,parser+ocr300,1993-12-23,text:warszawa,1993-12-23,,MP/1993/589,10,10,"J Nr 67 Warszawa, dnia 23 grudnia 1993"
MP,1993,68,1993-12-28,parser+ocr300,1993-12-28,text:warszawa,1993-12-28,,MP/1993/599,9,9,"J Nr 68 Warszawa, dnia 28 grudnia 1993"
MP,1993,69,1993-12-31,parser+ocr300,1993-12-31,text:warszawa,1993-12-31,,MP/1993/608,10,10," POLSKIEJ Warszawa, dnia 31 grudnia 1993"
MP,1994,1,1994-01-11,parser+ocr300,1994-01-11,text:warszawa,1994-01-11,,MP/1994/1,1,1," POLSKIEJ Warszawa, dnia 11 stycznia 1994"
MP,1994,2,1994-01-13,parser+ocr300,1994-01-13,text:warszawa,1994-01-13,,MP/1994/2,8,8,"EJ Nr 2 Warszawa, dnia 13 stycznia 1994"
MP,1994,3,1994-01-18,parser+ocr300,1994-01-18,text:warszawa,1994-01-18,,MP/1994/10,8,8,"EJ Nr 3 Warszawa, dnia 18 stycznia 1994"
MP,1994,4,1994-01-21,parser+ocr300,1994-01-21,text:warszawa,1994-01-21,,MP/1994/18,14,14," POLSKIEJ Warszawa, dnia 21 stycznia 1994"
MP,1994,5,1994-01-31,parser+ocr300,1994-01-31,text:warszawa,1994-01-31,,MP/1994/32,16,16," POLSKIEJ Warszawa, dnia 31 stycznia 1994"
MP,1994,6,1994-02-03,parser+ocr300,1994-02-03,text:warszawa,1994-02-03,,MP/1994/48,11,11,"EJ Nr 6 Warszawa, dnia 3 lutego 1994"
MP,1994,7,1994-02-04,parser+ocr300,1994-02-04,text:warszawa,1994-02-04,,MP/1994/59,3,3,"EJ Nr 7 Warszawa, dnia 4 lutego 1994"
MP,1994,8,1994-02-08,parser+ocr300,1994-02-08,text:warszawa,1994-02-08,,MP/1994/62,8,8,"EJ Nr 8 Warszawa, dnia 8 lutego 1994"
MP,1994,9,1994-02-10,parser+ocr300,1994-02-10,text:warszawa,1994-02-10,,MP/1994/70,10,10,"EJ Nr 9 Warszawa, dnia 10 lutego 1994"
MP,1994,10,1994-02-15,parser+ocr300,1994-02-15,text:warszawa,1994-02-15,,MP/1994/80,4,4,"J Nr 10 Warszawa, dnia 15 lutego 1994"
MP,1994,11,1994-02-17,parser+ocr300,1994-02-17,ocr:warszawa,1994-02-17,,MP/1994/84,10,10,"POLSKIEJ Warszawa, dnia 17 lutego 1994"
MP,1994,12,1994-02-24,parser+ocr300,1994-02-24,text:warszawa,1994-02-24,,MP/1994/94,10,10,"J Nr 12 Warszawa, dnia 24 lutego 1994"
MP,1994,13,1994-03-03,parser+ocr300,1994-03-03,text:warszawa,1994-03-03,,MP/1994/104,1,1,"J Nr 13 Warszawa, dnia 3 marca 1994"
MP,1994,14,1994-03-04,parser+ocr300,1994-03-04,text:warszawa,1994-03-04,,MP/1994/105,6,6,"J Nr 14 Warszawa, dnia 4 marca 1994"
MP,1994,15,1994-03-07,parser+ocr300,1994-03-07,text:warszawa,1994-03-07,,MP/1994/111,1,1,"J Nr 15 Warszawa, dnia 7 marca 1994"
MP,1994,16,1994-03-09,parser+ocr300,1994-03-09,text:warszawa,1994-03-09,,MP/1994/112,11,11,"J Nr 16 Warszawa, dnia 9 marca 1994"
MP,1994,17,1994-03-15,parser+ocr300,1994-03-15,text:warszawa,1994-03-15,,MP/1994/123,10,10,"J Nr 17 Warszawa, dnia 15 marca 1994"
MP,1994,18,1994-03-17,parser+ocr300,1994-03-17,text:warszawa,1994-03-17,,MP/1994/133,7,7,"J Nr 18 Warszawa, dnia 17 marca 1994"
MP,1994,19,1994-03-25,parser+ocr300,1994-03-25,ocr:warszawa,1994-03-25,,MP/1994/140,14,14,"POLSKIEJ Warszawa, dnia 25 marca 1994"
MP,1994,20,1994-04-01,parser+ocr300,1994-04-01,text:warszawa,1994-04-01,,MP/1994/154,10,10,"J Nr 20 Warszawa, dnia 1 kwietnia 1994"
MP,1994,21,1994-04-08,parser+ocr300,1994-04-08,text:warszawa,1994-04-08,,MP/1994/164,6,6,"J Nr 21 Warszawa, dnia 8 kwietnia 1994"
MP,1994,22,1994-04-20,parser+ocr300,1994-04-20,text:warszawa,1994-04-20,,MP/1994/170,15,15," POLSKIEJ Warszawa, dnia 20 kwietnia 1994"
MP,1994,23,1994-04-30,parser+ocr300,1994-04-30,text:warszawa,1994-04-30,,MP/1994/185,8,8,"J Nr 23 Warszawa, dnia 30 kwietnia 1994"
MP,1994,24,1994-05-06,parser+ocr300,1994-05-06,text:warszawa,1994-05-06,,MP/1994/193,11,11,"J Nr 24 Warszawa, dnia 6 maja 1994"
MP,1994,25,1994-05-11,parser+ocr300,1994-05-11,text:warszawa,1994-05-11,,MP/1994/204,12,12,"J Nr 25 Warszawa, dnia 11 maja 1994"
MP,1994,26,1994-05-14,parser+ocr300,1994-05-14,text:warszawa,1994-05-14,,MP/1994/216,1,1,"J Nr 26 Warszawa, dnia 14 maja 1994"
MP,1994,27,1994-05-17,parser+ocr300,1994-05-17,text:warszawa,1994-05-17,,MP/1994/217,11,11,"J Nr 27 Warszawa, dnia 17 maja 1994"
MP,1994,28,1994-05-18,parser+ocr300,1994-05-18,text:warszawa,1994-05-18,,MP/1994/228,4,4," POLSKIEJ Warszawa, dnia 18 maja 1994"
MP,1994,29,1994-05-24,parser+ocr300,1994-05-24,text:warszawa,1994-05-24,,MP/1994/232,12,12,"J Nr 29 Warszawa, dnia 24 maja 1994"
MP,1994,30,1994-05-30,parser+ocr300,1994-05-30,text:warszawa,1994-05-30,,MP/1994/244,8,8,"J Nr 30 Warszawa, dnia 30 maja 1994"
MP,1994,31,1994-06-01,parser+ocr300,1994-06-01,text:warszawa,1994-06-01,,MP/1994/252,4,4,"J Nr 31 Warszawa, dnia 1 czerwca 1994"
MP,1994,32,1994-06-03,parser+ocr300,1994-06-03,text:warszawa,1994-06-03,,MP/1994/256,7,7,"J Nr 32 Warszawa, dnia 3 czerwca 1994"
MP,1994,33,1994-06-18,parser+ocr300,1994-06-18,text:warszawa,1994-06-18,,MP/1994/263,15,15,"J Nr 33 Warszawa, dnia 18 czerwca 1994"
MP,1994,34,1994-06-23,parser+ocr300,1994-06-23,text:warszawa,1994-06-23,,MP/1994/278,8,8,"J Nr 34 Warszawa, dnia 23 czerwca 1994"
MP,1994,35,1994-06-28,parser+ocr300,1994-06-28,text:warszawa,1994-06-28,,MP/1994/286,19,19,"J Nr 35 Warszawa, dnia 28 czerwca 1994"
MP,1994,36,1994-07-07,parser+ocr300,1994-07-07,text:warszawa,1994-07-07,,MP/1994/305,11,11,"J Nr 36 Warszawa, dnia 7 lipca 1994"
MP,1994,37,1994-07-11,parser+ocr300,1994-07-11,text:warszawa,1994-07-11,,MP/1994/316,9,8,"J Nr 37 Warszawa, dnia 11 lipca 1994"
MP,1994,38,1994-07-20,parser+ocr300,1994-07-20,text:warszawa,1994-07-20,,MP/1994/325,1,1,"J Nr 38 Warszawa, dnia 20 lipca 1994"
MP,1994,39,1994-07-21,parser+ocr300,1994-07-21,text:warszawa,1994-07-21,,MP/1994/326,13,13,"J Nr 39 Warszawa, dnia 21 lipca 1994"
MP,1994,40,1994-07-27,parser+ocr300,1994-07-27,text:warszawa,1994-07-27,,MP/1994/339,3,3,"J Nr 40 Warszawa, dnia 27 lipca 1994"
MP,1994,41,1994-07-29,parser+ocr300,1994-07-29,text:warszawa,1994-07-29,,MP/1994/342,7,7,"J Nr 41 Warszawa, dnia 29 lipca 1994"
MP,1994,42,1994-07-30,parser+ocr300,1994-07-30,text:warszawa,1994-07-30,,MP/1994/349,4,4,"J Nr 42 Warszawa, dnia 30 lipca 1994"
MP,1994,43,1994-08-05,parser+ocr300,1994-08-05,text:warszawa,1994-08-05,,MP/1994/353,7,7,"J Nr 43 Warszawa, dnia 5 sierpnia 1994"
MP,1994,44,1994-08-17,parser+ocr300,1994-08-17,text:warszawa,1994-08-17,,MP/1994/360,8,8,"J Nr 44 Warszawa, dnia 17 sierpnia 1994"
MP,1994,45,1994-08-19,parser+ocr300,1994-08-19,text:warszawa,1994-08-19,,MP/1994/368,1,1,"J Nr 45 Warszawa, dnia 19 sierpnia 1994"
MP,1994,46,1994-08-29,parser+ocr300,1994-08-29,text:warszawa,1994-08-29,,MP/1994/369,10,10,"J Nr 46 Warszawa, dnia 29 sierpnia 1994"
MP,1994,47,1994-08-30,parser+ocr300,1994-08-30,text:warszawa,1994-08-30,,MP/1994/379,6,6,"J Nr 47 Warszawa, dnia 30 sierpnia 1994"
MP,1994,48,1994-09-01,parser+ocr300,1994-09-01,text:warszawa,1994-09-01,,MP/1994/385,9,9,"J Nr 48 Warszawa, dnia 1 września 1994"
MP,1994,49,1994-09-12,parser+ocr300,1994-09-12,text:warszawa,1994-09-12,,MP/1994/394,16,16,"J Nr 49 Warszawa, dnia 12 września 1994"
MP,1994,50,1994-09-16,parser+ocr300,1994-09-16,text:warszawa,1994-09-16,,MP/1994/410,19,19,"J Nr 50 Warszawa, dnia 16 września 1994"
MP,1994,51,1994-09-22,parser+ocr300,1994-09-22,text:warszawa,1994-09-22,,MP/1994/429,12,12,"J Nr 51 Warszawa, dnia 22 września 1994"
MP,1994,52,1994-09-27,parser+ocr300,1994-09-27,text:warszawa,1994-09-27,,MP/1994/441,4,4,"J Nr 52 Warszawa, dnia 27 września 1994"
MP,1994,53,1994-09-30,parser+ocr300,1994-09-30,text:warszawa,1994-09-30,,MP/1994/445,8,8,"a Nr 53 Warszawa, dnia 30 września 1994"
MP,1994,54,1994-10-06,parser+ocr300,1994-10-06,text:warszawa,1994-10-06,,MP/1994/453,5,5,"J Nr 54 Warszawa, dnia 6 października 1994"
MP,1994,55,1994-10-25,parser+ocr300,1994-10-25,text:warszawa,1994-10-25,,MP/1994/458,10,10,"J Nr 55 Warszawa, dnia 25 października 1994"
MP,1994,56,1994-10-28,parser+ocr300,1994-10-28,text:warszawa,1994-10-28,,MP/1994/468,18,18,"J Nr 56 Warszawa, dnia 28 października 1994"
MP,1994,57,1994-11-16,parser+ocr300,1994-11-16,text:warszawa,1994-11-16,,MP/1994/486,3,3,"J Nr 57 Warszawa, dnia 16 listopada 1994"
MP,1994,58,1994-11-17,parser+ocr300,1994-11-17,text:warszawa,1994-11-17,,MP/1994/489,17,17,"J Nr 58 Warszawa, dnia 17 listopada 1994"
MP,1994,59,1994-11-22,parser+ocr300,1994-11-22,text:warszawa,1994-11-22,,MP/1994/506,13,13,"J Nr 59 Warszawa, dnia 22 listopada 1994"
MP,1994,60,1994-11-28,parser+ocr300,1994-11-28,text:warszawa,1994-11-28,,MP/1994/519,18,18,"J Nr 60 Warszawa, dnia 28 listopada 1994"
MP,1994,61,1994-11-30,parser+ocr300,1994-11-30,text:warszawa,1994-11-30,,MP/1994/537,7,7,"J Nr 61 Warszawa, dnia 30 listopada 1994"
MP,1994,62,1994-12-05,parser+ocr300,1994-12-05,text:warszawa,1994-12-05,,MP/1994/544,12,12,"J Nr 62 Warszawa, dnia 5 grudnia 1994"
MP,1994,63,1994-12-12,parser+ocr300,1994-12-12,text:warszawa,1994-12-12,,MP/1994/556,7,7,"J Nr 63 Warszawa, dnia 12 grudnia 1994"
MP,1994,64,1994-12-13,parser+ocr300,1994-12-13,text:warszawa,1994-12-13,,MP/1994/563,14,14,"J Nr 64 Warszawa, dnia 13 grudnia 1994"
MP,1994,65,1994-12-15,parser+ocr300,1994-12-15,text:warszawa,1994-12-15,,MP/1994/577,10,10,"J Nr 65 Warszawa, dnia 15 grudnia 1994"
MP,1994,66,1994-12-20,parser+ocr300,1994-12-20,text:warszawa,1994-12-20,,MP/1994/587,8,8,"J Nr 66 Warszawa, dnia 20 grudnia 1994"
MP,1994,67,1994-12-23,parser+ocr300,1994-12-23,text:warszawa,1994-12-23,,MP/1994/595,8,8,"J Nr 67 Warszawa, dnia 23 grudnia 1994"
MP,1994,68,1994-12-28,parser+ocr300,1994-12-28,text:warszawa,1994-12-28,,MP/1994/603,6,6,"J Nr 68 Warszawa, dnia 28 grudnia 1994"
MP,1994,69,,bez odczytu (do obrazu),,none,,,MP/1994/609,18,18,
MP,1995,1,1995-01-13,parser+ocr300,1995-01-13,text:warszawa,1995-01-13,,MP/1995/1,15,15,"LSK J N Warszawa, dnia 13 stycznia 1995"
MP,1995,2,1995-01-24,parser+ocr300,1995-01-24,text:warszawa,1995-01-24,,MP/1995/16,19,19,"EJ Nr 2 Warszawa, dnia 24 stycznia 1995"
MP,1995,3,1995-01-30,parser+ocr300,1995-01-30,text:warszawa,1995-01-30,,MP/1995/35,12,12,"EJ Nr 3 Warszawa, dnia 30 stycznia 1995"
MP,1995,4,,bez odczytu (do obrazu),,none,,,MP/1995/47,22,21,
MP,1995,5,1995-02-04,parser+ocr300,1995-02-04,text:warszawa,1995-02-04,,MP/1995/69,16,16,"EJ Nr 5 Warszawa, dnia 4 lutego 1995"
MP,1995,6,1995-02-10,parser+ocr300,1995-02-10,text:warszawa,1995-02-10,,MP/1995/85,16,16,"EJ Nr 6 Warszawa, dnia 10 lutego 1995"
MP,1995,7,1995-02-17,parser+ocr300,1995-02-17,text:warszawa,1995-02-17,,MP/1995/101,8,8,"EJ Nr 7 Warszawa, dnia 17 lutego 1995"
MP,1995,8,1995-02-21,parser+ocr300,1995-02-21,ocr:warszawa,1995-02-21,,MP/1995/109,6,6,"POLSKIEJ Warszawa, dnia 21 lutego 1995"
MP,1995,9,1995-02-27,parser+ocr300,1995-02-27,text:warszawa,1995-02-27,,MP/1995/115,16,16,"J Nr ·9 Warszawa, dnia 27 lutego 1995"
MP,1995,10,1995-02-28,parser+ocr300,1995-02-28,text:warszawa,1995-02-28,,MP/1995/131,6,6,"J Nr 10 Warszawa, dnia 28 lutego 1995"
MP,1995,11,1995-03-02,parser+ocr300,1995-03-02,text:warszawa,1995-03-02,,MP/1995/137,1,1,"J Nr 11 Warszawa, dnia 2 marca 1995"
MP,1995,12,1995-03-07,parser+ocr300,1995-03-07,text:warszawa,1995-03-07,,MP/1995/138,17,17,"J Nr 12 Warszawa, dnia 7 marca 1995"
MP,1995,13,1995-03-15,parser+ocr300,1995-03-15,text:warszawa,1995-03-15,,MP/1995/155,12,12,"J Nr 13 Warszawa, dnia 15 marca 1995"
MP,1995,14,1995-03-17,parser+ocr300,1995-03-17,ocr:warszawa,1995-03-17,,MP/1995/167,7,7,"POLSKIEJ Warszawa, dnia 17 marca 1995"
MP,1995,15,1995-03-25,parser+ocr300,1995-03-25,text:warszawa,1995-03-25,,MP/1995/174,18,18,"J Nr 15 Warszawa, dnia 25 marca 1995"
MP,1995,16,1995-03-31,obraz+parser,1995-03-31,text:warszawa,1995-03-31,1995-03-31,MP/1995/192,14,14,"J Nr 16 Warszawa, dnia 31 marca 1995"
MP,1995,17,1995-04-06,parser+ocr300,1995-04-06,text:warszawa,1995-04-06,,MP/1995/206,7,7,"J Nr 17 Warszawa, dnia 6 kwietnia 1995"
MP,1995,18,1995-04-12,parser+ocr300,1995-04-12,text:warszawa,1995-04-12,,MP/1995/213,12,12,"J Nr 18 Warszawa, dnia 12 kwietnia 1995"
MP,1995,19,1995-04-27,parser+ocr300,1995-04-27,text:warszawa,1995-04-27,,MP/1995/225,20,20,"J Nr 19 Warszawa, dnia 27 kwietnia 1995"
MP,1995,20,1995-04-28,parser+ocr300,1995-04-28,text:warszawa,1995-04-28,,MP/1995/245,7,7,"J Nr 20 Warszawa, dnia 28 kwietnia 1995"
MP,1995,21,1995-05-06,parser+ocr300,1995-05-06,text:warszawa,1995-05-06,,MP/1995/252,6,6,"J Nr 21 Warszawa, dnia 6 maja 1995"
MP,1995,22,1995-05-11,parser+ocr300,1995-05-11,text:warszawa,1995-05-11,,MP/1995/258,11,10,"J Nr 22 Warszawa, dnia 11 maja 1995"
MP,1995,23,1995-05-15,parser+ocr300,1995-05-15,text:warszawa,1995-05-15,,MP/1995/269,15,15,"J Nr 23 Warszawa, dnia 15 maja 1995"
MP,1995,24,1995-05-18,parser+ocr300,1995-05-18,text:warszawa,1995-05-18,,MP/1995/284,13,13,"J Nr 24 Warszawa, dnia 18 maja 1995"
MP,1995,25,1995-05-24,parser+ocr300,1995-05-24,text:warszawa,1995-05-24,,MP/1995/297,15,15,"J Nr 25 Warszawa, dnia 24 maja 1995"
MP,1995,26,1995-06-02,parser+ocr300,1995-06-02,text:warszawa,1995-06-02,,MP/1995/312,7,7,"J Nr 26 Warszawa, dnia 2 czerwca 1995"
MP,1995,27,1995-06-08,parser+ocr300,1995-06-08,text:warszawa,1995-06-08,,MP/1995/319,11,11,"J Nr 27 Warszawa, dnia 8 czerwca 1995"
MP,1995,28,1995-06-13,parser+ocr300,1995-06-13,text:warszawa,1995-06-13,,MP/1995/330,3,3,"J Nr 28 Warszawa, dnia 13 czerwca 1995"
MP,1995,29,1995-06-19,parser+ocr300,1995-06-19,text:warszawa,1995-06-19,,MP/1995/333,13,13,"J Nr 29 Warszawa, dnia 19 czerwca 1995"
MP,1995,30,1995-06-26,parser+ocr300,1995-06-26,text:warszawa,1995-06-26,,MP/1995/346,18,18,"J Nr 30 Warszawa, dnia 26 czerwca 1995"
MP,1995,31,1995-06-30,parser+ocr300,1995-06-30,text:warszawa,1995-06-30,,MP/1995/364,5,5,"J Nr 31 Warszawa, dnia 30 czerwca 1995"
MP,1995,32,1995-07-06,parser+ocr300,1995-07-06,text:warszawa,1995-07-06,,MP/1995/369,8,8,"J Nr 32 Warszawa, dnia 6 lipca 1995"
MP,1995,33,1995-07-17,obraz+parser,1995-07-17,text:warszawa,1995-07-17,1995-07-17,MP/1995/377,34,34,"J Nr 33 Warszawa, dnia 17 lipca 1995"
MP,1995,34,1995-07-18,parser+ocr300,1995-07-18,text:warszawa,1995-07-18,,MP/1995/411,1,1,"J Nr 34 Warszawa, dnia 18 lipca 1995"
MP,1995,35,,bez odczytu (do obrazu),,none,,,MP/1995/412,16,16,
MP,1995,36,1995-07-28,parser+ocr300,1995-07-28,text:warszawa,1995-07-28,,MP/1995/428,11,10,"I Nr 36 Warszawa, dnia 28 lipca 1995"
MP,1995,37,1995-08-07,parser+ocr300,1995-08-07,text:warszawa,1995-08-07,,MP/1995/439,10,10,"LSKIEJ I Warszawa, dnia 7 sierpnia 1995"
MP,1995,38,1995-08-09,parser+ocr300,1995-08-09,text:warszawa,1995-08-09,,MP/1995/449,12,12,"IpOLSKIEJ Warszawa, dnia 9 sierpnia 1995"
MP,1995,39,1995-08-11,parser+ocr300,1995-08-11,text:warszawa,1995-08-11,,MP/1995/461,13,13,"LSKIEJ I Warszawa, dnia 11 sierpnia 1995"
MP,1995,40,1995-08-17,parser+ocr300,1995-08-17,text:warszawa,1995-08-17,,MP/1995/474,8,8,"J Nr 40 Warszawa, dnia 17 sierpnia 1995"
MP,1995,41,1995-08-18,parser+ocr300,1995-08-18,text:warszawa,1995-08-18,,MP/1995/482,3,3,"J Nr 41 Warszawa, dnia 18 sierpnia 1995"
MP,1995,42,1995-08-28,parser+ocr300,1995-08-28,text:warszawa,1995-08-28,,MP/1995/485,13,13,"J Nr 42 Warszawa, dnia 28 sierpnia 1995"
MP,1995,43,1995-09-05,parser+ocr300,1995-09-05,text:warszawa,1995-09-05,,MP/1995/498,4,4,"J Nr 43 Warszawa, dnia 5 września 1995"
MP,1995,44,1995-09-07,parser+ocr300,1995-09-07,text:warszawa,1995-09-07,,MP/1995/502,8,8,"J Nr 44 Warszawa, dnia 7 września 1995"
MP,1995,45,1995-09-14,parser+ocr300,1995-09-14,text:warszawa,1995-09-14,,MP/1995/510,4,4,"J Nr 45 Warszawa, dnia 14 września 1995"
MP,1995,46,,bez odczytu (do obrazu),,none,,,MP/1995/514,21,21,
MP,1995,47,1995-09-27,parser+ocr300,1995-09-27,text:warszawa,1995-09-27,,MP/1995/535,10,10,"J Nr 47 Warszawa, dnia 27 września 1995"
MP,1995,48,1995-09-30,parser+ocr300,1995-09-30,text:warszawa,1995-09-30,,MP/1995/545,9,9,"J Nr 48 Warszawa, dnia 30 września 1995"
MP,1995,49,1995-10-07,parser+ocr300,1995-10-07,text:warszawa,1995-10-07,,MP/1995/554,4,4," Nr 49 ,W arszawa, dnia 7 października 1995"
MP,1995,50,1995-10-10,parser+ocr300,1995-10-10,text:warszawa,1995-10-10,,MP/1995/558,10,10,"J Nr 50 Warszawa, dnia 10 października 1995"
MP,1995,51,1995-10-12,parser+ocr300,1995-10-12,text:warszawa,1995-10-12,,MP/1995/568,1,1,"J Nr 51 Warszawa, dnia 12 października 1995"
MP,1995,52,1995-10-16,parser+ocr300,1995-10-16,text:warszawa,1995-10-16,,MP/1995/569,8,8,"J Nr 52 Warszawa, dnia 16 października 1995"
MP,1995,53,1995-10-25,parser+ocr300,1995-10-25,text:warszawa,1995-10-25,,MP/1995/577,9,9,"J Nr 53 Warszawa, dnia 25 października 1995"
MP,1995,54,,bez odczytu (do obrazu),,none,,,MP/1995/586,22,22,
MP,1995,55,1995-11-03,parser+ocr300,1995-11-03,text:warszawa,1995-11-03,,MP/1995/608,7,7,"J Nr 55 Warszawa, dnia 3 listopada 1995"
MP,1995,56,1995-11-08,parser+ocr300,1995-11-08,text:warszawa,1995-11-08,,MP/1995/615,12,12,"J Nr 56 Warszawa, dnia 8 listopada 1995"
MP,1995,57,1995-11-09,parser+ocr300,1995-11-09,text:warszawa,1995-11-09,,MP/1995/627,10,10,"J Nr 57 Warszawa, dnia 9 listopada 1995"
MP,1995,58,1995-11-13,parser+ocr300,1995-11-13,text:warszawa,1995-11-13,,MP/1995/637,10,10,"J Nr 58 Warszawa, dnia 13 listopada 1995"
MP,1995,59,1995-11-17,parser+ocr300,1995-11-17,text:warszawa,1995-11-17,,MP/1995/647,19,19," POLSKIEJ Warszawa, dnia 17 listopada 1995"
MP,1995,60,1995-11-24,parser+ocr300,1995-11-24,text:warszawa,1995-11-24,,MP/1995/666,16,16,"J Nr 60 Warszawa, dnia 24 listopada 1995"
MP,1995,61,1995-11-30,parser+ocr300,1995-11-30,text:warszawa,1995-11-30,,MP/1995/682,6,6," POLSKIEJ Warszawa, dnia 30 listopada 1995"
MP,1995,62,1995-12-08,parser+ocr300,1995-12-08,text:warszawa,1995-12-08,,MP/1995/688,7,7,"J Nr 62 Warszawa, dnia 8 grudnia 1995"
MP,1995,63,1995-12-12,parser+ocr300,1995-12-12,text:warszawa,1995-12-12,,MP/1995/695,1,1," POLSKIEJ Warszawa, dnia 12 grudnia 1995"
MP,1995,64,1995-12-14,parser+ocr300,1995-12-14,text:warszawa,1995-12-14,,MP/1995/696,11,11,"J Nr 64 Warszawa, dnia 14 grudnia 1995"
MP,1995,65,1995-12-19,parser+ocr300,1995-12-19,text:warszawa,1995-12-19,,MP/1995/707,35,35,"J Nr 65 Warszawa, dnia 19 grudnia 1995"
MP,1995,66,1995-12-21,parser+ocr300,1995-12-21,text:warszawa,1995-12-21,,MP/1995/742,9,9," POLSKIEJ Warszawa, dnia 21 grudnia 1995"
MP,1995,67,1995-12-23,parser+ocr300,1995-12-23,text:warszawa,1995-12-23,,MP/1995/751,11,11," POLSKIEJ Warszawa, dnia 23 grudnia 1995"
MP,1995,68,1995-12-30,parser+ocr300,1995-12-30,text:warszawa,1995-12-30,,MP/1995/762,10,10," Nr 68*) Warszawa, dnia 30 grudnia 1995"
MP,1996,1,1996-01-05,parser+ocr300,1996-01-05,text:warszawa,1996-01-05,,MP/1996/1,11,11," POLSKIEJ Warszawa, dnia 5 stycznia 1996"
MP,1996,2,1996-01-10,obraz+parser,1996-01-10,text:warszawa,1996-01-10,1996-01-10,MP/1996/12,21,21,"EJ Nr 2 Warszawa, dnia 10 stycznia 1996"
MP,1996,3,1996-01-19,parser+ocr300,1996-01-19,text:warszawa,1996-01-19,,MP/1996/33,5,5,"EJ Nr 3 Warszawa, dnia 19 stycznia 1996"
MP,1996,4,1996-01-22,parser+ocr300,1996-01-22,text:warszawa,1996-01-22,,MP/1996/38,3,3,"EJ Nr 4 Warszawa, dnia 22 stycznia 1996"
MP,1996,5,1996-01-23,parser+ocr300,1996-01-23,text:warszawa,1996-01-23,,MP/1996/41,30,30,"EJ Nr 5 Warszawa, dnia 23 stycznia 1996"
MP,1996,6,1996-01-25,parser+ocr300,1996-01-25,text:warszawa,1996-01-25,,MP/1996/71,4,4,"EJ Nr 6 Warszawa, dnia 25 stycznia 1996"
MP,1996,7,1996-01-31,parser+ocr300,1996-01-31,text:warszawa,1996-01-31,,MP/1996/75,13,13,"EJ Nr 7 Warszawa, dnia 31 stycznia 1996"
MP,1996,8,1996-02-02,parser+ocr300,1996-02-02,text:warszawa,1996-02-02,,MP/1996/88,5,5,"EJ Nr 8 Warszawa, dnia 2 lutego 1996"
MP,1996,9,1996-02-05,parser+ocr300,1996-02-05,text:warszawa,1996-02-05,,MP/1996/93,10,10,"EJ Nr 9 Warszawa, dnia 5 lutego 1996"
MP,1996,10,1996-02-09,parser+ocr300,1996-02-09,text:warszawa,1996-02-09,,MP/1996/103,9,9,"J Nr 10 Warszawa, dnia 9 lutego 1996"
MP,1996,11,1996-02-15,parser+ocr300,1996-02-15,text:warszawa,1996-02-15,,MP/1996/112,23,23," POLSKIEJ Warszawa, dnia 15 lutego 1996"
MP,1996,12,1996-02-21,parser+ocr300,1996-02-21,text:warszawa,1996-02-21,,MP/1996/135,15,15,"J Nr 12 Warszawa, dnia 21 lutego 1996"
MP,1996,13,1996-02-27,parser+ocr300,1996-02-27,text:warszawa,1996-02-27,,MP/1996/150,28,28,"J Nr 13 Warszawa, dnia 27 lutego 1996"
MP,1996,14,1996-02-28,parser+ocr300,1996-02-28,text:warszawa,1996-02-28,,MP/1996/178,1,1,"J Nr 14 Warszawa, dnia 28 lutego 1996"
MP,1996,15,1996-03-05,parser+ocr300,1996-03-05,text:warszawa,1996-03-05,,MP/1996/179,29,29,"J Nr 15 Warszawa, dnia 5 marca 1996"
MP,1996,16,1996-03-12,parser+ocr300,1996-03-12,text:warszawa,1996-03-12,,MP/1996/208,11,11,"J Nr 16 Warszawa, dnia 12 marca 1996"
MP,1996,17,1996-03-15,parser+ocr300,1996-03-15,text:warszawa,1996-03-15,,MP/1996/219,1,1,"J Nr 17 Warszawa, dnia 15 marca 1996"
MP,1996,18,1996-03-19,parser+ocr300,1996-03-19,text:warszawa,1996-03-19,,MP/1996/220,7,7,"J Nr 18 Warszawa, dnia 19 marca 1996"
MP,1996,19,1996-03-22,parser+ocr300,1996-03-22,text:warszawa,1996-03-22,,MP/1996/227,8,8,"J Nr 19 Warszawa, dnia 22 marca 1996"
MP,1996,20,1996-03-27,parser+ocr300,1996-03-27,text:warszawa,1996-03-27,,MP/1996/235,4,4,"J Nr 20 Warszawa, dnia 27 marca 1996"
MP,1996,21,1996-03-28,parser+ocr300,1996-03-28,text:warszawa,1996-03-28,,MP/1996/239,7,7,"J Nr 21 Warszawa, dnia 28 marca 1996"
MP,1996,22,1996-03-29,parser+ocr300,1996-03-29,text:warszawa,1996-03-29,,MP/1996/246,2,2,"J Nr 22 Warszawa, dnia 29 marca 1996"
MP,1996,23,1996-04-05,parser+ocr300,1996-04-05,text:warszawa,1996-04-05,,MP/1996/248,2,2,"J Nr 23 Warszawa, dnia 5 kwietnia 1996"
MP,1996,24,1996-04-10,parser+ocr300,1996-04-10,text:warszawa,1996-04-10,,MP/1996/250,8,8,"J Nr 24 Warszawa, dnia 10 kwietnia 1996"
MP,1996,25,1996-04-17,parser+ocr300,1996-04-17,text:warszawa,1996-04-17,,MP/1996/258,6,6,"J Nr 25 Warszawa, dnia 17 kwietnia 1996"
MP,1996,26,1996-04-25,parser+ocr300,1996-04-25,text:warszawa,1996-04-25,,MP/1996/264,15,15,"J Nr 26 Warszawa, dnia 25 kwietnia 1996"
MP,1996,27,1996-04-30,parser+ocr300,1996-04-30,text:warszawa,1996-04-30,,MP/1996/279,15,15,"J Nr 27 Warszawa, dnia 30 kwietnia 1996"
MP,1996,28,1996-05-09,parser+ocr300,1996-05-09,text:warszawa,1996-05-09,,MP/1996/294,3,3,"J Nr 28 Warszawa, dnia 9 maja 1996"
MP,1996,29,1996-05-11,parser+ocr300,1996-05-11,text:warszawa,1996-05-11,,MP/1996/297,9,9,"J Nr 29 Warszawa, dnia 11 maja 1996"
MP,1996,30,1996-05-16,parser+ocr300,1996-05-16,text:warszawa,1996-05-16,,MP/1996/306,15,15,"J Nr 30 Warszawa, dnia 16 maja 1996"
MP,1996,31,1996-05-17,parser+ocr300,1996-05-17,text:warszawa,1996-05-17,,MP/1996/321,4,4,"J Nr 31 Warszawa, dnia 17 maja 1996"
MP,1996,32,1996-05-23,parser+ocr300,1996-05-23,text:warszawa,1996-05-23,,MP/1996/325,9,9,"J Nr 32 Warszawa, dnia 23 maja 1996"
MP,1996,33,1996-05-25,parser+ocr300,1996-05-25,text:warszawa,1996-05-25,,MP/1996/334,8,8,"J Nr 33 Warszawa, dnia 25 maja 1996"
MP,1996,34,1996-06-01,parser+ocr300,1996-06-01,text:warszawa,1996-06-01,,MP/1996/342,8,8,"J Nr 34 Warszawa, dnia 1 czerwca 1996"
MP,1996,35,1996-06-12,parser+ocr300,1996-06-12,text:warszawa,1996-06-12,,MP/1996/350,3,3,"J Nr 35 Warszawa, dnia 12 czerwca 1996"
MP,1996,36,1996-06-17,parser+ocr300,1996-06-17,text:warszawa,1996-06-17,,MP/1996/353,9,9,"J Nr 36 Warszawa, dnia 17 czerwca 1996"
MP,1996,37,1996-06-21,parser+ocr300,1996-06-21,text:warszawa,1996-06-21,,MP/1996/362,18,18,"J Nr 37 Warszawa, dnia 21 czerwca 1996"
MP,1996,38,1996-06-28,parser+ocr300,1996-06-28,text:warszawa,1996-06-28,,MP/1996/380,1,1,"J Nr 38 Warszawa, dnia 28 czerwca 1996"
MP,1996,39,1996-06-29,parser+ocr300,1996-06-29,text:warszawa,1996-06-29,,MP/1996/381,10,10,"J Nr 39 Warszawa, dnia 29 czerwca 1996"
MP,1996,40,1996-07-01,parser+ocr300,1996-07-01,text:warszawa,1996-07-01,,MP/1996/391,6,6,"J Nr 40 Warszawa, dnia 1 lipca 1996"
MP,1996,41,1996-07-05,parser+ocr300,1996-07-05,text:warszawa,1996-07-05,,MP/1996/397,7,7," POLSKIEJ Warszawa, dnia 5 lipca 1996"
MP,1996,42,1996-07-11,parser+ocr300,1996-07-11,ocr:warszawa,1996-07-11,,MP/1996/404,14,14,"POLSKIEJ Warszawa, dnia 11 lipca 1996"
MP,1996,43,1996-07-17,obraz+parser,1996-07-17,text:warszawa,1996-07-17,1996-07-17,MP/1996/418,7,7,"J Nr 43 Warszawa, dnia 17 lipca 1996"
MP,1996,44,1996-07-18,parser+ocr300,1996-07-18,text:warszawa,1996-07-18,,MP/1996/425,7,7,"J Nr 44 Warszawa, dnia 18 lipca 1996"
MP,1996,45,1996-07-24,parser+ocr300,1996-07-24,text:warszawa,1996-07-24,,MP/1996/432,13,13,"J Nr 45 Warszawa, dnia 24 lipca 1996"
MP,1996,46,1996-07-31,parser+ocr300,1996-07-31,text:warszawa,1996-07-31,,MP/1996/445,7,7,"J Nr 46 Warszawa, dnia 31 lipca 1996"
MP,1996,47,1996-08-06,parser+ocr300,1996-08-06,text:warszawa,1996-08-06,,MP/1996/452,8,8," Nr 4 7 Warszawa, dnia 6 sierpnia 1996"
MP,1996,48,1996-08-09,parser+ocr300,1996-08-09,text:warszawa,1996-08-09,,MP/1996/460,4,4,"J Nr 48 Warszawa, dnia 9 sierpnia 1996"
MP,1996,49,1996-08-14,parser+ocr300,1996-08-14,text:warszawa,1996-08-14,,MP/1996/464,4,4,"J Nr 49 Warszawa, dnia 14 sierpnia 1996"
MP,1996,50,1996-08-16,parser+ocr300,1996-08-16,text:warszawa,1996-08-16,,MP/1996/468,3,3,"J Nr 50 Warszawa, dnia 16 sierpnia 1996"
MP,1996,51,1996-08-20,parser+ocr300,1996-08-20,text:warszawa,1996-08-20,,MP/1996/471,5,5,"J Nr 51 Warszawa, dnia 20 sierpnia 1996"
MP,1996,52,1996-08-28,parser+ocr300,1996-08-28,text:warszawa,1996-08-28,,MP/1996/476,7,7,"J Nr 52 Warszawa, dnia 28 sierpnia 1996"
MP,1996,53,1996-09-04,parser+ocr300,1996-09-04,text:warszawa,1996-09-04,,MP/1996/483,2,2,"J Nr 53 Warszawa, dnia 4 września 1996"
MP,1996,54,1996-09-05,parser+ocr300,1996-09-05,text:warszawa,1996-09-05,,MP/1996/485,14,14,"J Nr 54 Warszawa, dnia 5 września 1996"
MP,1996,55,1996-09-10,parser+ocr300,1996-09-10,text:warszawa,1996-09-10,,MP/1996/499,17,17," POLSKIEJ Warszawa, dnia 10 września 1996"
MP,1996,56,1996-09-18,parser+ocr300,1996-09-18,text:warszawa,1996-09-18,,MP/1996/516,1,1," POLSKIEJ Warszawa, dnia 18 września 1996"
MP,1996,57,1996-09-24,parser+ocr300,1996-09-24,text:warszawa,1996-09-24,,MP/1996/517,11,11," POLSKIEJ Warszawa, dnia 24 września 1996"
MP,1996,58,1996-09-25,parser+ocr300,1996-09-25,text:warszawa,1996-09-25,,MP/1996/528,24,24,"J Nr 58 Warszawa, dnia 25 września 1996"
MP,1996,59,1996-09-30,parser+ocr300,1996-09-30,text:warszawa,1996-09-30,,MP/1996/552,5,5," POLSKIEJ Warszawa, dnia 30 września 1996"
MP,1996,60,1996-10-07,parser+ocr300,1996-10-07,text:warszawa,1996-10-07,,MP/1996/557,10,10,"J Nr 60 Warszawa, dnia 7 października 1996"
MP,1996,61,1996-10-09,parser+ocr300,1996-10-09,ocr:warszawa,1996-10-09,,MP/1996/567,4,4," POLSKIEJ Warszawa, dnia 9 października 1996"
MP,1996,62,1996-10-17,parser+ocr300,1996-10-17,text:warszawa,1996-10-17,,MP/1996/571,2,2," POLSKIEJ Warszawa, dnia 17 października 1996"
MP,1996,63,1996-10-18,parser+ocr300,1996-10-18,text:warszawa,1996-10-18,,MP/1996/573,14,14," POLSKIEJ Warszawa, dnia 18 października 1996"
MP,1996,64,1996-10-25,parser+ocr300,1996-10-25,text:warszawa,1996-10-25,,MP/1996/587,10,10,"J Nr 64 Warszawa, dnia 25 października 1996"
MP,1996,65,1996-11-05,parser+ocr300,1996-11-05,text:warszawa,1996-11-05,,MP/1996/597,7,7,"J Nr 65 Warszawa, dnia 5 listopada 1996"
MP,1996,66,1996-11-13,parser+ocr300,1996-11-13,text:warszawa,1996-11-13,,MP/1996/604,25,25," POLSKIEJ Warszawa, dnia 13 listopada 1996"
MP,1996,67,1996-11-19,parser+ocr300,1996-11-19,text:warszawa,1996-11-19,,MP/1996/629,7,7,"J Nr 67 Warszawa, dnia 19 listopada 1996"
MP,1996,68,1996-11-21,parser+ocr300,1996-11-21,text:warszawa,1996-11-21,,MP/1996/636,13,13," POLSKIEJ Warszawa, dnia 21 listopada 1996"
MP,1996,69,1996-11-22,parser+ocr300,1996-11-22,text:warszawa,1996-11-22,,MP/1996/649,1,1,"J Nr 69 Warszawa, dnia 22 listopada 1996"
MP,1996,70,1996-11-25,parser+ocr300,1996-11-25,text:warszawa,1996-11-25,,MP/1996/650,4,4," POLSKIEJ Warszawa, dnia 25 listopada 1996"
MP,1996,71,,bez odczytu (do obrazu),,none,,,MP/1996/654,13,13,
MP,1996,72,1996-12-03,parser+ocr300,1996-12-03,text:warszawa,1996-12-03,,MP/1996/667,2,2,"J Nr 72 Warszawa, dnia 3 grudnia 1996"
MP,1996,73,1996-12-05,parser+ocr300,1996-12-05,text:warszawa,1996-12-05,,MP/1996/669,1,1," POLSKIEJ Warszawa, dnia 5 grudnia 1996"
MP,1996,74,1996-12-06,parser+ocr300,1996-12-06,text:warszawa,1996-12-06,,MP/1996/670,2,2,"J Nr 74 Warszawa, dnia 6 grudnia 1996"
MP,1996,75,1996-12-09,parser+ocr300,1996-12-09,text:warszawa,1996-12-09,,MP/1996/672,24,24," POLSKIEJ Warszawa, dnia 9 grudnia 1996"
MP,1996,76,1996-12-10,parser+ocr300,1996-12-10,text:warszawa,1996-12-10,,MP/1996/696,5,5,"J Nr 76 Warszawa, dnia 10 grudnia 1996"
MP,1996,77,1996-12-11,parser+ocr300,1996-12-11,text:warszawa,1996-12-11,,MP/1996/701,9,9,"J Nr 77 Warszawa, dnia 11 grudnia 1996"
MP,1996,78,1996-12-12,parser+ocr300,1996-12-12,text:warszawa,1996-12-12,,MP/1996/710,2,2," POLSKIEJ Warszawa, dnia 12 grudnia 1996"
MP,1996,79,1996-12-14,parser+ocr300,1996-12-14,text:warszawa,1996-12-14,,MP/1996/712,3,3,"J Nr 79 Warszawa, dnia 14 grudnia 1996"
MP,1996,80,1996-12-16,parser+ocr300,1996-12-16,text:warszawa,1996-12-16,,MP/1996/715,7,7,"J Nr 80 Warszawa, dnia 16 grudnia 1996"
MP,1996,81,1996-12-17,parser+ocr300,1996-12-17,text:warszawa,1996-12-17,,MP/1996/722,1,1," POLSKIEJ Warszawa, dnia 17 grudnia 1996"
MP,1996,82,1996-12-19,parser+ocr300,1996-12-19,text:warszawa,1996-12-19,,MP/1996/723,1,1," POLSKIEJ Warszawa, dnia 19 grudnia 1996"
MP,1996,83,1996-12-21,parser+ocr300,1996-12-21,text:warszawa,1996-12-21,,MP/1996/724,10,10," POLSKIEJ Warszawa, dnia 21 grudnia 1996"
MP,1996,84,,bez odczytu (do obrazu),,none,,,MP/1996/734,20,20,
MP,1996,85,1996-12-31,parser+ocr300,1996-12-31,text:warszawa,1996-12-31,,MP/1996/754,8,8," Nr 85*) Warszawa, dnia 31 grudnia 1996"
MP,1997,1,1997-01-13,parser+ocr300,1997-01-13,text:warszawa,1997-01-13,,MP/1997/1,9,9," POLSKIEJ Warszawa, dnia 13 stycznia 1997"
MP,1997,2,1997-01-20,parser+ocr300,1997-01-20,text:warszawa,1997-01-20,,MP/1997/10,5,5,"EJ Nr 2 Warszawa, dnia 20 stycznia 1997"
MP,1997,3,1997-01-21,parser+ocr300,1997-01-21,text:warszawa,1997-01-21,,MP/1997/15,13,13,"EJ Nr 3 Warszawa, dnia 21 stycznia 1997"
MP,1997,4,1997-01-28,parser+ocr300,1997-01-28,text:warszawa,1997-01-28,,MP/1997/28,5,5,"EJ Nr 4 Warszawa, dnia 28 stycznia 1997"
MP,1997,5,1997-02-03,parser+ocr300,1997-02-03,text:warszawa,1997-02-03,,MP/1997/33,11,11,"EJ Nr 5 Warszawa, dnia 3 lutego 1997"
MP,1997,6,1997-02-07,parser+ocr300,1997-02-07,text:warszawa,1997-02-07,,MP/1997/44,12,12,"EJ Nr 6 Warszawa, dnia 7 lutego 1997"
MP,1997,7,1997-02-13,parser+ocr300,1997-02-13,text:warszawa,1997-02-13,,MP/1997/56,4,4,"EJ Nr 7 Warszawa, dnia 13 lutego 1997"
MP,1997,8,1997-02-14,parser+ocr300,1997-02-14,text:warszawa,1997-02-14,,MP/1997/60,4,4,"EJ Nr 8 Warszawa, dnia 14 lutego 1997"
MP,1997,9,1997-02-18,parser+ocr300,1997-02-18,text:warszawa,1997-02-18,,MP/1997/64,10,10,"EJ Nr 9 Warszawa, dnia 18 lutego 1997"
MP,1997,10,1997-02-19,parser+ocr300,1997-02-19,text:warszawa,1997-02-19,,MP/1997/74,1,1,"J Nr 10 Warszawa, dnia 19 lutego 1997"
MP,1997,11,1997-02-21,parser+ocr300,1997-02-21,text:warszawa,1997-02-21,,MP/1997/75,12,12,"J Nr 11 Warszawa, dnia 21 lutego 1997"
MP,1997,12,1997-02-28,parser+ocr300,1997-02-28,text:warszawa,1997-02-28,,MP/1997/87,17,17,"J Nr 12 Warszawa, dnia 28 lutego 1997"
MP,1997,13,,bez odczytu (do obrazu),,none,,,MP/1997/104,14,14,
MP,1997,14,1997-03-05,parser+ocr300,1997-03-05,text:warszawa,1997-03-05,,MP/1997/118,23,23,"J Nr 14 Warszawa, dnia 5 marca 1997"
MP,1997,15,1997-03-10,parser+ocr300,1997-03-10,text:warszawa,1997-03-10,,MP/1997/141,5,5,"J Nr 15 Warszawa, dnia 10 marca 1997"
MP,1997,16,1997-03-17,parser+ocr300,1997-03-17,text:warszawa,1997-03-17,,MP/1997/146,13,13,"J Nr 16 Warszawa, dnia 17 marca 1997"
MP,1997,17,1997-03-21,parser+ocr300,1997-03-21,ocr:warszawa,1997-03-21,,MP/1997/159,9,9,"POLSKIEJ Warszawa, dnia 21 marca 1997"
MP,1997,18,1997-03-28,parser+ocr300,1997-03-28,text:warszawa,1997-03-28,,MP/1997/168,9,9," Nr '18 Warszawa, dnia 28 marca 1997"
MP,1997,19,1997-04-08,parser+ocr300,1997-04-08,text:warszawa,1997-04-08,,MP/1997/177,19,19,"J Nr 19 Warszawa, dnia 8 kwietnia 1997"
MP,1997,20,1997-04-09,parser+ocr300,1997-04-09,text:warszawa,1997-04-09,,MP/1997/196,9,9,"J Nr 20 Warszawa, dnia 9 kwietnia 1997"
MP,1997,21,1997-04-15,obraz+parser,1997-04-15,text:warszawa,1997-04-15,1997-04-15,MP/1997/205,9,9,"J Nr 21 Warszawa, dnia 15 kwietnia 1997"
MP,1997,22,1997-04-16,parser+ocr300,1997-04-16,text:warszawa,1997-04-16,,MP/1997/214,3,3,"J Nr 22 Warszawa, dnia 16 kwietnia 1997"
MP,1997,23,,bez odczytu (do obrazu),,none,,,MP/1997/217,15,15,
MP,1997,24,1997-04-23,parser+ocr300,1997-04-23,text:warszawa,1997-04-23,,MP/1997/232,7,7,"J Nr 24 Warszawa, dnia 23 kwietnia 1997"
MP,1997,25,1997-04-26,parser+ocr300,1997-04-26,text:warszawa,1997-04-26,,MP/1997/239,4,4,"J Nr 25 Warszawa, dnia 26 kwietnia 1997"
MP,1997,26,1997-04-28,parser+ocr300,1997-04-28,text:warszawa,1997-04-28,,MP/1997/243,7,7,"J Nr 26 Warszawa, dnia 28 kwietnia 1997"
MP,1997,27,1997-04-30,parser+ocr300,1997-04-30,text:warszawa,1997-04-30,,MP/1997/250,8,8,"J Nr 27 Warszawa, dnia 30 kwietnia 1997"
MP,1997,28,1997-05-07,parser+ocr300,1997-05-07,text:warszawa,1997-05-07,,MP/1997/258,8,8,"J Nr 28 Warszawa, dnia 7 maja 1997"
MP,1997,29,,bez odczytu (do obrazu),,none,,,MP/1997/266,16,16,
MP,1997,30,,bez odczytu (do obrazu),,none,,,MP/1997/282,12,12,
MP,1997,31,1997-05-23,parser+ocr300,1997-05-23,text:warszawa,1997-05-23,,MP/1997/294,13,13,"J Nr 31 Warszawa, dnia 23 maja 1997"
MP,1997,32,1997-05-27,parser+ocr300,1997-05-27,text:warszawa,1997-05-27,,MP/1997/307,6,6,"J Nr 32 Warszawa, dnia 27 maja 1997"
MP,1997,33,1997-05-28,parser+ocr300,1997-05-28,text:warszawa,1997-05-28,,MP/1997/313,9,9,"J Nr 33 Warszawa, dnia 28 maja 1997"
MP,1997,34,1997-06-10,parser+ocr300,1997-06-10,text:warszawa,1997-06-10,,MP/1997/322,12,12,"J Nr 34 Warszawa, dnia 10 czerwca 1997"
MP,1997,35,1997-06-14,parser+ocr300,1997-06-14,text:warszawa,1997-06-14,,MP/1997/334,6,6,"J Nr 35 Warszawa, dnia 14 czerwca 1997"
MP,1997,36,,bez odczytu (do obrazu),,none,,,MP/1997/340,19,19,
MP,1997,37,1997-06-27,parser+ocr300,1997-06-27,text:warszawa,1997-06-27,,MP/1997/359,11,11," POLSKIEJ Warszawa, dnia 27 czerwca 1997"
MP,1997,38,1997-06-30,parser+ocr300,1997-06-30,ocr:warszawa,1997-06-30,,MP/1997/370,13,13,"POLSKIEJ Warszawa, dnia 30 czerwca 1997"
MP,1997,39,1997-07-04,parser+ocr300,1997-07-04,text:warszawa,1997-07-04,,MP/1997/383,20,20,"J Nr 39 Warszawa, dnia 4 lipca 1997"
MP,1997,40,,bez odczytu (do obrazu),,none,,,MP/1997/403,15,15,
MP,1997,41,1997-07-14,parser+ocr300,1997-07-14,text:warszawa,1997-07-14,,MP/1997/418,5,5,"J Nr 41 Warszawa, dnia 14 lipca 1997"
MP,1997,42,1997-07-16,parser+ocr300,1997-07-16,text:warszawa,1997-07-16,,MP/1997/423,3,3,"J Nr 42 Warszawa, dnia 16 lipca 1997"
MP,1997,43,1997-07-18,parser+ocr300,1997-07-18,text:warszawa,1997-07-18,,MP/1997/426,3,3," POLSKIEJ Warszawa, dnia 18 lipca 1997"
MP,1997,44,1997-07-21,parser+ocr300,1997-07-21,text:warszawa,1997-07-21,,MP/1997/429,13,13,"J Nr 44 Warszawa, dnia 21 lipca 1997"
MP,1997,45,1997-07-23,parser+ocr300,1997-07-23,text:warszawa,1997-07-23,,MP/1997/442,5,5,"J Nr 45 Warszawa, dnia 23 lipca 1997"
MP,1997,46,1997-07-29,parser+ocr300,1997-07-29,text:warszawa,1997-07-29,,MP/1997/447,9,9,"J Nr 46 Warszawa, dnia 29 lipca 1997"
MP,1997,47,1997-08-01,parser+ocr300,1997-08-01,text:warszawa,1997-08-01,,MP/1997/456,6,6,"J Nr 47 Warszawa, dnia 1 sierpnia 1997"
MP,1997,48,1997-08-07,parser+ocr300,1997-08-07,text:warszawa,1997-08-07,,MP/1997/462,8,8,"J Nr 48 Warszawa, dnia 7 sierpnia 1997"
MP,1997,49,1997-08-08,parser+ocr300,1997-08-08,text:warszawa,1997-08-08,,MP/1997/470,4,4,"J Nr 49 Warszawa, dnia 8 sierpnia 1997"
MP,1997,50,1997-08-13,parser+ocr300,1997-08-13,text:warszawa,1997-08-13,,MP/1997/474,10,10,"J Nr 50 Warszawa, dnia 13 sierpnia 1997"
MP,1997,51,1997-08-18,parser+ocr300,1997-08-18,text:warszawa,1997-08-18,,MP/1997/484,3,3,"J Nr 51 Warszawa, dnia 18 sierpnia 1997"
MP,1997,52,1997-08-22,parser+ocr300,1997-08-22,text:warszawa,1997-08-22,,MP/1997/487,14,14,"J Nr 52 Warszawa, dnia 22 sierpnia 1997"
MP,1997,53,1997-08-27,parser+ocr300,1997-08-27,text:warszawa,1997-08-27,,MP/1997/501,11,11,"J Nr 53 Warszawa, dnia 27 sierpnia 1997"
MP,1997,54,1997-09-04,obraz+parser,1997-09-04,text:warszawa,1997-09-04,1997-09-04,MP/1997/512,7,7,"J Nr 54 Warszawa, dnia 4 września 1997"
MP,1997,55,1997-09-05,parser+ocr300,1997-09-05,text:warszawa,1997-09-05,,MP/1997/519,4,4,"J Nr 55 Warszawa, dnia 5 września 1997"
MP,1997,56,1997-09-08,parser+ocr300,1997-09-08,text:warszawa,1997-09-08,,MP/1997/523,27,27,"J Nr 56 Warszawa, dnia 8 września 1997"
MP,1997,57,1997-09-09,parser+ocr300,1997-09-09,text:warszawa,1997-09-09,,MP/1997/550,8,8," POLSKIEJ Warszawa, dnia 9 września 1997"
MP,1997,58,1997-09-12,parser+ocr300,1997-09-12,text:warszawa,1997-09-12,,MP/1997/558,6,6," POLSKIEJ Warszawa, dnia 12 września 1997"
MP,1997,59,1997-09-18,parser+ocr300,1997-09-18,text:warszawa,1997-09-18,,MP/1997/564,11,11,"J Nr 59 Warszawa, dnia 18 września 1997"
MP,1997,60,1997-09-19,parser+ocr300,1997-09-19,text:warszawa,1997-09-19,,MP/1997/575,12,12,"J Nr 60 Warszawa, dnia 19 września 1997"
MP,1997,61,1997-09-24,parser+ocr300,1997-09-24,text:warszawa,1997-09-24,,MP/1997/587,5,5,"J Nr 61 Warszawa, dnia 24 września 1997"
MP,1997,62,1997-09-25,parser+ocr300,1997-09-25,text:warszawa,1997-09-25,,MP/1997/592,18,18,"J Nr 62 Warszawa, dnia 25 września 1997"
MP,1997,63,1997-09-26,parser+ocr300,1997-09-26,text:warszawa,1997-09-26,,MP/1997/610,10,10," POLSKIEJ Warszawa, dnia 26 września 1997"
MP,1997,64,1997-09-30,parser+ocr300,1997-09-30,text:warszawa,1997-09-30,,MP/1997/620,2,2," POLSKIEJ Warszawa, dnia 30 września 1997"
MP,1997,65,1997-10-01,parser+ocr300,1997-10-01,text:warszawa,1997-10-01,,MP/1997/622,21,21,"J Nr 65 Warszawa, dnia 1 października 1997"
MP,1997,66,1997-10-02,parser+ocr300,1997-10-02,text:warszawa,1997-10-02,,MP/1997/643,11,11,"J Nr 66 Warszawa, dnia 2 października 1997"
MP,1997,67,1997-10-03,parser+ocr300,1997-10-03,text:warszawa,1997-10-03,,MP/1997/654,11,11,"J Nr 67 Warszawa, dnia 3 października 1997"
MP,1997,68,1997-10-06,parser+ocr300,1997-10-06,text:warszawa,1997-10-06,,MP/1997/665,8,8," POLSKIEJ Warszawa, dnia 6 października 1997"
MP,1997,69,1997-10-07,parser+ocr300,1997-10-07,text:warszawa,1997-10-07,,MP/1997/673,15,15," POLSKIEJ Warszawa, dnia 7 października 1997"
MP,1997,70,1997-10-08,parser+ocr300,1997-10-08,text:warszawa,1997-10-08,,MP/1997/688,1,1," POLSKIEJ Warszawa, dnia 8 października 1997"
MP,1997,71,1997-10-09,parser+ocr300,1997-10-09,text:warszawa,1997-10-09,,MP/1997/689,1,1," POLSKIEJ Warszawa, dnia 9 października 1997"
MP,1997,72,1997-10-10,parser+ocr300,1997-10-10,text:warszawa,1997-10-10,,MP/1997/690,1,1," POLSKIEJ Warszawa, dnia 10 października 1997"
MP,1997,73,1997-10-11,parser+ocr300,1997-10-11,text:warszawa,1997-10-11,,MP/1997/691,10,10," POLSKIEJ Warszawa, dnia 11 października 1997"
MP,1997,74,1997-10-13,parser+ocr300,1997-10-13,text:warszawa,1997-10-13,,MP/1997/701,1,1," POLSKIEJ Warszawa, dnia 13 października 1997"
MP,1997,75,1997-10-14,parser+ocr300,1997-10-14,text:warszawa,1997-10-14,,MP/1997/702,2,2," POLSKIEJ Warszawa, dnia 14 października 1997"
MP,1997,76,,bez odczytu (do obrazu),,none,,,MP/1997/704,22,22,
MP,1997,77,1997-10-16,parser+ocr300,1997-10-16,text:warszawa,1997-10-16,,MP/1997/726,12,12,"POLSKIEJ Warszawa, dnia 16 października 1997"
MP,1997,78,,bez odczytu (do obrazu),,none,,,MP/1997/738,24,24,
MP,1997,79,1997-10-22,parser+ocr300,1997-10-22,text:warszawa,1997-10-22,,MP/1997/762,14,14,"J Nr 79 Warszawa, dnia 22 października 1997"
MP,1997,80,1997-10-31,parser+ocr300,1997-10-31,text:warszawa,1997-10-31,,MP/1997/776,10,10," POLSKIEJ Warszawa, dnia 31 października 1997"
MP,1997,81,1997-11-07,parser+ocr300,1997-11-07,text:warszawa,1997-11-07,,MP/1997/786,3,3,"J Nr 81 Warszawa, dnia 7 listopada 1997"
MP,1997,82,,bez odczytu (do obrazu),,none,,,MP/1997/789,20,20,
MP,1997,83,1997-11-28,parser+ocr300,1997-11-28,text:warszawa,1997-11-28,,MP/1997/809,18,18," POLSKIEJ Warszawa, dnia 28 listopada 1997"
MP,1997,84,1997-12-04,parser+ocr300,1997-12-04,text:warszawa,1997-12-04,,MP/1997/827,23,23,"J Nr 84 Warszawa, dnia 4 grudnia 1997"
MP,1997,85,1997-12-18,parser+ocr300,1997-12-18,text:warszawa,1997-12-18,,MP/1997/850,12,12," POLSKIEJ Warszawa, dnia 18 grudnia 1997"
MP,1997,86,1997-12-31,parser+ocr300,1997-12-31,text:warszawa,1997-12-31,,MP/1997/862,16,16," Nr 86*) Warszawa, dnia 31 grudnia 1997"
MP,1998,1,1998-01-15,parser+ocr300,1998-01-15,text:warszawa,1998-01-15,,MP/1998/1,32,32,"EJ Nr 1 Warszawa, dnia 15 stycznia 1998"
MP,1998,2,1998-01-17,parser+ocr300,1998-01-17,text:warszawa,1998-01-17,,MP/1998/33,2,2,"EJ Nr 2 Warszawa, dnia 17 stycznia 1998"
MP,1998,3,1998-01-22,parser+ocr300,1998-01-22,text:warszawa,1998-01-22,,MP/1998/35,11,11,"EJ Nr 3 Warszawa, dnia 22 stycznia 1998"
MP,1998,4,1998-01-26,parser+ocr300,1998-01-26,text:warszawa,1998-01-26,,MP/1998/46,6,6,"EJ Nr 4 Warszawa, dnia 26 stycznia 1998"
MP,1998,5,1998-02-18,parser+ocr300,1998-02-18,text:warszawa,1998-02-18,,MP/1998/52,43,43,"EJ Nr 5 Warszawa, dnia 18 lutego 1998"
MP,1998,6,,bez odczytu (do obrazu),,none,,,MP/1998/95,52,52,
MP,1998,7,1998-03-12,parser+ocr300,1998-03-12,text:warszawa,1998-03-12,,MP/1998/147,16,16,"EJ Nr 7 Warszawa, dnia 12 marca 1998"
MP,1998,8,1998-03-20,parser+ocr300,1998-03-20,text:warszawa,1998-03-20,,MP/1998/163,11,11,"EJ Nr 8 Warszawa, dnia 20 marca 1998"
MP,1998,9,1998-03-27,parser+ocr300,1998-03-27,text:warszawa,1998-03-27,,MP/1998/174,7,7,"EJ Nr 9 Warszawa, dnia 27 marca 1998"
MP,1998,10,1998-04-07,parser+ocr300,1998-04-07,text:warszawa,1998-04-07,,MP/1998/181,7,7,"J Nr 10 Warszawa, dnia 7 kwietnia 1998"
MP,1998,11,1998-04-23,parser+ocr300,1998-04-23,text:warszawa,1998-04-23,,MP/1998/188,12,12,"J Nr 11 Warszawa, dnia 23 kwietnia 1998"
MP,1998,12,1998-04-29,parser+ocr300,1998-04-29,text:warszawa,1998-04-29,,MP/1998/200,6,6,"J Nr 12 Warszawa, dnia 29 kwietnia 1998"
MP,1998,13,1998-05-14,parser+ocr300,1998-05-14,text:warszawa,1998-05-14,,MP/1998/206,1,1,"J Nr 13 Warszawa, dnia 14 maja 1998"
MP,1998,14,1998-05-19,parser+ocr300,1998-05-19,text:warszawa,1998-05-19,,MP/1998/207,13,13,"J Nr 14 Warszawa, dnia 19 maja 1998"
MP,1998,15,1998-05-27,parser+ocr300,1998-05-27,text:warszawa,1998-05-27,,MP/1998/220,10,10,"J Nr 15 Warszawa, dnia 27 maja 1998"
MP,1998,16,1998-06-03,parser+ocr300,1998-06-03,text:warszawa,1998-06-03,,MP/1998/230,25,25,"J Nr 16 Warszawa, dnia 3 czerwca 1998"
MP,1998,17,1998-06-09,parser+ocr300,1998-06-09,text:warszawa,1998-06-09,,MP/1998/255,6,6,"J Nr 17 Warszawa, dnia 9 czerwca 1998"
MP,1998,18,1998-06-18,obraz+parser,1998-06-18,text:warszawa,1998-06-18,1998-06-18,MP/1998/261,22,22,"J Nr 18 Warszawa, dnia 18 czerwca 1998"
MP,1998,19,1998-06-20,parser+ocr300,1998-06-20,text:warszawa,1998-06-20,,MP/1998/283,4,4,"J Nr 19 Warszawa, dnia 20 czerwca 1998"
MP,1998,20,1998-06-25,parser+ocr300,1998-06-25,text:warszawa,1998-06-25,,MP/1998/287,26,26,"J Nr 20 Warszawa, dnia 25 czerwca 1998"
MP,1998,21,1998-06-30,parser+ocr300,1998-06-30,text:warszawa,1998-06-30,,MP/1998/313,11,11,"J Nr 21 Warszawa, dnia 30 czerwca 1998"
MP,1998,22,1998-07-07,parser+ocr300,1998-07-07,text:warszawa,1998-07-07,,MP/1998/324,8,8,"J Nr 22 Warszawa, dnia 7 lipca 1998"
MP,1998,23,1998-07-17,parser+ocr300,1998-07-17,text:warszawa,1998-07-17,,MP/1998/332,6,6,"J Nr 23 Warszawa, dnia 17 lipca 1998"
MP,1998,24,,bez odczytu (do obrazu),,none,,,MP/1998/338,24,24,
MP,1998,25,1998-07-31,parser+ocr300,1998-07-31,text:warszawa,1998-07-31,,MP/1998/362,13,13,"J Nr 25 Warszawa, dnia 31 lipca 1998"
MP,1998,26,1998-08-18,parser+ocr300,1998-08-18,text:warszawa,1998-08-18,,MP/1998/375,9,9,"J Nr 26 Warszawa, dnia 18 sierpnia 1998"
MP,1998,27,1998-08-20,parser+ocr300,1998-08-20,text:warszawa,1998-08-20,,MP/1998/384,6,6,"J Nr 27 Warszawa, dnia 20 sierpnia 1998"
MP,1998,28,1998-08-27,parser+ocr300,1998-08-27,text:warszawa,1998-08-27,,MP/1998/390,15,15,"J Nr 28 Warszawa, dnia 27 sierpnia 1998"
MP,1998,29,1998-09-02,parser+ocr300,1998-09-02,text:warszawa,1998-09-02,,MP/1998/405,8,8,"J Nr 29 Warszawa, dnia 2 września 1998"
MP,1998,30,1998-09-18,parser+ocr300,1998-09-18,text:warszawa,1998-09-18,,MP/1998/413,20,20,"J Nr 30 Warszawa, dnia 18 września 1998"
MP,1998,31,1998-09-25,parser+ocr300,1998-09-25,text:warszawa,1998-09-25,,MP/1998/433,21,21," POLSKIEJ Warszawa, dnia 25 września 1998"
MP,1998,32,1998-10-02,parser+ocr300,1998-10-02,text:warszawa,1998-10-02,,MP/1998/454,26,26,"J Nr 32 Warszawa, dnia 2 października 1998"
MP,1998,33,1998-10-05,parser+ocr300,1998-10-05,text:warszawa,1998-10-05,,MP/1998/480,2,2," N r 33 Warszawa, dnia 5 października 1998"
MP,1998,34,1998-10-07,parser+ocr300,1998-10-07,text:warszawa,1998-10-07,,MP/1998/482,10,10,"J Nr 34 Warszawa, dnia 7 października 1998"
MP,1998,35,1998-10-09,parser+ocr300,1998-10-09,text:warszawa,1998-10-09,,MP/1998/492,2,2," POLSKIEJ Warszawa, dnia 9 października 1998"
MP,1998,36,,bez odczytu (do obrazu),,none,,,MP/1998/494,22,22,
MP,1998,37,1998-10-23,parser+ocr300,1998-10-23,text:warszawa,1998-10-23,,MP/1998/516,3,3,"J Nr 37 Warszawa, dnia 23 października 1998"
MP,1998,38,1998-10-30,parser+ocr300,1998-10-30,text:warszawa,1998-10-30,,MP/1998/519,7,7,"J Nr 38 Warszawa, dnia 30 października 1998"
MP,1998,39,1998-11-05,parser+ocr300,1998-11-05,text:warszawa,1998-11-05,,MP/1998/526,25,25,"J Nr 39 Warszawa, dnia 5 listopada 1998"
MP,1998,40,1998-11-12,parser+ocr300,1998-11-12,text:warszawa,1998-11-12,,MP/1998/551,4,4,"J Nr 40 Warszawa, dnia 12 listopada 1998"
MP,1998,41,,bez odczytu (do obrazu),,none,,,MP/1998/555,26,26,
MP,1998,42,1998-11-30,parser+ocr300,1998-11-30,text:warszawa,1998-11-30,,MP/1998/581,27,27,"J Nr 42 Warszawa, dnia 30 listopada 1998"
MP,1998,43,1998-12-08,parser+ocr300,1998-12-08,text:warszawa,1998-12-08,,MP/1998/608,10,10,"J Nr 43 Warszawa, dnia 8 grudnia 1998"
MP,1998,44,1998-12-15,parser+ocr300,1998-12-15,text:warszawa,1998-12-15,,MP/1998/618,5,5," POLSKIEJ Warszawa, dnia 15 grudnia 1998"
MP,1998,45,,bez odczytu (do obrazu),,none,,,MP/1998/623,23,23,
MP,1998,46,1998-12-31,parser+ocr300,1998-12-31,text:warszawa,1998-12-31,,MP/1998/646,13,13," Nr 46*) Warszawa, dnia 31 grudnia 1998"
MP,1999,1,1999-01-01,parser+ocr300,1999-01-01,text:warszawa,1999-01-01,,MP/1999/1,4,4," POLSKIEJ Warszawa, dnia 1 stycznia 1999"
MP,1999,2,1999-01-12,parser+ocr300,1999-01-12,text:warszawa,1999-01-12,,MP/1999/5,7,7,"EJ Nr 2 Warszawa, dnia 12 stycznia 1999"
MP,1999,3,1999-01-15,parser+ocr300,1999-01-15,text:warszawa,1999-01-15,,MP/1999/12,3,3,"EJ Nr 3 Warszawa, dnia 15 stycznia 1999"
MP,1999,4,,bez odczytu (do obrazu),,none,,,MP/1999/15,21,21,
MP,1999,5,1999-02-16,parser+ocr300,1999-02-16,text:warszawa,1999-02-16,,MP/1999/36,28,28,"IEJ Nr5 Warszawa, dnia 16 lutego 1999"
MP,1999,6,1999-02-25,obraz+parser,1999-02-25,text:warszawa,1999-02-25,1999-02-25,MP/1999/64,15,15,"EJ Nr 6 Warszawa, dnia 25 lutego 1999"
MP,1999,7,1999-03-02,parser+ocr300,1999-03-02,text:warszawa,1999-03-02,,MP/1999/79,17,17," POLSKIEJ Warszawa, dnia 2 marca 1999"
MP,1999,8,1999-03-11,parser+ocr300,1999-03-11,text:warszawa,1999-03-11,,MP/1999/96,23,23,"EJ Nr 8 Warszawa, dnia 11 marca 1999"
MP,1999,9,1999-03-15,parser+ocr300,1999-03-15,text:warszawa,1999-03-15,,MP/1999/119,11,10,"EJ Nr 9 Warszawa, dnia 15 marca 1999"
MP,1999,10,1999-03-23,parser+ocr300,1999-03-23,text:warszawa,1999-03-23,,MP/1999/130,20,20,"J Nr 10 Warszawa, dnia 23 marca 1999"
MP,1999,11,1999-03-31,parser+ocr300,1999-03-31,text:warszawa,1999-03-31,,MP/1999/150,16,16,"J Nr 11 Warszawa, dnia 31 marca 1999"
MP,1999,12,1999-04-14,parser+ocr300,1999-04-14,text:warszawa,1999-04-14,,MP/1999/166,8,8," POLSKIEJ Warszawa, dnia 14 kwietnia 1999"
MP,1999,13,1999-04-15,parser+ocr300,1999-04-15,text:warszawa,1999-04-15,,MP/1999/174,8,8,"J Nr 13 Warszawa, dnia 15 kwietnia 1999"
MP,1999,14,1999-04-20,parser+ocr300,1999-04-20,text:warszawa,1999-04-20,,MP/1999/182,14,14," POLSKIEJ Warszawa, dnia 20 kwietnia 1999"
MP,1999,15,,bez odczytu (do obrazu),,none,,,MP/1999/196,22,22,
MP,1999,16,1999-05-06,parser+ocr300,1999-05-06,text:warszawa,1999-05-06,,MP/1999/218,10,10,"J Nr 16 Warszawa, dnia 6 maja 1999"
MP,1999,17,1999-05-19,parser+ocr300,1999-05-19,text:warszawa,1999-05-19,,MP/1999/228,13,13,"J Nr 17 Warszawa, dnia 19 maja 1999"
MP,1999,18,,bez odczytu (do obrazu),,none,,,MP/1999/241,21,21,
MP,1999,19,1999-06-01,parser+ocr300,1999-06-01,text:warszawa,1999-06-01,,MP/1999/262,2,2," POLSKIEJ Warszawa, dnia 1 czerwca 1999"
MP,1999,20,1999-06-10,parser+ocr300,1999-06-10,text:warszawa,1999-06-10,,MP/1999/264,33,33," POLSKIEJ Warszawa, dnia 10 czerwca 1999"
MP,1999,21,1999-06-15,parser+ocr300,1999-06-15,text:warszawa,1999-06-15,,MP/1999/297,11,11,"J Nr 21 Warszawa, dnia 15 czerwca 1999"
MP,1999,22,1999-06-21,parser+ocr300,1999-06-21,text:warszawa,1999-06-21,,MP/1999/308,22,22," POLSKIEJ Warszawa, dnia 21 czerwca 1999"
MP,1999,23,1999-06-29,parser+ocr300,1999-06-29,text:warszawa,1999-06-29,,MP/1999/330,13,13,"J Nr 23 Warszawa, dnia 29 czerwca 1999"
MP,1999,24,1999-07-14,parser+ocr300,1999-07-14,text:warszawa,1999-07-14,,MP/1999/343,22,22,"J Nr 24 Warszawa, dnia 14 lipca 1999"
MP,1999,25,1999-07-19,parser+ocr300,1999-07-19,text:warszawa,1999-07-19,,MP/1999/365,25,25,"J Nr 25 Warszawa, dnia 19 lipca 1999"
MP,1999,26,1999-07-30,parser+ocr300,1999-07-30,text:warszawa,1999-07-30,,MP/1999/390,18,18,"J Nr 26 Warszawa, dnia 30 lipca 1999"
MP,1999,27,1999-08-19,parser+ocr300,1999-08-19,text:warszawa,1999-08-19,,MP/1999/408,17,17," N r 27 Warszawa, dnia 19 sierpnia 1999"
MP,1999,28,1999-08-31,parser+ocr300,1999-08-31,text:warszawa,1999-08-31,,MP/1999/425,16,16," POLSKIEJ Warszawa, dnia 31 sierpnia 1999"
MP,1999,29,1999-09-10,parser+ocr300,1999-09-10,text:warszawa,1999-09-10,,MP/1999/441,15,15,"J Nr 29 Warszawa, dnia 10 września 1999"
MP,1999,30,1999-09-24,parser+ocr300,1999-09-24,text:warszawa,1999-09-24,,MP/1999/456,11,11,"J Nr 30 Warszawa, dnia 24 września 1999"
MP,1999,31,1999-09-30,parser+ocr300,1999-09-30,text:warszawa,1999-09-30,,MP/1999/467,24,24,"J Nr 31 Warszawa, dnia 30 września 1999"
MP,1999,32,1999-10-18,parser+ocr300,1999-10-18,text:warszawa,1999-10-18,,MP/1999/491,9,9," POLSKIEJ Warszawa, dnia 18 października 1999"
MP,1999,33,,bez odczytu (do obrazu),,none,,,MP/1999/500,22,22,
MP,1999,34,1999-11-02,parser+ocr300,1999-11-02,text:warszawa,1999-11-02,,MP/1999/522,10,10,"J Nr 34 Warszawa, dnia 2 listopada 1999"
MP,1999,35,1999-11-10,parser+ocr300,1999-11-10,text:warszawa,1999-11-10,,MP/1999/532,6,6,"J Nr 35 Warszawa, dnia 10 listopada 1999"
MP,1999,36,,bez odczytu (do obrazu),,none,,,MP/1999/538,17,17,
MP,1999,37,1999-11-30,parser+ocr300,1999-11-30,text:warszawa,1999-11-30,,MP/1999/555,16,16,"J Nr 37 Warszawa, dnia 30 listopada 1999"
MP,1999,38,1999-12-09,parser+ocr300,1999-12-09,text:warszawa,1999-12-09,,MP/1999/571,18,18," POLSKIEJ Warszawa, dnia 9 grudnia 1999"
MP,1999,39,1999-12-14,parser+ocr300,1999-12-14,text:warszawa,1999-12-14,,MP/1999/589,11,11,"J Nr 39 Warszawa, dnia 14 grudnia 1999"
MP,1999,40,,bez odczytu (do obrazu),,none,,,MP/1999/600,20,20,
MP,1999,41,1999-12-31,parser+ocr300,1999-12-31,text:warszawa,1999-12-31,,MP/1999/620,22,22,"Nr 41 *) Warszawa, dnia 31 grudnia 1999"
MP,2000,1,2000-01-14,parser+ocr300,2000-01-14,text:warszawa,2000-01-14,,MP/2000/1,9,9,"EJ Nr 1 Warszawa, dnia 14 stycznia 2000"
MP,2000,2,,bez odczytu (do obrazu),,none,,,MP/2000/10,42,42,
MP,2000,3,2000-02-01,parser+ocr300,2000-02-01,text:warszawa,2000-02-01,,MP/2000/52,6,6," POLSKIEJ Warszawa, dnia 1 lutego 2000"
MP,2000,4,2000-02-08,parser+ocr300,2000-02-08,text:warszawa,2000-02-08,,MP/2000/58,11,11,"EJ Nr 4 Warszawa, dnia 8 lutego 2000"
MP,2000,5,,bez odczytu (do obrazu),,none,,,MP/2000/69,55,55,
MP,2000,6,,bez odczytu (do obrazu),,none,,,MP/2000/124,37,37,
MP,2000,7,2000-02-29,obraz+parser,2000-02-29,text:warszawa,2000-02-29,2000-02-29,MP/2000/161,9,9," POLSKIEJ Warszawa, dnia 29 lutego 2000"
MP,2000,8,2000-03-10,parser+ocr300,2000-03-10,text:warszawa,2000-03-10,,MP/2000/170,7,7,"EJ Nr 8 Warszawa, dnia 10 marca 2000"
MP,2000,9,,bez odczytu (do obrazu),,none,,,MP/2000/177,16,16,
MP,2000,10,2000-04-04,parser+ocr300,2000-04-04,text:warszawa,2000-04-04,,MP/2000/193,5,5,"J Nr 10 Warszawa, dnia 4 kwietnia 2000"
MP,2000,11,,bez odczytu (do obrazu),,none,,,MP/2000/198,43,43,
MP,2000,12,2000-04-21,parser+ocr300,2000-04-21,text:warszawa,2000-04-21,,MP/2000/241,14,14,"J Nr 12 Warszawa, dnia 21 kwietnia 2000"
MP,2000,13,,bez odczytu (do obrazu),,none,,,MP/2000/255,29,29,
MP,2000,14,,bez odczytu (do obrazu),,none,,,MP/2000/284,41,41,
MP,2000,15,,bez odczytu (do obrazu),,none,,,MP/2000/325,27,27,
MP,2000,16,2000-06-09,parser+ocr300,2000-06-09,text:warszawa,2000-06-09,,MP/2000/352,7,7,"J Nr 16 Warszawa, dnia 9 czerwca 2000"
MP,2000,17,,bez odczytu (do obrazu),,none,,,MP/2000/359,36,36,
MP,2000,18,2000-06-30,parser+ocr300,2000-06-30,text:warszawa,2000-06-30,,MP/2000/395,6,6," POLSKIEJ Warszawa, dnia 30 czerwca 2000"
MP,2000,19,2000-07-03,parser+ocr300,2000-07-03,text:warszawa,2000-07-03,,MP/2000/401,8,8,"J Nr 19 Warszawa, dnia 3 lipca 2000"
MP,2000,20,,bez odczytu (do obrazu),,none,,,MP/2000/409,19,19,
MP,2000,21,2000-07-13,parser+ocr300,2000-07-13,text:warszawa,2000-07-13,,MP/2000/428,20,20,"J Nr 21 Warszawa, dnia 13 lipca 2000"
MP,2000,22,,bez odczytu (do obrazu),,none,,,MP/2000/448,22,21,
MP,2000,23,,bez odczytu (do obrazu),,none,,,MP/2000/0230469,23,23,
MP,2000,24,,bez odczytu (do obrazu),,none,,,MP/2000/492,27,27,
MP,2000,25,,bez odczytu (do obrazu),,none,,,MP/2000/519,18,18,
MP,2000,26,2000-09-05,parser+ocr300,2000-09-05,text:warszawa,2000-09-05,,MP/2000/537,9,9,"J Nr 26 Warszawa, dnia 5 wrzeÊnia 2000"
MP,2000,27,2000-09-14,obraz+parser,2000-09-14,text:warszawa,2000-09-14,2000-09-14,MP/2000/546,11,11,"J Nr 27 Warszawa, dnia 14 wrzeÊnia 2000"
MP,2000,28,,bez odczytu (do obrazu),,none,,,MP/2000/557,36,36,
MP,2000,29,2000-09-29,parser+ocr300,2000-09-29,text:warszawa,2000-09-29,,MP/2000/593,18,18," POLSKIEJ Warszawa, dnia 29 wrzeÊnia 2000"
MP,2000,30,2000-10-06,parser+ocr300,2000-10-06,ocr:warszawa,2000-10-06,,MP/2000/611,26,26,"POLSKIEJ Warszawa, dnia 6 października 2000"
MP,2000,31,2000-10-13,parser+ocr300,2000-10-13,text:warszawa,2000-10-13,,MP/2000/637,16,16," POLSKIEJ Warszawa, dnia 13 paêdziernika 2000"
MP,2000,32,2000-10-18,parser+ocr300,2000-10-18,text:warszawa,2000-10-18,,MP/2000/653,15,15," POLSKIEJ Warszawa, dnia 18 paêdziernika 2000"
MP,2000,33,,bez odczytu (do obrazu),,none,,,MP/2000/668,30,30,
MP,2000,34,2000-10-31,parser+ocr300,2000-10-31,text:warszawa,2000-10-31,,MP/2000/698,12,12," POLSKIEJ Warszawa, dnia 31 paêdziernika 2000"
MP,2000,35,2000-11-06,parser+ocr300,2000-11-06,text:warszawa,2000-11-06,,MP/2000/710,12,12," POLSKIEJ Warszawa, dnia 6 listopada 2000"
MP,2000,36,2000-11-13,parser+ocr300,2000-11-13,text:warszawa,2000-11-13,,MP/2000/722,9,9," POLSKIEJ Warszawa, dnia 13 listopada 2000"
MP,2000,37,2000-11-17,parser+ocr300,2000-11-17,text:warszawa,2000-11-17,,MP/2000/731,11,11,"J Nr 37 Warszawa, dnia 17 listopada 2000"
MP,2000,38,2000-11-24,parser+ocr300,2000-11-24,text:warszawa,2000-11-24,,MP/2000/742,10,10,"J Nr 38 Warszawa, dnia 24 listopada 2000"
MP,2000,39,,bez odczytu (do obrazu),,none,,,MP/2000/752,22,22,
MP,2000,40,2000-12-11,parser+ocr300,2000-12-11,text:warszawa,2000-12-11,,MP/2000/774,28,28," POLSKIEJ Warszawa, dnia 11 grudnia 2000"
MP,2000,41,2000-12-20,parser+ocr300,2000-12-20,text:warszawa,2000-12-20,,MP/2000/802,1,1," POLSKIEJ Warszawa, dnia 20 grudnia 2000"
MP,2000,42,,bez odczytu (do obrazu),,none,,,MP/2000/803,28,28,
MP,2000,43,,bez odczytu (do obrazu),,none,,,MP/2000/831,28,27,
MP,2001,1,2001-01-12,parser+ocr300,2001-01-12,text:warszawa,2001-01-12,,MP/2001/1,23,23,"EJ Nr 1 Warszawa, dnia 12 stycznia 2001"
MP,2001,2,,bez odczytu (do obrazu),,none,,,MP/2001/24,41,41,
MP,2001,3,2001-01-31,parser+ocr300,2001-01-31,text:warszawa,2001-01-31,,MP/2001/65,7,7,"EJ Nr 3 Warszawa, dnia 31 stycznia 2001"
MP,2001,4,2001-02-08,obraz+parser,2001-02-08,text:warszawa,2001-02-08,2001-02-08,MP/2001/72,12,12,"EJ Nr 4 Warszawa, dnia 8 lutego 2001"
MP,2001,5,2001-02-13,parser+ocr300,2001-02-13,text:warszawa,2001-02-13,,MP/2001/84,13,13,"EJ Nr 5 Warszawa, dnia 13 lutego 2001"
MP,2001,6,,bez odczytu (do obrazu),,none,,,MP/2001/97,12,11,
MP,2001,7,,bez odczytu (do obrazu),,none,,,MP/2001/109,16,16,
MP,2001,8,2001-03-08,obraz+parser,2001-03-08,text:warszawa,,2001-03-08,MP/2001/125,24,24," POLSKIEJ Warszawa, dnia 8 marca 2001"
MP,2001,9,2001-03-16,parser+ocr300,2001-03-16,text:warszawa,2001-03-16,,MP/2001/149,8,8,"EJ Nr 9 Warszawa, dnia 16 marca 2001"
MP,2001,10,2001-03-30,parser+ocr300,2001-03-30,text:warszawa,2001-03-30,,MP/2001/157,10,10,"J Nr 10 Warszawa, dnia 30 marca 2001"
MP,2001,11,,bez odczytu (do obrazu),,none,,,MP/2001/167,21,21,
MP,2001,12,2001-04-25,parser+ocr300,2001-04-25,text:warszawa,2001-04-25,,MP/2001/188,16,16,"J Nr 12 Warszawa, dnia 25 kwietnia 2001"
MP,2001,13,2001-05-04,parser+ocr300,2001-05-04,text:warszawa,2001-05-04,,MP/2001/204,15,15,"J Nr 13 Warszawa, dnia 4 maja 2001"
MP,2001,14,2001-05-11,parser+ocr300,2001-05-11,text:warszawa,2001-05-11,,MP/2001/219,22,22,"J Nr 14 Warszawa, dnia 11 maja 2001"
MP,2001,15,2001-05-18,parser+ocr300,2001-05-18,text:warszawa,2001-05-18,,MP/2001/241,8,8,"J Nr 15 Warszawa, dnia 18 maja 2001"
MP,2001,16,,bez odczytu (do obrazu),,none,,,MP/2001/249,23,23,
MP,2001,17,,bez odczytu (do obrazu),,none,,,MP/2001/272,26,26,
MP,2001,18,,bez odczytu (do obrazu),,none,,,MP/2001/298,16,16,
MP,2001,19,2001-06-20,parser+ocr300,2001-06-20,text:warszawa,2001-06-20,,MP/2001/314,6,6,"J Nr 19 Warszawa, dnia 20 czerwca 2001"
MP,2001,20,2001-06-26,parser+ocr300,2001-06-26,text:warszawa,2001-06-26,,MP/2001/320,7,7,"J Nr 20 Warszawa, dnia 26 czerwca 2001"
MP,2001,21,,bez odczytu (do obrazu),,none,,,MP/2001/327,31,31,
MP,2001,22,,bez odczytu (do obrazu),,none,,,MP/2001/358,36,36,
MP,2001,23,,bez odczytu (do obrazu),,none,,,MP/2001/395,18,18,
MP,2001,24,2001-08-07,parser+ocr300,2001-08-07,text:warszawa,2001-08-07,,MP/2001/413,9,9,"J Nr 24 Warszawa, dnia 7 sierpnia 2001"
MP,2001,25,2001-08-10,parser+ocr300,2001-08-10,text:warszawa,2001-08-10,,MP/2001/422,8,8,"J Nr 25 Warszawa, dnia 10 sierpnia 2001"
MP,2001,26,2001-08-16,parser+ocr300,2001-08-16,text:warszawa,2001-08-16,,MP/2001/430,3,3,"J Nr 26 Warszawa, dnia 16 sierpnia 2001"
MP,2001,27,,bez odczytu (do obrazu),,none,,,MP/2001/433,21,21,
MP,2001,28,,bez odczytu (do obrazu),,none,,,MP/2001/454,33,33,
MP,2001,29,2001-09-04,parser+ocr300,2001-09-04,text:warszawa,2001-09-04,,MP/2001/487,11,11,"J Nr 29 Warszawa, dnia 4 wrzeÊnia 2001"
MP,2001,30,2001-09-13,parser+ocr300,2001-09-13,text:warszawa,2001-09-13,,MP/2001/498,8,8,"J Nr 30 Warszawa, dnia 13 wrzeÊnia 2001"
MP,2001,31,2001-09-20,parser+ocr300,2001-09-20,text:warszawa,2001-09-20,,MP/2001/506,20,20,"J Nr 31 Warszawa, dnia 20 wrzeÊnia 2001"
MP,2001,32,2001-09-28,parser+ocr300,2001-09-28,text:warszawa,2001-09-28,,MP/2001/526,6,6,"J Nr 32 Warszawa, dnia 28 wrzeÊnia 2001"
MP,2001,33,,bez odczytu (do obrazu),,none,,,MP/2001/532,17,17,
MP,2001,34,2001-10-16,parser+ocr300,2001-10-16,text:warszawa,2001-10-16,,MP/2001/549,17,17,"J Nr 34 Warszawa, dnia 16 paêdziernika 2001"
MP,2001,35,2001-10-18,parser+ocr300,2001-10-18,text:warszawa,2001-10-18,,MP/2001/566,11,11,"J Nr 35 Warszawa, dnia 18 paêdziernika 2001"
MP,2001,36,2001-10-19,parser+ocr300,2001-10-19,text:warszawa,2001-10-19,,MP/2001/577,6,6,"J Nr 36 Warszawa, dnia 19 paêdziernika 2001"
MP,2001,37,2001-10-23,parser+ocr300,2001-10-23,text:warszawa,2001-10-23,,MP/2001/583,27,27,"J Nr 37 Warszawa, dnia 23 paêdziernika 2001"
MP,2001,38,2001-10-31,parser+ocr300,2001-10-31,text:warszawa,2001-10-31,,MP/2001/610,18,18,"J Nr 38 Warszawa, dnia 31 paêdziernika 2001"
